,Flat,2-Tier,3-Tier,4-Tier
Flat,"(np.float64(9.46), np.float64(9.46))","(np.float64(0.07), np.float64(8.59))","(np.float64(2.09), np.float64(6.75))","(np.float64(1.3), np.float64(7.7))"
2-Tier,"(np.float64(8.59), np.float64(0.07))","(np.float64(6.63), np.float64(6.63))","(np.float64(2.93), np.float64(5.33))","(np.float64(2.59), np.float64(6.4))"
3-Tier,"(np.float64(6.75), np.float64(2.09))","(np.float64(5.33), np.float64(2.93))","(np.float64(6.87), np.float64(6.87))","(np.float64(4.25), np.float64(6.98))"
4-Tier,"(np.float64(7.7), np.float64(1.3))","(np.float64(6.4), np.float64(2.59))","(np.float64(6.98), np.float64(4.25))","(np.float64(6.36), np.float64(6.36))"
