{
  "parameters": {
    "P0": 9.986947333117406,
    "gamma": 0.001,
    "beta": 0.3,
    "alpha": 4.27,
    "s0": 0.35,
    "max_tiers": 10
  },
  "welfare_matrix": {
    "Flat": {
      "Flat": {
        "social_welfare": -7.090187903448462,
        "consumer_surplus": -8.758477440442634,
        "producer_profit": 1.6682895369941726,
        "profit_A": 0.83,
        "profit_B": 0.83
      },
      "2-Tier": {
        "social_welfare": -7.090187903448461,
        "consumer_surplus": 5.982788641740646,
        "producer_profit": -13.072976545189107,
        "profit_A": -6.1,
        "profit_B": -6.98
      },
      "3-Tier": {
        "social_welfare": -7.090187903448464,
        "consumer_surplus": -0.48703261054721186,
        "producer_profit": -6.603155292901252,
        "profit_A": -6.18,
        "profit_B": -0.42
      },
      "4-Tier": {
        "social_welfare": -7.090187903448464,
        "consumer_surplus": -1.7645559638345107,
        "producer_profit": -5.325631939613953,
        "profit_A": -5.92,
        "profit_B": 0.6
      },
      "5-Tier": {
        "social_welfare": -7.090187903448465,
        "consumer_surplus": -2.1801765527503103,
        "producer_profit": -4.910011350698154,
        "profit_A": -5.82,
        "profit_B": 0.91
      },
      "6-Tier": {
        "social_welfare": -7.090187903448463,
        "consumer_surplus": -1.8918665584120418,
        "producer_profit": -5.198321345036422,
        "profit_A": -6.24,
        "profit_B": 1.04
      },
      "7-Tier": {
        "social_welfare": -7.090187903448462,
        "consumer_surplus": -1.9800200324168629,
        "producer_profit": -5.110167871031599,
        "profit_A": -5.98,
        "profit_B": 0.87
      },
      "8-Tier": {
        "social_welfare": -7.090187903448464,
        "consumer_surplus": -1.7197997179909315,
        "producer_profit": -5.370388185457532,
        "profit_A": -6.3,
        "profit_B": 0.93
      },
      "9-Tier": {
        "social_welfare": -7.090187903448465,
        "consumer_surplus": -1.887575148902879,
        "producer_profit": -5.202612754545586,
        "profit_A": -6.27,
        "profit_B": 1.07
      },
      "10-Tier": {
        "social_welfare": -7.090187903448461,
        "consumer_surplus": -2.0002566649100904,
        "producer_profit": -5.089931238538371,
        "profit_A": -6.01,
        "profit_B": 0.92
      }
    },
    "2-Tier": {
      "Flat": {
        "social_welfare": -7.090187903448464,
        "consumer_surplus": 5.982788641740643,
        "producer_profit": -13.072976545189107,
        "profit_A": -6.98,
        "profit_B": -6.1
      },
      "2-Tier": {
        "social_welfare": -7.090187903448462,
        "consumer_surplus": -1.0072038353830222,
        "producer_profit": -6.08298406806544,
        "profit_A": -3.04,
        "profit_B": -3.04
      },
      "3-Tier": {
        "social_welfare": -7.090187903448461,
        "consumer_surplus": 1.0475958130322076,
        "producer_profit": -8.13778371648067,
        "profit_A": -7.11,
        "profit_B": -1.02
      },
      "4-Tier": {
        "social_welfare": -7.090187903448464,
        "consumer_surplus": -0.49959215901287984,
        "producer_profit": -6.590595744435584,
        "profit_A": -7.64,
        "profit_B": 1.04
      },
      "5-Tier": {
        "social_welfare": -7.090187903448461,
        "consumer_surplus": 0.057738840269259614,
        "producer_profit": -7.147926743717721,
        "profit_A": -7.93,
        "profit_B": 0.78
      },
      "6-Tier": {
        "social_welfare": -7.090187903448464,
        "consumer_surplus": -0.13043685596944768,
        "producer_profit": -6.959751047479016,
        "profit_A": -8.05,
        "profit_B": 1.09
      },
      "7-Tier": {
        "social_welfare": -7.090187903448462,
        "consumer_surplus": -0.22435028970307744,
        "producer_profit": -6.865837613745384,
        "profit_A": -7.92,
        "profit_B": 1.05
      },
      "8-Tier": {
        "social_welfare": -7.090187903448464,
        "consumer_surplus": -0.14752115287176734,
        "producer_profit": -6.942666750576697,
        "profit_A": -8.12,
        "profit_B": 1.18
      },
      "9-Tier": {
        "social_welfare": -7.090187903448461,
        "consumer_surplus": 0.05269022310538997,
        "producer_profit": -7.1428781265538515,
        "profit_A": -8.13,
        "profit_B": 0.99
      },
      "10-Tier": {
        "social_welfare": -7.090187903448464,
        "consumer_surplus": -0.17606835627878994,
        "producer_profit": -6.9141195471696735,
        "profit_A": -7.95,
        "profit_B": 1.04
      }
    },
    "3-Tier": {
      "Flat": {
        "social_welfare": -7.090187903448461,
        "consumer_surplus": -0.4870326105472098,
        "producer_profit": -6.603155292901252,
        "profit_A": -0.42,
        "profit_B": -6.18
      },
      "2-Tier": {
        "social_welfare": -7.090187903448462,
        "consumer_surplus": 1.0475958130322074,
        "producer_profit": -8.13778371648067,
        "profit_A": -1.02,
        "profit_B": -7.11
      },
      "3-Tier": {
        "social_welfare": -7.090187903448463,
        "consumer_surplus": -6.655865590351877,
        "producer_profit": -0.43432231309658625,
        "profit_A": -0.22,
        "profit_B": -0.22
      },
      "4-Tier": {
        "social_welfare": -7.090187903448465,
        "consumer_surplus": -6.6426618485712865,
        "producer_profit": -0.4475260548771779,
        "profit_A": -1.2,
        "profit_B": 0.75
      },
      "5-Tier": {
        "social_welfare": -7.090187903448465,
        "consumer_surplus": -6.594727358260225,
        "producer_profit": -0.4954605451882401,
        "profit_A": -1.28,
        "profit_B": 0.79
      },
      "6-Tier": {
        "social_welfare": -7.090187903448465,
        "consumer_surplus": -6.650639103716432,
        "producer_profit": -0.4395487997320324,
        "profit_A": -1.21,
        "profit_B": 0.77
      },
      "7-Tier": {
        "social_welfare": -7.090187903448463,
        "consumer_surplus": -6.611777756629776,
        "producer_profit": -0.47841014681868754,
        "profit_A": -1.44,
        "profit_B": 0.96
      },
      "8-Tier": {
        "social_welfare": -7.090187903448464,
        "consumer_surplus": -6.5503257261253145,
        "producer_profit": -0.539862177323149,
        "profit_A": -1.34,
        "profit_B": 0.8
      },
      "9-Tier": {
        "social_welfare": -7.090187903448461,
        "consumer_surplus": -6.618034058292739,
        "producer_profit": -0.4721538451557221,
        "profit_A": -1.42,
        "profit_B": 0.95
      },
      "10-Tier": {
        "social_welfare": -7.090187903448463,
        "consumer_surplus": -6.598537692437312,
        "producer_profit": -0.49165021101115114,
        "profit_A": -1.39,
        "profit_B": 0.9
      }
    },
    "4-Tier": {
      "Flat": {
        "social_welfare": -7.090187903448463,
        "consumer_surplus": -1.7645559638345119,
        "producer_profit": -5.3256319396139515,
        "profit_A": 0.6,
        "profit_B": -5.92
      },
      "2-Tier": {
        "social_welfare": -7.090187903448464,
        "consumer_surplus": -0.49959215901287984,
        "producer_profit": -6.590595744435584,
        "profit_A": 1.04,
        "profit_B": -7.64
      },
      "3-Tier": {
        "social_welfare": -7.090187903448462,
        "consumer_surplus": -6.642661848571285,
        "producer_profit": -0.44752605487717767,
        "profit_A": 0.75,
        "profit_B": -1.2
      },
      "4-Tier": {
        "social_welfare": -7.090187903448463,
        "consumer_surplus": -9.783273930174596,
        "producer_profit": 2.693086026726133,
        "profit_A": 1.35,
        "profit_B": 1.35
      },
      "5-Tier": {
        "social_welfare": -7.090187903448462,
        "consumer_surplus": -8.979143028690741,
        "producer_profit": 1.8889551252422787,
        "profit_A": 0.8,
        "profit_B": 1.09
      },
      "6-Tier": {
        "social_welfare": -7.090187903448463,
        "consumer_surplus": -8.850523294809477,
        "producer_profit": 1.7603353913610138,
        "profit_A": 0.63,
        "profit_B": 1.13
      },
      "7-Tier": {
        "social_welfare": -7.090187903448463,
        "consumer_surplus": -9.423849934593889,
        "producer_profit": 2.3336620311454266,
        "profit_A": 0.92,
        "profit_B": 1.41
      },
      "8-Tier": {
        "social_welfare": -7.090187903448464,
        "consumer_surplus": -8.991510020098596,
        "producer_profit": 1.9013221166501328,
        "profit_A": 0.63,
        "profit_B": 1.27
      },
      "9-Tier": {
        "social_welfare": -7.090187903448463,
        "consumer_surplus": -8.830235096096883,
        "producer_profit": 1.740047192648421,
        "profit_A": 0.52,
        "profit_B": 1.22
      },
      "10-Tier": {
        "social_welfare": -7.090187903448466,
        "consumer_surplus": -9.220986261209136,
        "producer_profit": 2.1307983577606704,
        "profit_A": 0.8,
        "profit_B": 1.33
      }
    },
    "5-Tier": {
      "Flat": {
        "social_welfare": -7.090187903448465,
        "consumer_surplus": -2.180176552750311,
        "producer_profit": -4.910011350698153,
        "profit_A": 0.91,
        "profit_B": -5.82
      },
      "2-Tier": {
        "social_welfare": -7.090187903448461,
        "consumer_surplus": 0.057738840269259614,
        "producer_profit": -7.147926743717721,
        "profit_A": 0.78,
        "profit_B": -7.93
      },
      "3-Tier": {
        "social_welfare": -7.090187903448465,
        "consumer_surplus": -6.594727358260225,
        "producer_profit": -0.49546054518824,
        "profit_A": 0.79,
        "profit_B": -1.28
      },
      "4-Tier": {
        "social_welfare": -7.090187903448462,
        "consumer_surplus": -8.979143028690741,
        "producer_profit": 1.8889551252422787,
        "profit_A": 1.09,
        "profit_B": 0.8
      },
      "5-Tier": {
        "social_welfare": -7.090187903448465,
        "consumer_surplus": -9.482667715850596,
        "producer_profit": 2.3924798124021316,
        "profit_A": 1.2,
        "profit_B": 1.2
      },
      "6-Tier": {
        "social_welfare": -7.090187903448459,
        "consumer_surplus": -8.74318726670669,
        "producer_profit": 1.65299936325823,
        "profit_A": 0.66,
        "profit_B": 0.99
      },
      "7-Tier": {
        "social_welfare": -7.090187903448461,
        "consumer_surplus": -9.219890062114546,
        "producer_profit": 2.1297021586660847,
        "profit_A": 0.93,
        "profit_B": 1.2
      },
      "8-Tier": {
        "social_welfare": -7.090187903448462,
        "consumer_surplus": -8.635865378932243,
        "producer_profit": 1.5456774754837808,
        "profit_A": 0.56,
        "profit_B": 0.99
      },
      "9-Tier": {
        "social_welfare": -7.090187903448462,
        "consumer_surplus": -8.816393176591419,
        "producer_profit": 1.7262052731429565,
        "profit_A": 0.5,
        "profit_B": 1.23
      },
      "10-Tier": {
        "social_welfare": -7.090187903448463,
        "consumer_surplus": -9.286765724658636,
        "producer_profit": 2.1965778212101728,
        "profit_A": 0.95,
        "profit_B": 1.25
      }
    },
    "6-Tier": {
      "Flat": {
        "social_welfare": -7.090187903448463,
        "consumer_surplus": -1.8918665584120402,
        "producer_profit": -5.1983213450364225,
        "profit_A": 1.04,
        "profit_B": -6.24
      },
      "2-Tier": {
        "social_welfare": -7.090187903448463,
        "consumer_surplus": -0.13043685596944887,
        "producer_profit": -6.959751047479014,
        "profit_A": 1.09,
        "profit_B": -8.05
      },
      "3-Tier": {
        "social_welfare": -7.090187903448462,
        "consumer_surplus": -6.65063910371643,
        "producer_profit": -0.4395487997320323,
        "profit_A": 0.77,
        "profit_B": -1.21
      },
      "4-Tier": {
        "social_welfare": -7.090187903448464,
        "consumer_surplus": -8.850523294809477,
        "producer_profit": 1.7603353913610134,
        "profit_A": 1.13,
        "profit_B": 0.63
      },
      "5-Tier": {
        "social_welfare": -7.090187903448459,
        "consumer_surplus": -8.74318726670669,
        "producer_profit": 1.65299936325823,
        "profit_A": 0.99,
        "profit_B": 0.66
      },
      "6-Tier": {
        "social_welfare": -7.090187903448465,
        "consumer_surplus": -9.242692277269642,
        "producer_profit": 2.1525043738211767,
        "profit_A": 1.08,
        "profit_B": 1.08
      },
      "7-Tier": {
        "social_welfare": -7.090187903448464,
        "consumer_surplus": -8.869087424005745,
        "producer_profit": 1.7788995205572808,
        "profit_A": 0.82,
        "profit_B": 0.96
      },
      "8-Tier": {
        "social_welfare": -7.090187903448464,
        "consumer_surplus": -8.994692984981274,
        "producer_profit": 1.9045050815328102,
        "profit_A": 0.86,
        "profit_B": 1.05
      },
      "9-Tier": {
        "social_welfare": -7.090187903448464,
        "consumer_surplus": -8.982181874536664,
        "producer_profit": 1.8919939710882006,
        "profit_A": 0.76,
        "profit_B": 1.13
      },
      "10-Tier": {
        "social_welfare": -7.090187903448464,
        "consumer_surplus": -8.86006614629815,
        "producer_profit": 1.7698782428496864,
        "profit_A": 0.82,
        "profit_B": 0.95
      }
    },
    "7-Tier": {
      "Flat": {
        "social_welfare": -7.090187903448463,
        "consumer_surplus": -1.9800200324168646,
        "producer_profit": -5.1101678710315985,
        "profit_A": 0.87,
        "profit_B": -5.98
      },
      "2-Tier": {
        "social_welfare": -7.090187903448461,
        "consumer_surplus": -0.22435028970307652,
        "producer_profit": -6.865837613745384,
        "profit_A": 1.05,
        "profit_B": -7.92
      },
      "3-Tier": {
        "social_welfare": -7.090187903448465,
        "consumer_surplus": -6.6117777566297775,
        "producer_profit": -0.4784101468186872,
        "profit_A": 0.96,
        "profit_B": -1.44
      },
      "4-Tier": {
        "social_welfare": -7.090187903448463,
        "consumer_surplus": -9.423849934593889,
        "producer_profit": 2.3336620311454266,
        "profit_A": 1.41,
        "profit_B": 0.92
      },
      "5-Tier": {
        "social_welfare": -7.090187903448463,
        "consumer_surplus": -9.219890062114548,
        "producer_profit": 2.1297021586660847,
        "profit_A": 1.2,
        "profit_B": 0.93
      },
      "6-Tier": {
        "social_welfare": -7.090187903448462,
        "consumer_surplus": -8.869087424005743,
        "producer_profit": 1.778899520557281,
        "profit_A": 0.96,
        "profit_B": 0.82
      },
      "7-Tier": {
        "social_welfare": -7.090187903448463,
        "consumer_surplus": -10.103739014662304,
        "producer_profit": 3.013551111213841,
        "profit_A": 1.51,
        "profit_B": 1.51
      },
      "8-Tier": {
        "social_welfare": -7.090187903448461,
        "consumer_surplus": -8.992892224841174,
        "producer_profit": 1.902704321392713,
        "profit_A": 0.92,
        "profit_B": 0.98
      },
      "9-Tier": {
        "social_welfare": -7.090187903448463,
        "consumer_surplus": -9.401301167573934,
        "producer_profit": 2.311113264125471,
        "profit_A": 1.05,
        "profit_B": 1.26
      },
      "10-Tier": {
        "social_welfare": -7.090187903448464,
        "consumer_surplus": -9.416783130774736,
        "producer_profit": 2.3265952273262718,
        "profit_A": 1.16,
        "profit_B": 1.17
      }
    },
    "8-Tier": {
      "Flat": {
        "social_welfare": -7.090187903448463,
        "consumer_surplus": -1.7197997179909297,
        "producer_profit": -5.370388185457533,
        "profit_A": 0.93,
        "profit_B": -6.3
      },
      "2-Tier": {
        "social_welfare": -7.090187903448463,
        "consumer_surplus": -0.14752115287176648,
        "producer_profit": -6.942666750576697,
        "profit_A": 1.18,
        "profit_B": -8.12
      },
      "3-Tier": {
        "social_welfare": -7.090187903448464,
        "consumer_surplus": -6.5503257261253145,
        "producer_profit": -0.5398621773231495,
        "profit_A": 0.8,
        "profit_B": -1.34
      },
      "4-Tier": {
        "social_welfare": -7.090187903448462,
        "consumer_surplus": -8.991510020098595,
        "producer_profit": 1.9013221166501326,
        "profit_A": 1.27,
        "profit_B": 0.63
      },
      "5-Tier": {
        "social_welfare": -7.090187903448464,
        "consumer_surplus": -8.635865378932245,
        "producer_profit": 1.5456774754837808,
        "profit_A": 0.99,
        "profit_B": 0.56
      },
      "6-Tier": {
        "social_welfare": -7.090187903448464,
        "consumer_surplus": -8.994692984981274,
        "producer_profit": 1.9045050815328102,
        "profit_A": 1.05,
        "profit_B": 0.86
      },
      "7-Tier": {
        "social_welfare": -7.090187903448463,
        "consumer_surplus": -8.992892224841176,
        "producer_profit": 1.902704321392713,
        "profit_A": 0.98,
        "profit_B": 0.92
      },
      "8-Tier": {
        "social_welfare": -7.090187903448463,
        "consumer_surplus": -9.238923921718717,
        "producer_profit": 2.1487360182702537,
        "profit_A": 1.07,
        "profit_B": 1.07
      },
      "9-Tier": {
        "social_welfare": -7.090187903448464,
        "consumer_surplus": -8.980276721337765,
        "producer_profit": 1.8900888178893007,
        "profit_A": 0.86,
        "profit_B": 1.03
      },
      "10-Tier": {
        "social_welfare": -7.090187903448462,
        "consumer_surplus": -8.887186947781583,
        "producer_profit": 1.796999044333121,
        "profit_A": 0.96,
        "profit_B": 0.83
      }
    },
    "9-Tier": {
      "Flat": {
        "social_welfare": -7.090187903448463,
        "consumer_surplus": -1.8875751489028763,
        "producer_profit": -5.202612754545586,
        "profit_A": 1.07,
        "profit_B": -6.27
      },
      "2-Tier": {
        "social_welfare": -7.090187903448462,
        "consumer_surplus": 0.052690223105387984,
        "producer_profit": -7.14287812655385,
        "profit_A": 0.99,
        "profit_B": -8.13
      },
      "3-Tier": {
        "social_welfare": -7.090187903448464,
        "consumer_surplus": -6.618034058292742,
        "producer_profit": -0.4721538451557219,
        "profit_A": 0.95,
        "profit_B": -1.42
      },
      "4-Tier": {
        "social_welfare": -7.090187903448463,
        "consumer_surplus": -8.830235096096883,
        "producer_profit": 1.740047192648421,
        "profit_A": 1.22,
        "profit_B": 0.52
      },
      "5-Tier": {
        "social_welfare": -7.090187903448463,
        "consumer_surplus": -8.816393176591419,
        "producer_profit": 1.726205273142956,
        "profit_A": 1.23,
        "profit_B": 0.5
      },
      "6-Tier": {
        "social_welfare": -7.090187903448464,
        "consumer_surplus": -8.982181874536664,
        "producer_profit": 1.8919939710882003,
        "profit_A": 1.13,
        "profit_B": 0.76
      },
      "7-Tier": {
        "social_welfare": -7.090187903448462,
        "consumer_surplus": -9.401301167573934,
        "producer_profit": 2.3111132641254715,
        "profit_A": 1.26,
        "profit_B": 1.05
      },
      "8-Tier": {
        "social_welfare": -7.090187903448464,
        "consumer_surplus": -8.980276721337765,
        "producer_profit": 1.8900888178893005,
        "profit_A": 1.03,
        "profit_B": 0.86
      },
      "9-Tier": {
        "social_welfare": -7.090187903448464,
        "consumer_surplus": -9.542013411133027,
        "producer_profit": 2.451825507684563,
        "profit_A": 1.23,
        "profit_B": 1.23
      },
      "10-Tier": {
        "social_welfare": -7.090187903448462,
        "consumer_surplus": -8.897435380241406,
        "producer_profit": 1.8072474767929443,
        "profit_A": 1.06,
        "profit_B": 0.75
      }
    },
    "10-Tier": {
      "Flat": {
        "social_welfare": -7.090187903448463,
        "consumer_surplus": -2.0002566649100904,
        "producer_profit": -5.089931238538372,
        "profit_A": 0.92,
        "profit_B": -6.01
      },
      "2-Tier": {
        "social_welfare": -7.090187903448463,
        "consumer_surplus": -0.17606835627878992,
        "producer_profit": -6.914119547169673,
        "profit_A": 1.04,
        "profit_B": -7.95
      },
      "3-Tier": {
        "social_welfare": -7.090187903448463,
        "consumer_surplus": -6.598537692437311,
        "producer_profit": -0.49165021101115125,
        "profit_A": 0.9,
        "profit_B": -1.39
      },
      "4-Tier": {
        "social_welfare": -7.090187903448462,
        "consumer_surplus": -9.220986261209132,
        "producer_profit": 2.1307983577606704,
        "profit_A": 1.33,
        "profit_B": 0.8
      },
      "5-Tier": {
        "social_welfare": -7.090187903448461,
        "consumer_surplus": -9.286765724658634,
        "producer_profit": 2.1965778212101728,
        "profit_A": 1.25,
        "profit_B": 0.95
      },
      "6-Tier": {
        "social_welfare": -7.090187903448462,
        "consumer_surplus": -8.860066146298148,
        "producer_profit": 1.7698782428496862,
        "profit_A": 0.95,
        "profit_B": 0.82
      },
      "7-Tier": {
        "social_welfare": -7.090187903448462,
        "consumer_surplus": -9.416783130774734,
        "producer_profit": 2.3265952273262718,
        "profit_A": 1.17,
        "profit_B": 1.16
      },
      "8-Tier": {
        "social_welfare": -7.090187903448465,
        "consumer_surplus": -8.887186947781586,
        "producer_profit": 1.7969990443331212,
        "profit_A": 0.83,
        "profit_B": 0.96
      },
      "9-Tier": {
        "social_welfare": -7.090187903448459,
        "consumer_surplus": -8.897435380241404,
        "producer_profit": 1.8072474767929445,
        "profit_A": 0.75,
        "profit_B": 1.06
      },
      "10-Tier": {
        "social_welfare": -7.090187903448463,
        "consumer_surplus": -9.579680937497484,
        "producer_profit": 2.4894930340490204,
        "profit_A": 1.24,
        "profit_B": 1.24
      }
    }
  }
}