{
  "parameters": {
    "P0": 15.962345498483437,
    "gamma": 0.001,
    "beta": 0.3,
    "alpha": 0.43,
    "s0": 0.35,
    "max_tiers": 1
  },
  "strategy_details": {
    "Flat": {
      "n_tiers": 1,
      "overall_metrics": {
        "unit_cost": 9.317827226058188,
        "total_cost": 28.03308381977619,
        "unit_price": 15.961702333840142,
        "total_price": 57.576724910290814
      },
      "tiers": {
        "tier_0": {
          "tier_name": "Universal",
          "unit_cost": 9.317827226058188,
          "total_cost": 28.03308381977619,
          "unit_price": 15.96170233384014,
          "total_price": 57.576724910290814,
          "distances": {
            "min_distance": 0.0,
            "max_distance": 19308.860309272983,
            "avg_distance": 9017.827226058189
          },
          "volume": {
            "total_volume_tb": 3.6071794665800376,
            "num_flows": 13566
          }
        }
      }
    }
  }
}