{
  "parameters": {
    "P0": 10.150813481784969,
    "gamma": 0.001,
    "beta": 0.3,
    "alpha": 3.43,
    "s0": 0.35,
    "max_tiers": 2
  },
  "welfare_matrix": {
    "Flat": {
      "Flat": {
        "social_welfare": -8.924742710522361,
        "consumer_surplus": -11.176324622721946,
        "producer_profit": 2.251581912199585,
        "profit_A": 1.13,
        "profit_B": 1.13
      },
      "2-Tier": {
        "social_welfare": -8.924742710522365,
        "consumer_surplus": 3.375227665274748,
        "producer_profit": -12.299970375797113,
        "profit_A": -5.91,
        "profit_B": -6.39
      }
    },
    "2-Tier": {
      "Flat": {
        "social_welfare": -8.924742710522363,
        "consumer_surplus": 3.3752276652747506,
        "producer_profit": -12.299970375797113,
        "profit_A": -6.39,
        "profit_B": -5.91
      },
      "2-Tier": {
        "social_welfare": -8.92474271052236,
        "consumer_surplus": -3.6171111493770125,
        "producer_profit": -5.307631561145348,
        "profit_A": -2.65,
        "profit_B": -2.65
      }
    }
  }
}