{
  "parameters": {
    "P0": 10.932032230093702,
    "gamma": 0.001,
    "beta": 0.3,
    "alpha": 1.77,
    "s0": 0.35,
    "max_tiers": 1
  },
  "strategies": {
    "Flat": {
      "n_tiers": 1,
      "avg_price": 9.228010619246016,
      "min_price": 9.228010619246014,
      "max_price": 9.228010619246014
    }
  },
  "nash_equilibria": [
    {
      "strategy_A": "Flat",
      "strategy_B": "Flat",
      "profit_A": 2.63,
      "profit_B": 2.63,
      "total_profit": 5.26
    }
  ],
  "welfare": {
    "max_total_welfare": {
      "strategy": [
        "Flat",
        "Flat"
      ],
      "consumer_surplus": -20.0132888414218,
      "producer_surplus": 5.254006603350574,
      "total_welfare": -14.759282238071226,
      "efficiency": -1.1119107173045042
    },
    "max_consumer_surplus": {
      "strategy": [
        "Flat",
        "Flat"
      ],
      "consumer_surplus": -20.0132888414218,
      "producer_surplus": 5.254006603350574,
      "total_welfare": -14.759282238071226
    },
    "max_producer_surplus": {
      "strategy": [
        "Flat",
        "Flat"
      ],
      "consumer_surplus": -20.0132888414218,
      "producer_surplus": 5.254006603350574,
      "total_welfare": -14.759282238071226
    }
  }
}