,Flat,2-Tier,3-Tier,4-Tier,5-Tier
Flat,"(np.float64(0.94), np.float64(0.94))","(np.float64(-6.03), np.float64(-6.77))","(np.float64(-6.04), np.float64(-0.34))","(np.float64(-5.79), np.float64(0.68))","(np.float64(-5.69), np.float64(1.0))"
2-Tier,"(np.float64(-6.77), np.float64(-6.03))","(np.float64(-2.91), np.float64(-2.91))","(np.float64(-6.98), np.float64(-0.91))","(np.float64(-7.47), np.float64(1.13))","(np.float64(-7.76), np.float64(0.87))"
3-Tier,"(np.float64(-0.34), np.float64(-6.04))","(np.float64(-0.91), np.float64(-6.98))","(np.float64(-0.11), np.float64(-0.11))","(np.float64(-1.07), np.float64(0.84))","(np.float64(-1.15), np.float64(0.87))"
4-Tier,"(np.float64(0.68), np.float64(-5.79))","(np.float64(1.13), np.float64(-7.47))","(np.float64(0.84), np.float64(-1.07))","(np.float64(1.45), np.float64(1.45))","(np.float64(0.92), np.float64(1.19))"
5-Tier,"(np.float64(1.0), np.float64(-5.69))","(np.float64(0.87), np.float64(-7.76))","(np.float64(0.87), np.float64(-1.15))","(np.float64(1.19), np.float64(0.92))","(np.float64(1.3), np.float64(1.3))"
