{
  "parameters": {
    "P0": 10.044835586654335,
    "gamma": 0.001,
    "beta": 0.3,
    "alpha": 3.93,
    "s0": 0.35,
    "max_tiers": 5
  },
  "strategies": {
    "Flat": {
      "n_tiers": 1,
      "avg_price": 8.291017215439808,
      "min_price": 8.291017215439805,
      "max_price": 8.291017215439805
    },
    "2-Tier": {
      "n_tiers": 2,
      "avg_price": 8.30530157174028,
      "min_price": 2.317288035017275,
      "max_price": 14.367932099575096
    },
    "3-Tier": {
      "n_tiers": 3,
      "avg_price": 9.040712350456825,
      "min_price": 1.7754884650839555,
      "max_price": 14.368131506810776
    },
    "4-Tier": {
      "n_tiers": 4,
      "avg_price": 10.318730297073417,
      "min_price": 1.7715692138696015,
      "max_price": 16.391115794472856
    },
    "5-Tier": {
      "n_tiers": 5,
      "avg_price": 9.650891595537542,
      "min_price": 1.7715598270785375,
      "max_price": 17.08589787970242
    }
  },
  "nash_equilibria": [
    {
      "strategy_A": "4-Tier",
      "strategy_B": "4-Tier",
      "profit_A": 1.45,
      "profit_B": 1.45,
      "total_profit": 2.9
    },
    {
      "strategy_A": "5-Tier",
      "strategy_B": "5-Tier",
      "profit_A": 1.3,
      "profit_B": 1.3,
      "total_profit": 2.6
    }
  ],
  "welfare": {
    "max_total_welfare": {
      "strategy": [
        "Flat",
        "Flat"
      ],
      "consumer_surplus": -9.648086936157979,
      "producer_surplus": 1.8741032368198811,
      "total_welfare": -7.773983699338098,
      "efficiency": -0.38372798658986
    },
    "max_consumer_surplus": {
      "strategy": [
        "Flat",
        "2-Tier"
      ],
      "consumer_surplus": 5.028024729348573,
      "producer_surplus": -12.802008428686673,
      "total_welfare": -7.7739836993381
    },
    "max_producer_surplus": {
      "strategy": [
        "4-Tier",
        "4-Tier"
      ],
      "consumer_surplus": -10.680486736804404,
      "producer_surplus": 2.9065030374663037,
      "total_welfare": -7.773983699338101
    }
  }
}