,Flat,2-Tier,3-Tier,4-Tier,5-Tier,6-Tier,7-Tier
Flat,"(np.float64(3.24), np.float64(3.24))","(np.float64(-4.56), np.float64(-1.82))","(np.float64(-3.31), np.float64(1.49))","(np.float64(-3.28), np.float64(2.64))","(np.float64(-3.28), np.float64(2.95))","(np.float64(-3.59), np.float64(2.91))","(np.float64(-3.39), np.float64(2.89))"
2-Tier,"(np.float64(-1.82), np.float64(-4.56))","(np.float64(0.18), np.float64(0.18))","(np.float64(-3.86), np.float64(1.28))","(np.float64(-3.94), np.float64(2.77))","(np.float64(-4.12), np.float64(2.57))","(np.float64(-4.31), np.float64(2.73))","(np.float64(-4.08), np.float64(2.75))"
3-Tier,"(np.float64(1.49), np.float64(-3.31))","(np.float64(1.28), np.float64(-3.86))","(np.float64(2.3), np.float64(2.3))","(np.float64(1.04), np.float64(2.92))","(np.float64(1.26), np.float64(2.89))","(np.float64(1.12), np.float64(2.97))","(np.float64(1.12), np.float64(2.96))"
4-Tier,"(np.float64(2.64), np.float64(-3.28))","(np.float64(2.77), np.float64(-3.94))","(np.float64(2.92), np.float64(1.04))","(np.float64(3.34), np.float64(3.34))","(np.float64(2.97), np.float64(3.0))","(np.float64(2.51), np.float64(3.05))","(np.float64(3.02), np.float64(3.28))"
5-Tier,"(np.float64(2.95), np.float64(-3.28))","(np.float64(2.57), np.float64(-4.12))","(np.float64(2.89), np.float64(1.26))","(np.float64(3.0), np.float64(2.97))","(np.float64(3.4), np.float64(3.4))","(np.float64(2.54), np.float64(3.09))","(np.float64(3.16), np.float64(3.22))"
6-Tier,"(np.float64(2.91), np.float64(-3.59))","(np.float64(2.73), np.float64(-4.31))","(np.float64(2.97), np.float64(1.12))","(np.float64(3.05), np.float64(2.51))","(np.float64(3.09), np.float64(2.54))","(np.float64(2.98), np.float64(2.98))","(np.float64(2.91), np.float64(2.76))"
7-Tier,"(np.float64(2.89), np.float64(-3.39))","(np.float64(2.75), np.float64(-4.08))","(np.float64(2.96), np.float64(1.12))","(np.float64(3.28), np.float64(3.02))","(np.float64(3.22), np.float64(3.16))","(np.float64(2.76), np.float64(2.91))","(np.float64(3.5), np.float64(3.5))"
