{
  "parameters": {
    "P0": 11.103541511772475,
    "gamma": 0.001,
    "beta": 0.3,
    "alpha": 1.6,
    "s0": 0.35,
    "max_tiers": 7
  },
  "welfare_matrix": {
    "Flat": {
      "Flat": {
        "social_welfare": -15.64365404901844,
        "consumer_surplus": -22.11488183532603,
        "producer_profit": 6.4712277863075895,
        "profit_A": 3.24,
        "profit_B": 3.24
      },
      "2-Tier": {
        "social_welfare": -15.643654049018442,
        "consumer_surplus": -9.256966037885302,
        "producer_profit": -6.38668801113314,
        "profit_A": -4.56,
        "profit_B": -1.82
      },
      "3-Tier": {
        "social_welfare": -15.643654049018444,
        "consumer_surplus": -13.819123392605173,
        "producer_profit": -1.824530656413271,
        "profit_A": -3.31,
        "profit_B": 1.49
      },
      "4-Tier": {
        "social_welfare": -15.643654049018444,
        "consumer_surplus": -15.003380416219535,
        "producer_profit": -0.6402736327989089,
        "profit_A": -3.28,
        "profit_B": 2.64
      },
      "5-Tier": {
        "social_welfare": -15.643654049018442,
        "consumer_surplus": -15.308544480626841,
        "producer_profit": -0.3351095683916019,
        "profit_A": -3.28,
        "profit_B": 2.95
      },
      "6-Tier": {
        "social_welfare": -15.643654049018442,
        "consumer_surplus": -14.967473429108248,
        "producer_profit": -0.6761806199101947,
        "profit_A": -3.59,
        "profit_B": 2.91
      },
      "7-Tier": {
        "social_welfare": -15.643654049018444,
        "consumer_surplus": -15.150772294081893,
        "producer_profit": -0.4928817549365503,
        "profit_A": -3.39,
        "profit_B": 2.89
      }
    },
    "2-Tier": {
      "Flat": {
        "social_welfare": -15.643654049018444,
        "consumer_surplus": -9.256966037885304,
        "producer_profit": -6.386688011133141,
        "profit_A": -1.82,
        "profit_B": -4.56
      },
      "2-Tier": {
        "social_welfare": -15.643654049018442,
        "consumer_surplus": -16.010807425894306,
        "producer_profit": 0.36715337687586463,
        "profit_A": 0.18,
        "profit_B": 0.18
      },
      "3-Tier": {
        "social_welfare": -15.643654049018442,
        "consumer_surplus": -13.06417658111118,
        "producer_profit": -2.5794774679072625,
        "profit_A": -3.86,
        "profit_B": 1.28
      },
      "4-Tier": {
        "social_welfare": -15.643654049018446,
        "consumer_surplus": -14.478481252100156,
        "producer_profit": -1.1651727969182897,
        "profit_A": -3.94,
        "profit_B": 2.77
      },
      "5-Tier": {
        "social_welfare": -15.643654049018444,
        "consumer_surplus": -14.093106817110264,
        "producer_profit": -1.5505472319081806,
        "profit_A": -4.12,
        "profit_B": 2.57
      },
      "6-Tier": {
        "social_welfare": -15.643654049018446,
        "consumer_surplus": -14.067781632147195,
        "producer_profit": -1.5758724168712503,
        "profit_A": -4.31,
        "profit_B": 2.73
      },
      "7-Tier": {
        "social_welfare": -15.64365404901844,
        "consumer_surplus": -14.30893242482497,
        "producer_profit": -1.3347216241934712,
        "profit_A": -4.08,
        "profit_B": 2.75
      }
    },
    "3-Tier": {
      "Flat": {
        "social_welfare": -15.643654049018446,
        "consumer_surplus": -13.819123392605174,
        "producer_profit": -1.824530656413271,
        "profit_A": 1.49,
        "profit_B": -3.31
      },
      "2-Tier": {
        "social_welfare": -15.643654049018442,
        "consumer_surplus": -13.06417658111118,
        "producer_profit": -2.579477467907262,
        "profit_A": 1.28,
        "profit_B": -3.86
      },
      "3-Tier": {
        "social_welfare": -15.643654049018442,
        "consumer_surplus": -20.24227387927806,
        "producer_profit": 4.598619830259617,
        "profit_A": 2.3,
        "profit_B": 2.3
      },
      "4-Tier": {
        "social_welfare": -15.643654049018444,
        "consumer_surplus": -19.607023173450106,
        "producer_profit": 3.9633691244316616,
        "profit_A": 1.04,
        "profit_B": 2.92
      },
      "5-Tier": {
        "social_welfare": -15.643654049018446,
        "consumer_surplus": -19.792256636813715,
        "producer_profit": 4.148602587795269,
        "profit_A": 1.26,
        "profit_B": 2.89
      },
      "6-Tier": {
        "social_welfare": -15.64365404901845,
        "consumer_surplus": -19.741900979547935,
        "producer_profit": 4.098246930529486,
        "profit_A": 1.12,
        "profit_B": 2.97
      },
      "7-Tier": {
        "social_welfare": -15.643654049018444,
        "consumer_surplus": -19.722890162621656,
        "producer_profit": 4.079236113603211,
        "profit_A": 1.12,
        "profit_B": 2.96
      }
    },
    "4-Tier": {
      "Flat": {
        "social_welfare": -15.64365404901844,
        "consumer_surplus": -15.003380416219532,
        "producer_profit": -0.6402736327989098,
        "profit_A": 2.64,
        "profit_B": -3.28
      },
      "2-Tier": {
        "social_welfare": -15.643654049018446,
        "consumer_surplus": -14.478481252100156,
        "producer_profit": -1.1651727969182897,
        "profit_A": 2.77,
        "profit_B": -3.94
      },
      "3-Tier": {
        "social_welfare": -15.643654049018444,
        "consumer_surplus": -19.607023173450106,
        "producer_profit": 3.9633691244316616,
        "profit_A": 2.92,
        "profit_B": 1.04
      },
      "4-Tier": {
        "social_welfare": -15.643654049018448,
        "consumer_surplus": -22.315986178762564,
        "producer_profit": 6.672332129744118,
        "profit_A": 3.34,
        "profit_B": 3.34
      },
      "5-Tier": {
        "social_welfare": -15.643654049018448,
        "consumer_surplus": -21.60847626135121,
        "producer_profit": 5.964822212332762,
        "profit_A": 2.97,
        "profit_B": 3.0
      },
      "6-Tier": {
        "social_welfare": -15.643654049018439,
        "consumer_surplus": -21.21155686504646,
        "producer_profit": 5.567902816028022,
        "profit_A": 2.51,
        "profit_B": 3.05
      },
      "7-Tier": {
        "social_welfare": -15.643654049018444,
        "consumer_surplus": -21.94903445546097,
        "producer_profit": 6.305380406442527,
        "profit_A": 3.02,
        "profit_B": 3.28
      }
    },
    "5-Tier": {
      "Flat": {
        "social_welfare": -15.643654049018444,
        "consumer_surplus": -15.308544480626844,
        "producer_profit": -0.33510956839160055,
        "profit_A": 2.95,
        "profit_B": -3.28
      },
      "2-Tier": {
        "social_welfare": -15.643654049018444,
        "consumer_surplus": -14.093106817110264,
        "producer_profit": -1.5505472319081806,
        "profit_A": 2.57,
        "profit_B": -4.12
      },
      "3-Tier": {
        "social_welfare": -15.643654049018442,
        "consumer_surplus": -19.79225663681371,
        "producer_profit": 4.148602587795269,
        "profit_A": 2.89,
        "profit_B": 1.26
      },
      "4-Tier": {
        "social_welfare": -15.643654049018448,
        "consumer_surplus": -21.60847626135121,
        "producer_profit": 5.964822212332762,
        "profit_A": 3.0,
        "profit_B": 2.97
      },
      "5-Tier": {
        "social_welfare": -15.643654049018448,
        "consumer_surplus": -22.434662126244344,
        "producer_profit": 6.791008077225897,
        "profit_A": 3.4,
        "profit_B": 3.4
      },
      "6-Tier": {
        "social_welfare": -15.64365404901844,
        "consumer_surplus": -21.28017777296926,
        "producer_profit": 5.63652372395082,
        "profit_A": 2.54,
        "profit_B": 3.09
      },
      "7-Tier": {
        "social_welfare": -15.64365404901844,
        "consumer_surplus": -22.023114054900592,
        "producer_profit": 6.379460005882152,
        "profit_A": 3.16,
        "profit_B": 3.22
      }
    },
    "6-Tier": {
      "Flat": {
        "social_welfare": -15.643654049018444,
        "consumer_surplus": -14.967473429108251,
        "producer_profit": -0.6761806199101934,
        "profit_A": 2.91,
        "profit_B": -3.59
      },
      "2-Tier": {
        "social_welfare": -15.643654049018446,
        "consumer_surplus": -14.067781632147195,
        "producer_profit": -1.5758724168712508,
        "profit_A": 2.73,
        "profit_B": -4.31
      },
      "3-Tier": {
        "social_welfare": -15.64365404901845,
        "consumer_surplus": -19.741900979547935,
        "producer_profit": 4.098246930529486,
        "profit_A": 2.97,
        "profit_B": 1.12
      },
      "4-Tier": {
        "social_welfare": -15.643654049018439,
        "consumer_surplus": -21.21155686504646,
        "producer_profit": 5.567902816028022,
        "profit_A": 3.05,
        "profit_B": 2.51
      },
      "5-Tier": {
        "social_welfare": -15.64365404901844,
        "consumer_surplus": -21.28017777296926,
        "producer_profit": 5.63652372395082,
        "profit_A": 3.09,
        "profit_B": 2.54
      },
      "6-Tier": {
        "social_welfare": -15.643654049018444,
        "consumer_surplus": -21.605246939350277,
        "producer_profit": 5.961592890331834,
        "profit_A": 2.98,
        "profit_B": 2.98
      },
      "7-Tier": {
        "social_welfare": -15.643654049018444,
        "consumer_surplus": -21.312038515675876,
        "producer_profit": 5.668384466657432,
        "profit_A": 2.91,
        "profit_B": 2.76
      }
    },
    "7-Tier": {
      "Flat": {
        "social_welfare": -15.643654049018442,
        "consumer_surplus": -15.150772294081891,
        "producer_profit": -0.49288175493655073,
        "profit_A": 2.89,
        "profit_B": -3.39
      },
      "2-Tier": {
        "social_welfare": -15.643654049018442,
        "consumer_surplus": -14.30893242482497,
        "producer_profit": -1.3347216241934716,
        "profit_A": 2.75,
        "profit_B": -4.08
      },
      "3-Tier": {
        "social_welfare": -15.643654049018446,
        "consumer_surplus": -19.722890162621656,
        "producer_profit": 4.07923611360321,
        "profit_A": 2.96,
        "profit_B": 1.12
      },
      "4-Tier": {
        "social_welfare": -15.643654049018444,
        "consumer_surplus": -21.94903445546097,
        "producer_profit": 6.305380406442527,
        "profit_A": 3.28,
        "profit_B": 3.02
      },
      "5-Tier": {
        "social_welfare": -15.64365404901844,
        "consumer_surplus": -22.023114054900592,
        "producer_profit": 6.379460005882152,
        "profit_A": 3.22,
        "profit_B": 3.16
      },
      "6-Tier": {
        "social_welfare": -15.643654049018444,
        "consumer_surplus": -21.312038515675876,
        "producer_profit": 5.6683844666574315,
        "profit_A": 2.76,
        "profit_B": 2.91
      },
      "7-Tier": {
        "social_welfare": -15.643654049018444,
        "consumer_surplus": -22.647510170137004,
        "producer_profit": 7.00385612111856,
        "profit_A": 3.5,
        "profit_B": 3.5
      }
    }
  }
}