{
  "parameters": {
    "P0": 11.103541511772475,
    "gamma": 0.001,
    "beta": 0.3,
    "alpha": 1.6,
    "s0": 0.35,
    "max_tiers": 3
  },
  "welfare_matrix": {
    "Flat": {
      "Flat": {
        "social_welfare": -15.64365404901844,
        "consumer_surplus": -22.11488183532603,
        "producer_profit": 6.4712277863075895,
        "profit_A": 3.24,
        "profit_B": 3.24
      },
      "2-Tier": {
        "social_welfare": -15.643654049018442,
        "consumer_surplus": -9.256966037885302,
        "producer_profit": -6.38668801113314,
        "profit_A": -4.56,
        "profit_B": -1.82
      },
      "3-Tier": {
        "social_welfare": -15.643654049018444,
        "consumer_surplus": -13.819123392605173,
        "producer_profit": -1.824530656413271,
        "profit_A": -3.31,
        "profit_B": 1.49
      }
    },
    "2-Tier": {
      "Flat": {
        "social_welfare": -15.643654049018444,
        "consumer_surplus": -9.256966037885304,
        "producer_profit": -6.386688011133141,
        "profit_A": -1.82,
        "profit_B": -4.56
      },
      "2-Tier": {
        "social_welfare": -15.643654049018442,
        "consumer_surplus": -16.010807425894306,
        "producer_profit": 0.36715337687586463,
        "profit_A": 0.18,
        "profit_B": 0.18
      },
      "3-Tier": {
        "social_welfare": -15.643654049018442,
        "consumer_surplus": -13.06417658111118,
        "producer_profit": -2.5794774679072625,
        "profit_A": -3.86,
        "profit_B": 1.28
      }
    },
    "3-Tier": {
      "Flat": {
        "social_welfare": -15.643654049018446,
        "consumer_surplus": -13.819123392605174,
        "producer_profit": -1.824530656413271,
        "profit_A": 1.49,
        "profit_B": -3.31
      },
      "2-Tier": {
        "social_welfare": -15.643654049018442,
        "consumer_surplus": -13.06417658111118,
        "producer_profit": -2.579477467907262,
        "profit_A": 1.28,
        "profit_B": -3.86
      },
      "3-Tier": {
        "social_welfare": -15.643654049018442,
        "consumer_surplus": -20.24227387927806,
        "producer_profit": 4.598619830259617,
        "profit_A": 2.3,
        "profit_B": 2.3
      }
    }
  }
}