,Flat,2-Tier,3-Tier,4-Tier,5-Tier,6-Tier,7-Tier,8-Tier
Flat,"(np.float64(0.83), np.float64(0.83))","(np.float64(-6.1), np.float64(-6.98))","(np.float64(-6.18), np.float64(-0.42))","(np.float64(-5.92), np.float64(0.6))","(np.float64(-5.82), np.float64(0.91))","(np.float64(-6.24), np.float64(1.04))","(np.float64(-5.98), np.float64(0.87))","(np.float64(-6.3), np.float64(0.93))"
2-Tier,"(np.float64(-6.98), np.float64(-6.1))","(np.float64(-3.04), np.float64(-3.04))","(np.float64(-7.11), np.float64(-1.02))","(np.float64(-7.64), np.float64(1.04))","(np.float64(-7.93), np.float64(0.78))","(np.float64(-8.05), np.float64(1.09))","(np.float64(-7.92), np.float64(1.05))","(np.float64(-8.12), np.float64(1.18))"
3-Tier,"(np.float64(-0.42), np.float64(-6.18))","(np.float64(-1.02), np.float64(-7.11))","(np.float64(-0.22), np.float64(-0.22))","(np.float64(-1.2), np.float64(0.75))","(np.float64(-1.28), np.float64(0.79))","(np.float64(-1.21), np.float64(0.77))","(np.float64(-1.44), np.float64(0.96))","(np.float64(-1.34), np.float64(0.8))"
4-Tier,"(np.float64(0.6), np.float64(-5.92))","(np.float64(1.04), np.float64(-7.64))","(np.float64(0.75), np.float64(-1.2))","(np.float64(1.35), np.float64(1.35))","(np.float64(0.8), np.float64(1.09))","(np.float64(0.63), np.float64(1.13))","(np.float64(0.92), np.float64(1.41))","(np.float64(0.63), np.float64(1.27))"
5-Tier,"(np.float64(0.91), np.float64(-5.82))","(np.float64(0.78), np.float64(-7.93))","(np.float64(0.79), np.float64(-1.28))","(np.float64(1.09), np.float64(0.8))","(np.float64(1.2), np.float64(1.2))","(np.float64(0.66), np.float64(0.99))","(np.float64(0.93), np.float64(1.2))","(np.float64(0.56), np.float64(0.99))"
6-Tier,"(np.float64(1.04), np.float64(-6.24))","(np.float64(1.09), np.float64(-8.05))","(np.float64(0.77), np.float64(-1.21))","(np.float64(1.13), np.float64(0.63))","(np.float64(0.99), np.float64(0.66))","(np.float64(1.08), np.float64(1.08))","(np.float64(0.82), np.float64(0.96))","(np.float64(0.86), np.float64(1.05))"
7-Tier,"(np.float64(0.87), np.float64(-5.98))","(np.float64(1.05), np.float64(-7.92))","(np.float64(0.96), np.float64(-1.44))","(np.float64(1.41), np.float64(0.92))","(np.float64(1.2), np.float64(0.93))","(np.float64(0.96), np.float64(0.82))","(np.float64(1.51), np.float64(1.51))","(np.float64(0.92), np.float64(0.98))"
8-Tier,"(np.float64(0.93), np.float64(-6.3))","(np.float64(1.18), np.float64(-8.12))","(np.float64(0.8), np.float64(-1.34))","(np.float64(1.27), np.float64(0.63))","(np.float64(0.99), np.float64(0.56))","(np.float64(1.05), np.float64(0.86))","(np.float64(0.98), np.float64(0.92))","(np.float64(1.07), np.float64(1.07))"
