,Flat,2-Tier,3-Tier,4-Tier,5-Tier,6-Tier,7-Tier,8-Tier
Flat,"(np.float64(1.74), np.float64(1.74))","(np.float64(-5.52), np.float64(-5.1))","(np.float64(-5.03), np.float64(0.35))","(np.float64(-4.81), np.float64(1.39))","(np.float64(-4.74), np.float64(1.72))","(np.float64(-5.12), np.float64(1.83))","(np.float64(-4.9), np.float64(1.68))","(np.float64(-5.21), np.float64(1.74))"
2-Tier,"(np.float64(-5.1), np.float64(-5.52))","(np.float64(-1.81), np.float64(-1.81))","(np.float64(-5.85), np.float64(-0.07))","(np.float64(-6.11), np.float64(1.76))","(np.float64(-6.41), np.float64(1.51))","(np.float64(-6.56), np.float64(1.85))","(np.float64(-6.36), np.float64(1.74))","(np.float64(-6.6), np.float64(1.9))"
3-Tier,"(np.float64(0.35), np.float64(-5.03))","(np.float64(-0.07), np.float64(-5.85))","(np.float64(0.73), np.float64(0.73))","(np.float64(-0.12), np.float64(1.54))","(np.float64(-0.19), np.float64(1.57))","(np.float64(-0.13), np.float64(1.57))","(np.float64(-0.26), np.float64(1.67))","(np.float64(-0.24), np.float64(1.59))"
4-Tier,"(np.float64(1.39), np.float64(-4.81))","(np.float64(1.76), np.float64(-6.11))","(np.float64(1.54), np.float64(-0.12))","(np.float64(2.29), np.float64(2.29))","(np.float64(1.78), np.float64(2.0))","(np.float64(1.48), np.float64(2.14))","(np.float64(1.91), np.float64(2.28))","(np.float64(1.49), np.float64(2.31))"
5-Tier,"(np.float64(1.72), np.float64(-4.74))","(np.float64(1.51), np.float64(-6.41))","(np.float64(1.57), np.float64(-0.19))","(np.float64(2.0), np.float64(1.78))","(np.float64(2.12), np.float64(2.12))","(np.float64(1.53), np.float64(2.0))","(np.float64(1.94), np.float64(2.07))","(np.float64(1.43), np.float64(2.01))"
6-Tier,"(np.float64(1.83), np.float64(-5.12))","(np.float64(1.85), np.float64(-6.56))","(np.float64(1.57), np.float64(-0.13))","(np.float64(2.14), np.float64(1.48))","(np.float64(2.0), np.float64(1.53))","(np.float64(2.0), np.float64(2.0))","(np.float64(1.88), np.float64(1.76))","(np.float64(1.78), np.float64(1.98))"
7-Tier,"(np.float64(1.68), np.float64(-4.9))","(np.float64(1.74), np.float64(-6.36))","(np.float64(1.67), np.float64(-0.26))","(np.float64(2.28), np.float64(1.91))","(np.float64(2.07), np.float64(1.94))","(np.float64(1.76), np.float64(1.88))","(np.float64(2.41), np.float64(2.41))","(np.float64(1.73), np.float64(2.05))"
8-Tier,"(np.float64(1.74), np.float64(-5.21))","(np.float64(1.9), np.float64(-6.6))","(np.float64(1.59), np.float64(-0.24))","(np.float64(2.31), np.float64(1.49))","(np.float64(2.01), np.float64(1.43))","(np.float64(1.98), np.float64(1.78))","(np.float64(2.05), np.float64(1.73))","(np.float64(2.02), np.float64(2.02))"
