{
  "parameters": {
    "P0": 10.49360617961492,
    "gamma": 0.001,
    "beta": 0.3,
    "alpha": 2.43,
    "s0": 0.35,
    "max_tiers": 8
  },
  "strategies": {
    "Flat": {
      "n_tiers": 1,
      "avg_price": 8.736018752988803,
      "min_price": 8.736018752988805,
      "max_price": 8.736018752988805
    },
    "2-Tier": {
      "n_tiers": 2,
      "avg_price": 8.86976261804519,
      "min_price": 2.996620349008303,
      "max_price": 14.816090460528017
    },
    "3-Tier": {
      "n_tiers": 3,
      "avg_price": 9.507189922405766,
      "min_price": 2.2318811605700226,
      "max_price": 14.817014371186657
    },
    "4-Tier": {
      "n_tiers": 4,
      "avg_price": 10.82142803995674,
      "min_price": 2.220493506396215,
      "max_price": 17.17358511306039
    },
    "5-Tier": {
      "n_tiers": 5,
      "avg_price": 10.125310888272999,
      "min_price": 2.220362805370116,
      "max_price": 17.73956932375813
    },
    "6-Tier": {
      "n_tiers": 6,
      "avg_price": 10.428400376969321,
      "min_price": 2.2203614850923756,
      "max_price": 18.063413789422672
    },
    "7-Tier": {
      "n_tiers": 7,
      "avg_price": 10.660112227429945,
      "min_price": 2.220361081870479,
      "max_price": 18.463840118842672
    },
    "8-Tier": {
      "n_tiers": 8,
      "avg_price": 10.555821774602723,
      "min_price": 2.2203606727414678,
      "max_price": 19.101114008523428
    }
  },
  "nash_equilibria": [
    {
      "strategy_A": "5-Tier",
      "strategy_B": "5-Tier",
      "profit_A": 2.12,
      "profit_B": 2.12,
      "total_profit": 4.24
    },
    {
      "strategy_A": "6-Tier",
      "strategy_B": "6-Tier",
      "profit_A": 2.0,
      "profit_B": 2.0,
      "total_profit": 4.0
    },
    {
      "strategy_A": "7-Tier",
      "strategy_B": "7-Tier",
      "profit_A": 2.41,
      "profit_B": 2.41,
      "total_profit": 4.82
    },
    {
      "strategy_A": "8-Tier",
      "strategy_B": "8-Tier",
      "profit_A": 2.02,
      "profit_B": 2.02,
      "total_profit": 4.04
    }
  ],
  "welfare": {
    "max_total_welfare": {
      "strategy": [
        "2-Tier",
        "3-Tier"
      ],
      "consumer_surplus": -6.026050844285536,
      "producer_surplus": -5.920895110217103,
      "total_welfare": -11.946945954502638,
      "efficiency": -0.7426857866420183
    },
    "max_consumer_surplus": {
      "strategy": [
        "2-Tier",
        "Flat"
      ],
      "consumer_surplus": -1.3258510976332045,
      "producer_surplus": -10.621094856869437,
      "total_welfare": -11.946945954502642
    },
    "max_producer_surplus": {
      "strategy": [
        "7-Tier",
        "7-Tier"
      ],
      "consumer_surplus": -16.77196966988432,
      "producer_surplus": 4.825023715381676,
      "total_welfare": -11.946945954502645
    }
  }
}