{
  "parameters": {
    "P0": 10.49360617961492,
    "gamma": 0.001,
    "beta": 0.3,
    "alpha": 2.43,
    "s0": 0.35,
    "max_tiers": 8
  },
  "welfare_matrix": {
    "Flat": {
      "Flat": {
        "social_welfare": -11.946945954502642,
        "consumer_surplus": -15.426249600165823,
        "producer_profit": 3.4793036456631805,
        "profit_A": 1.74,
        "profit_B": 1.74
      },
      "2-Tier": {
        "social_welfare": -11.946945954502645,
        "consumer_surplus": -1.3258510976332083,
        "producer_profit": -10.621094856869437,
        "profit_A": -5.52,
        "profit_B": -5.1
      },
      "3-Tier": {
        "social_welfare": -11.946945954502645,
        "consumer_surplus": -7.269502552975233,
        "producer_profit": -4.677443401527413,
        "profit_A": -5.03,
        "profit_B": 0.35
      },
      "4-Tier": {
        "social_welfare": -11.946945954502645,
        "consumer_surplus": -8.531286725522856,
        "producer_profit": -3.4156592289797887,
        "profit_A": -4.81,
        "profit_B": 1.39
      },
      "5-Tier": {
        "social_welfare": -11.946945954502644,
        "consumer_surplus": -8.933445572065546,
        "producer_profit": -3.013500382437097,
        "profit_A": -4.74,
        "profit_B": 1.72
      },
      "6-Tier": {
        "social_welfare": -11.946945954502645,
        "consumer_surplus": -8.655771902602204,
        "producer_profit": -3.291174051900441,
        "profit_A": -5.12,
        "profit_B": 1.83
      },
      "7-Tier": {
        "social_welfare": -11.946945954502644,
        "consumer_surplus": -8.725401946968319,
        "producer_profit": -3.221544007534325,
        "profit_A": -4.9,
        "profit_B": 1.68
      },
      "8-Tier": {
        "social_welfare": -11.946945954502645,
        "consumer_surplus": -8.486043569211217,
        "producer_profit": -3.460902385291428,
        "profit_A": -5.21,
        "profit_B": 1.74
      }
    },
    "2-Tier": {
      "Flat": {
        "social_welfare": -11.946945954502642,
        "consumer_surplus": -1.3258510976332045,
        "producer_profit": -10.621094856869437,
        "profit_A": -5.1,
        "profit_B": -5.52
      },
      "2-Tier": {
        "social_welfare": -11.946945954502645,
        "consumer_surplus": -8.320374484388001,
        "producer_profit": -3.6265714701146434,
        "profit_A": -1.81,
        "profit_B": -1.81
      },
      "3-Tier": {
        "social_welfare": -11.946945954502638,
        "consumer_surplus": -6.026050844285536,
        "producer_profit": -5.920895110217103,
        "profit_A": -5.85,
        "profit_B": -0.07
      },
      "4-Tier": {
        "social_welfare": -11.946945954502642,
        "consumer_surplus": -7.592169687255296,
        "producer_profit": -4.354776267247345,
        "profit_A": -6.11,
        "profit_B": 1.76
      },
      "5-Tier": {
        "social_welfare": -11.946945954502645,
        "consumer_surplus": -7.051758637890323,
        "producer_profit": -4.895187316612322,
        "profit_A": -6.41,
        "profit_B": 1.51
      },
      "6-Tier": {
        "social_welfare": -11.946945954502642,
        "consumer_surplus": -7.232061852022428,
        "producer_profit": -4.714884102480215,
        "profit_A": -6.56,
        "profit_B": 1.85
      },
      "7-Tier": {
        "social_welfare": -11.946945954502644,
        "consumer_surplus": -7.3313047028733305,
        "producer_profit": -4.615641251629313,
        "profit_A": -6.36,
        "profit_B": 1.74
      },
      "8-Tier": {
        "social_welfare": -11.946945954502645,
        "consumer_surplus": -7.249185761497887,
        "producer_profit": -4.697760193004759,
        "profit_A": -6.6,
        "profit_B": 1.9
      }
    },
    "3-Tier": {
      "Flat": {
        "social_welfare": -11.946945954502645,
        "consumer_surplus": -7.269502552975234,
        "producer_profit": -4.6774434015274124,
        "profit_A": 0.35,
        "profit_B": -5.03
      },
      "2-Tier": {
        "social_welfare": -11.946945954502642,
        "consumer_surplus": -6.026050844285538,
        "producer_profit": -5.920895110217103,
        "profit_A": -0.07,
        "profit_B": -5.85
      },
      "3-Tier": {
        "social_welfare": -11.946945954502645,
        "consumer_surplus": -13.409526508587707,
        "producer_profit": 1.4625805540850623,
        "profit_A": 0.73,
        "profit_B": 0.73
      },
      "4-Tier": {
        "social_welfare": -11.946945954502645,
        "consumer_surplus": -13.373667332747806,
        "producer_profit": 1.42672137824516,
        "profit_A": -0.12,
        "profit_B": 1.54
      },
      "5-Tier": {
        "social_welfare": -11.946945954502644,
        "consumer_surplus": -13.334220859425308,
        "producer_profit": 1.387274904922664,
        "profit_A": -0.19,
        "profit_B": 1.57
      },
      "6-Tier": {
        "social_welfare": -11.946945954502645,
        "consumer_surplus": -13.391292115587444,
        "producer_profit": 1.4443461610847983,
        "profit_A": -0.13,
        "profit_B": 1.57
      },
      "7-Tier": {
        "social_welfare": -11.946945954502647,
        "consumer_surplus": -13.35735823831725,
        "producer_profit": 1.410412283814603,
        "profit_A": -0.26,
        "profit_B": 1.67
      },
      "8-Tier": {
        "social_welfare": -11.946945954502647,
        "consumer_surplus": -13.292083202868865,
        "producer_profit": 1.3451372483662172,
        "profit_A": -0.24,
        "profit_B": 1.59
      }
    },
    "4-Tier": {
      "Flat": {
        "social_welfare": -11.946945954502645,
        "consumer_surplus": -8.531286725522856,
        "producer_profit": -3.4156592289797887,
        "profit_A": 1.39,
        "profit_B": -4.81
      },
      "2-Tier": {
        "social_welfare": -11.946945954502642,
        "consumer_surplus": -7.592169687255296,
        "producer_profit": -4.354776267247345,
        "profit_A": 1.76,
        "profit_B": -6.11
      },
      "3-Tier": {
        "social_welfare": -11.946945954502645,
        "consumer_surplus": -13.373667332747806,
        "producer_profit": 1.4267213782451602,
        "profit_A": 1.54,
        "profit_B": -0.12
      },
      "4-Tier": {
        "social_welfare": -11.946945954502645,
        "consumer_surplus": -16.53396927920281,
        "producer_profit": 4.587023324700165,
        "profit_A": 2.29,
        "profit_B": 2.29
      },
      "5-Tier": {
        "social_welfare": -11.946945954502649,
        "consumer_surplus": -15.72510174133775,
        "producer_profit": 3.778155786835103,
        "profit_A": 1.78,
        "profit_B": 2.0
      },
      "6-Tier": {
        "social_welfare": -11.946945954502644,
        "consumer_surplus": -15.570410181315234,
        "producer_profit": 3.6234642268125907,
        "profit_A": 1.48,
        "profit_B": 2.14
      },
      "7-Tier": {
        "social_welfare": -11.946945954502647,
        "consumer_surplus": -16.141837306202508,
        "producer_profit": 4.1948913516998605,
        "profit_A": 1.91,
        "profit_B": 2.28
      },
      "8-Tier": {
        "social_welfare": -11.946945954502642,
        "consumer_surplus": -15.74548090561589,
        "producer_profit": 3.7985349511132482,
        "profit_A": 1.49,
        "profit_B": 2.31
      }
    },
    "5-Tier": {
      "Flat": {
        "social_welfare": -11.946945954502642,
        "consumer_surplus": -8.933445572065544,
        "producer_profit": -3.013500382437097,
        "profit_A": 1.72,
        "profit_B": -4.74
      },
      "2-Tier": {
        "social_welfare": -11.946945954502645,
        "consumer_surplus": -7.051758637890325,
        "producer_profit": -4.895187316612321,
        "profit_A": 1.51,
        "profit_B": -6.41
      },
      "3-Tier": {
        "social_welfare": -11.946945954502644,
        "consumer_surplus": -13.334220859425308,
        "producer_profit": 1.3872749049226638,
        "profit_A": 1.57,
        "profit_B": -0.19
      },
      "4-Tier": {
        "social_welfare": -11.946945954502647,
        "consumer_surplus": -15.725101741337749,
        "producer_profit": 3.7781557868351023,
        "profit_A": 2.0,
        "profit_B": 1.78
      },
      "5-Tier": {
        "social_welfare": -11.94694595450264,
        "consumer_surplus": -16.196895969282554,
        "producer_profit": 4.249950014779914,
        "profit_A": 2.12,
        "profit_B": 2.12
      },
      "6-Tier": {
        "social_welfare": -11.946945954502644,
        "consumer_surplus": -15.47493559642403,
        "producer_profit": 3.527989641921387,
        "profit_A": 1.53,
        "profit_B": 2.0
      },
      "7-Tier": {
        "social_welfare": -11.946945954502645,
        "consumer_surplus": -15.95404362821302,
        "producer_profit": 4.0070976737103745,
        "profit_A": 1.94,
        "profit_B": 2.07
      },
      "8-Tier": {
        "social_welfare": -11.946945954502645,
        "consumer_surplus": -15.392059413897373,
        "producer_profit": 3.445113459394728,
        "profit_A": 1.43,
        "profit_B": 2.01
      }
    },
    "6-Tier": {
      "Flat": {
        "social_welfare": -11.946945954502644,
        "consumer_surplus": -8.655771902602202,
        "producer_profit": -3.291174051900441,
        "profit_A": 1.83,
        "profit_B": -5.12
      },
      "2-Tier": {
        "social_welfare": -11.946945954502645,
        "consumer_surplus": -7.2320618520224285,
        "producer_profit": -4.714884102480216,
        "profit_A": 1.85,
        "profit_B": -6.56
      },
      "3-Tier": {
        "social_welfare": -11.946945954502645,
        "consumer_surplus": -13.391292115587444,
        "producer_profit": 1.4443461610847985,
        "profit_A": 1.57,
        "profit_B": -0.13
      },
      "4-Tier": {
        "social_welfare": -11.946945954502642,
        "consumer_surplus": -15.570410181315234,
        "producer_profit": 3.623464226812591,
        "profit_A": 2.14,
        "profit_B": 1.48
      },
      "5-Tier": {
        "social_welfare": -11.946945954502642,
        "consumer_surplus": -15.47493559642403,
        "producer_profit": 3.527989641921388,
        "profit_A": 2.0,
        "profit_B": 1.53
      },
      "6-Tier": {
        "social_welfare": -11.946945954502644,
        "consumer_surplus": -15.94055944393083,
        "producer_profit": 3.9936134894281863,
        "profit_A": 2.0,
        "profit_B": 2.0
      },
      "7-Tier": {
        "social_welfare": -11.946945954502645,
        "consumer_surplus": -15.587502905781463,
        "producer_profit": 3.6405569512788176,
        "profit_A": 1.88,
        "profit_B": 1.76
      },
      "8-Tier": {
        "social_welfare": -11.946945954502645,
        "consumer_surplus": -15.70807430078875,
        "producer_profit": 3.761128346286106,
        "profit_A": 1.78,
        "profit_B": 1.98
      }
    },
    "7-Tier": {
      "Flat": {
        "social_welfare": -11.946945954502644,
        "consumer_surplus": -8.725401946968319,
        "producer_profit": -3.221544007534325,
        "profit_A": 1.68,
        "profit_B": -4.9
      },
      "2-Tier": {
        "social_welfare": -11.946945954502645,
        "consumer_surplus": -7.331304702873334,
        "producer_profit": -4.615641251629312,
        "profit_A": 1.74,
        "profit_B": -6.36
      },
      "3-Tier": {
        "social_welfare": -11.946945954502645,
        "consumer_surplus": -13.357358238317248,
        "producer_profit": 1.4104122838146034,
        "profit_A": 1.67,
        "profit_B": -0.26
      },
      "4-Tier": {
        "social_welfare": -11.946945954502647,
        "consumer_surplus": -16.141837306202508,
        "producer_profit": 4.1948913516998605,
        "profit_A": 2.28,
        "profit_B": 1.91
      },
      "5-Tier": {
        "social_welfare": -11.946945954502644,
        "consumer_surplus": -15.954043628213018,
        "producer_profit": 4.0070976737103745,
        "profit_A": 2.07,
        "profit_B": 1.94
      },
      "6-Tier": {
        "social_welfare": -11.946945954502645,
        "consumer_surplus": -15.587502905781463,
        "producer_profit": 3.6405569512788176,
        "profit_A": 1.76,
        "profit_B": 1.88
      },
      "7-Tier": {
        "social_welfare": -11.946945954502645,
        "consumer_surplus": -16.77196966988432,
        "producer_profit": 4.825023715381676,
        "profit_A": 2.41,
        "profit_B": 2.41
      },
      "8-Tier": {
        "social_welfare": -11.946945954502642,
        "consumer_surplus": -15.726712538861177,
        "producer_profit": 3.7797665843585353,
        "profit_A": 1.73,
        "profit_B": 2.05
      }
    },
    "8-Tier": {
      "Flat": {
        "social_welfare": -11.946945954502645,
        "consumer_surplus": -8.486043569211217,
        "producer_profit": -3.460902385291428,
        "profit_A": 1.74,
        "profit_B": -5.21
      },
      "2-Tier": {
        "social_welfare": -11.946945954502645,
        "consumer_surplus": -7.249185761497885,
        "producer_profit": -4.69776019300476,
        "profit_A": 1.9,
        "profit_B": -6.6
      },
      "3-Tier": {
        "social_welfare": -11.946945954502644,
        "consumer_surplus": -13.292083202868861,
        "producer_profit": 1.3451372483662172,
        "profit_A": 1.59,
        "profit_B": -0.24
      },
      "4-Tier": {
        "social_welfare": -11.946945954502645,
        "consumer_surplus": -15.745480905615894,
        "producer_profit": 3.7985349511132487,
        "profit_A": 2.31,
        "profit_B": 1.49
      },
      "5-Tier": {
        "social_welfare": -11.946945954502645,
        "consumer_surplus": -15.392059413897373,
        "producer_profit": 3.445113459394728,
        "profit_A": 2.01,
        "profit_B": 1.43
      },
      "6-Tier": {
        "social_welfare": -11.946945954502645,
        "consumer_surplus": -15.70807430078875,
        "producer_profit": 3.761128346286106,
        "profit_A": 1.98,
        "profit_B": 1.78
      },
      "7-Tier": {
        "social_welfare": -11.946945954502645,
        "consumer_surplus": -15.72671253886118,
        "producer_profit": 3.7797665843585344,
        "profit_A": 2.05,
        "profit_B": 1.73
      },
      "8-Tier": {
        "social_welfare": -11.946945954502642,
        "consumer_surplus": -15.977268057781638,
        "producer_profit": 4.030322103278995,
        "profit_A": 2.02,
        "profit_B": 2.02
      }
    }
  }
}