{
  "parameters": {
    "P0": 15.962345498483437,
    "gamma": 0.001,
    "beta": 0.3,
    "alpha": 0.43,
    "s0": 0.35,
    "max_tiers": 8
  },
  "strategies": {
    "Flat": {
      "n_tiers": 1,
      "avg_price": 15.961702333840142,
      "min_price": 15.96170233384014,
      "max_price": 15.96170233384014
    },
    "2-Tier": {
      "n_tiers": 2,
      "avg_price": 15.962089233160267,
      "min_price": 11.572876842408828,
      "max_price": 20.405995859310483
    },
    "3-Tier": {
      "n_tiers": 3,
      "avg_price": 15.962099959787455,
      "min_price": 7.959108188416134,
      "max_price": 21.522988182152638
    },
    "4-Tier": {
      "n_tiers": 4,
      "avg_price": 15.962479507011684,
      "min_price": 7.707859787894803,
      "max_price": 22.705936043767277
    },
    "5-Tier": {
      "n_tiers": 5,
      "avg_price": 15.962253004299777,
      "min_price": 7.627667691143756,
      "max_price": 23.243443523482068
    },
    "6-Tier": {
      "n_tiers": 6,
      "avg_price": 15.962274143301885,
      "min_price": 7.59329905929809,
      "max_price": 23.542966139632178
    },
    "7-Tier": {
      "n_tiers": 7,
      "avg_price": 15.962438813834853,
      "min_price": 7.582322089656861,
      "max_price": 24.025251943011455
    },
    "8-Tier": {
      "n_tiers": 8,
      "avg_price": 15.962347569246807,
      "min_price": 7.571510916991454,
      "max_price": 24.563877168528172
    }
  },
  "nash_equilibria": [
    {
      "strategy_A": "2-Tier",
      "strategy_B": "2-Tier",
      "profit_A": 11.94,
      "profit_B": 11.94,
      "total_profit": 23.88
    },
    {
      "strategy_A": "4-Tier",
      "strategy_B": "4-Tier",
      "profit_A": 11.64,
      "profit_B": 11.64,
      "total_profit": 23.28
    },
    {
      "strategy_A": "6-Tier",
      "strategy_B": "6-Tier",
      "profit_A": 11.91,
      "profit_B": 11.91,
      "total_profit": 23.82
    },
    {
      "strategy_A": "7-Tier",
      "strategy_B": "7-Tier",
      "profit_A": 11.93,
      "profit_B": 11.93,
      "total_profit": 23.86
    },
    {
      "strategy_A": "8-Tier",
      "strategy_B": "8-Tier",
      "profit_A": 11.88,
      "profit_B": 11.88,
      "total_profit": 23.76
    }
  ],
  "welfare": {
    "max_total_welfare": {
      "strategy": [
        "2-Tier",
        "6-Tier"
      ],
      "consumer_surplus": -46.28454681874923,
      "producer_surplus": 21.080394016834795,
      "total_welfare": -25.204152801914432,
      "efficiency": -8.909426438034908
    },
    "max_consumer_surplus": {
      "strategy": [
        "Flat",
        "3-Tier"
      ],
      "consumer_surplus": -45.296857953106816,
      "producer_surplus": 20.092705151192376,
      "total_welfare": -25.20415280191444
    },
    "max_producer_surplus": {
      "strategy": [
        "Flat",
        "Flat"
      ],
      "consumer_surplus": -54.747793892429094,
      "producer_surplus": 29.543641090514644,
      "total_welfare": -25.20415280191445
    }
  }
}