{
  "parameters": {
    "P0": 9.962780466948225,
    "gamma": 0.001,
    "beta": 0.3,
    "alpha": 4.43,
    "s0": 0.35,
    "max_tiers": 1
  },
  "strategies": {
    "Flat": {
      "n_tiers": 1,
      "avg_price": 8.210162346067166,
      "min_price": 8.210162346067168,
      "max_price": 8.210162346067168
    }
  },
  "nash_equilibria": [
    {
      "strategy_A": "Flat",
      "strategy_B": "Flat",
      "profit_A": 0.79,
      "profit_B": 0.79,
      "total_profit": 1.58
    }
  ],
  "welfare": {
    "max_total_welfare": {
      "strategy": [
        "Flat",
        "Flat"
      ],
      "consumer_surplus": -8.374424534795478,
      "producer_surplus": 1.5824452122458936,
      "total_welfare": -6.791979322549585,
      "efficiency": -0.3197564101921535
    },
    "max_consumer_surplus": {
      "strategy": [
        "Flat",
        "Flat"
      ],
      "consumer_surplus": -8.374424534795478,
      "producer_surplus": 1.5824452122458936,
      "total_welfare": -6.791979322549585
    },
    "max_producer_surplus": {
      "strategy": [
        "Flat",
        "Flat"
      ],
      "consumer_surplus": -8.374424534795478,
      "producer_surplus": 1.5824452122458936,
      "total_welfare": -6.791979322549585
    }
  }
}