,Flat,2-Tier,3-Tier,4-Tier,5-Tier,6-Tier,7-Tier,8-Tier,9-Tier
Flat,"(np.float64(0.71), np.float64(0.71))","(np.float64(-6.18), np.float64(-7.22))","(np.float64(-6.35), np.float64(-0.51))","(np.float64(-6.09), np.float64(0.5))","(np.float64(-5.98), np.float64(0.8))","(np.float64(-6.4), np.float64(0.94))","(np.float64(-6.13), np.float64(0.76))","(np.float64(-6.46), np.float64(0.83))","(np.float64(-6.43), np.float64(0.96))"
2-Tier,"(np.float64(-7.22), np.float64(-6.18))","(np.float64(-3.2), np.float64(-3.2))","(np.float64(-7.28), np.float64(-1.16))","(np.float64(-7.84), np.float64(0.95))","(np.float64(-8.14), np.float64(0.68))","(np.float64(-8.25), np.float64(0.99))","(np.float64(-8.13), np.float64(0.96))","(np.float64(-8.33), np.float64(1.08))","(np.float64(-8.33), np.float64(0.88))"
3-Tier,"(np.float64(-0.51), np.float64(-6.35))","(np.float64(-1.16), np.float64(-7.28))","(np.float64(-0.35), np.float64(-0.35))","(np.float64(-1.35), np.float64(0.64))","(np.float64(-1.44), np.float64(0.68))","(np.float64(-1.35), np.float64(0.66))","(np.float64(-1.6), np.float64(0.87))","(np.float64(-1.49), np.float64(0.69))","(np.float64(-1.59), np.float64(0.86))"
4-Tier,"(np.float64(0.5), np.float64(-6.09))","(np.float64(0.95), np.float64(-7.84))","(np.float64(0.64), np.float64(-1.35))","(np.float64(1.22), np.float64(1.22))","(np.float64(0.66), np.float64(0.97))","(np.float64(0.52), np.float64(0.99))","(np.float64(0.78), np.float64(1.3))","(np.float64(0.51), np.float64(1.13))","(np.float64(0.39), np.float64(1.09))"
5-Tier,"(np.float64(0.8), np.float64(-5.98))","(np.float64(0.68), np.float64(-8.14))","(np.float64(0.68), np.float64(-1.44))","(np.float64(0.97), np.float64(0.66))","(np.float64(1.07), np.float64(1.07))","(np.float64(0.54), np.float64(0.85))","(np.float64(0.79), np.float64(1.08))","(np.float64(0.45), np.float64(0.84))","(np.float64(0.37), np.float64(1.1))"
6-Tier,"(np.float64(0.94), np.float64(-6.4))","(np.float64(0.99), np.float64(-8.25))","(np.float64(0.66), np.float64(-1.35))","(np.float64(0.99), np.float64(0.52))","(np.float64(0.85), np.float64(0.54))","(np.float64(0.95), np.float64(0.95))","(np.float64(0.66), np.float64(0.86))","(np.float64(0.73), np.float64(0.92))","(np.float64(0.62), np.float64(1.01))"
7-Tier,"(np.float64(0.76), np.float64(-6.13))","(np.float64(0.96), np.float64(-8.13))","(np.float64(0.87), np.float64(-1.6))","(np.float64(1.3), np.float64(0.78))","(np.float64(1.08), np.float64(0.79))","(np.float64(0.86), np.float64(0.66))","(np.float64(1.38), np.float64(1.38))","(np.float64(0.82), np.float64(0.83))","(np.float64(0.93), np.float64(1.12))"
8-Tier,"(np.float64(0.83), np.float64(-6.46))","(np.float64(1.08), np.float64(-8.33))","(np.float64(0.69), np.float64(-1.49))","(np.float64(1.13), np.float64(0.51))","(np.float64(0.84), np.float64(0.45))","(np.float64(0.92), np.float64(0.73))","(np.float64(0.83), np.float64(0.82))","(np.float64(0.94), np.float64(0.94))","(np.float64(0.72), np.float64(0.91))"
9-Tier,"(np.float64(0.96), np.float64(-6.43))","(np.float64(0.88), np.float64(-8.33))","(np.float64(0.86), np.float64(-1.59))","(np.float64(1.09), np.float64(0.39))","(np.float64(1.1), np.float64(0.37))","(np.float64(1.01), np.float64(0.62))","(np.float64(1.12), np.float64(0.93))","(np.float64(0.91), np.float64(0.72))","(np.float64(1.1), np.float64(1.1))"
