,Flat,2-Tier,3-Tier,4-Tier,5-Tier
Flat,"(np.float64(0.83), np.float64(0.83))","(np.float64(-6.1), np.float64(-6.98))","(np.float64(-6.18), np.float64(-0.42))","(np.float64(-5.92), np.float64(0.6))","(np.float64(-5.82), np.float64(0.91))"
2-Tier,"(np.float64(-6.98), np.float64(-6.1))","(np.float64(-3.04), np.float64(-3.04))","(np.float64(-7.11), np.float64(-1.02))","(np.float64(-7.64), np.float64(1.04))","(np.float64(-7.93), np.float64(0.78))"
3-Tier,"(np.float64(-0.42), np.float64(-6.18))","(np.float64(-1.02), np.float64(-7.11))","(np.float64(-0.22), np.float64(-0.22))","(np.float64(-1.2), np.float64(0.75))","(np.float64(-1.28), np.float64(0.79))"
4-Tier,"(np.float64(0.6), np.float64(-5.92))","(np.float64(1.04), np.float64(-7.64))","(np.float64(0.75), np.float64(-1.2))","(np.float64(1.35), np.float64(1.35))","(np.float64(0.8), np.float64(1.09))"
5-Tier,"(np.float64(0.91), np.float64(-5.82))","(np.float64(0.78), np.float64(-7.93))","(np.float64(0.79), np.float64(-1.28))","(np.float64(1.09), np.float64(0.8))","(np.float64(1.2), np.float64(1.2))"
