{
  "parameters": {
    "P0": 10.239486212233304,
    "gamma": 0.001,
    "beta": 0.3,
    "alpha": 3.1,
    "s0": 0.35,
    "max_tiers": 4
  },
  "welfare_matrix": {
    "Flat": {
      "Flat": {
        "social_welfare": -9.799348986889727,
        "consumer_surplus": -12.367465081647323,
        "producer_profit": 2.568116094757596,
        "profit_A": 1.28,
        "profit_B": 1.28
      },
      "2-Tier": {
        "social_welfare": -9.799348986889726,
        "consumer_surplus": 2.074544764492461,
        "producer_profit": -11.873893751382186,
        "profit_A": -5.81,
        "profit_B": -6.06
      },
      "3-Tier": {
        "social_welfare": -9.799348986889726,
        "consumer_surplus": -4.155878455482378,
        "producer_profit": -5.643470531407347,
        "profit_A": -5.59,
        "profit_B": -0.06
      },
      "4-Tier": {
        "social_welfare": -9.799348986889726,
        "consumer_surplus": -5.4273678357757005,
        "producer_profit": -4.371981151114026,
        "profit_A": -5.35,
        "profit_B": 0.98
      }
    },
    "2-Tier": {
      "Flat": {
        "social_welfare": -9.799348986889727,
        "consumer_surplus": 2.074544764492457,
        "producer_profit": -11.873893751382184,
        "profit_A": -6.06,
        "profit_B": -5.81
      },
      "2-Tier": {
        "social_welfare": -9.799348986889727,
        "consumer_surplus": -4.918743672159837,
        "producer_profit": -4.88060531472989,
        "profit_A": -2.44,
        "profit_B": -2.44
      },
      "3-Tier": {
        "social_welfare": -9.799348986889726,
        "consumer_surplus": -2.7550824081809857,
        "producer_profit": -7.04426657870874,
        "profit_A": -6.5,
        "profit_B": -0.54
      },
      "4-Tier": {
        "social_welfare": -9.799348986889724,
        "consumer_surplus": -4.31182498088247,
        "producer_profit": -5.487524006007254,
        "profit_A": -6.89,
        "profit_B": 1.4
      }
    },
    "3-Tier": {
      "Flat": {
        "social_welfare": -9.799348986889726,
        "consumer_surplus": -4.155878455482379,
        "producer_profit": -5.643470531407347,
        "profit_A": -0.06,
        "profit_B": -5.59
      },
      "2-Tier": {
        "social_welfare": -9.799348986889726,
        "consumer_surplus": -2.7550824081809853,
        "producer_profit": -7.04426657870874,
        "profit_A": -0.54,
        "profit_B": -6.5
      },
      "3-Tier": {
        "social_welfare": -9.799348986889726,
        "consumer_surplus": -10.305219028867706,
        "producer_profit": 0.5058700419779801,
        "profit_A": 0.25,
        "profit_B": 0.25
      },
      "4-Tier": {
        "social_welfare": -9.799348986889727,
        "consumer_surplus": -10.283289473874074,
        "producer_profit": 0.48394048698434666,
        "profit_A": -0.66,
        "profit_B": 1.14
      }
    },
    "4-Tier": {
      "Flat": {
        "social_welfare": -9.79934898688973,
        "consumer_surplus": -5.4273678357757005,
        "producer_profit": -4.371981151114028,
        "profit_A": 0.98,
        "profit_B": -5.35
      },
      "2-Tier": {
        "social_welfare": -9.799348986889724,
        "consumer_surplus": -4.31182498088247,
        "producer_profit": -5.487524006007254,
        "profit_A": 1.4,
        "profit_B": -6.89
      },
      "3-Tier": {
        "social_welfare": -9.799348986889727,
        "consumer_surplus": -10.283289473874074,
        "producer_profit": 0.4839404869843468,
        "profit_A": 1.14,
        "profit_B": -0.66
      },
      "4-Tier": {
        "social_welfare": -9.799348986889726,
        "consumer_surplus": -13.427551841865622,
        "producer_profit": 3.6282028549758953,
        "profit_A": 1.81,
        "profit_B": 1.81
      }
    }
  }
}