{
  "parameters": {
    "P0": 13.028402365204757,
    "gamma": 0.001,
    "beta": 0.3,
    "alpha": 0.77,
    "s0": 0.35,
    "max_tiers": 6
  },
  "strategies": {
    "Flat": {
      "n_tiers": 1,
      "avg_price": 13.017318268913877,
      "min_price": 13.017318268913879,
      "max_price": 13.017318268913879
    },
    "2-Tier": {
      "n_tiers": 2,
      "avg_price": 13.022787729343975,
      "min_price": 8.629011990350039,
      "max_price": 17.471314567889237
    },
    "3-Tier": {
      "n_tiers": 3,
      "avg_price": 13.024357914586043,
      "min_price": 5.025332327515429,
      "max_price": 18.580654146322516
    },
    "4-Tier": {
      "n_tiers": 4,
      "avg_price": 13.030734614591031,
      "min_price": 4.774065449582969,
      "max_price": 19.771980277920015
    },
    "5-Tier": {
      "n_tiers": 5,
      "avg_price": 13.026938425915606,
      "min_price": 4.6943716634875,
      "max_price": 20.309482699596174
    },
    "6-Tier": {
      "n_tiers": 6,
      "avg_price": 13.027085207524511,
      "min_price": 4.660376277888799,
      "max_price": 20.609017620722504
    }
  },
  "nash_equilibria": [
    {
      "strategy_A": "Flat",
      "strategy_B": "Flat",
      "profit_A": 9.46,
      "profit_B": 9.46,
      "total_profit": 18.92
    },
    {
      "strategy_A": "2-Tier",
      "strategy_B": "2-Tier",
      "profit_A": 6.63,
      "profit_B": 6.63,
      "total_profit": 13.26
    },
    {
      "strategy_A": "4-Tier",
      "strategy_B": "4-Tier",
      "profit_A": 6.36,
      "profit_B": 6.36,
      "total_profit": 12.72
    },
    {
      "strategy_A": "5-Tier",
      "strategy_B": "5-Tier",
      "profit_A": 7.18,
      "profit_B": 7.18,
      "total_profit": 14.36
    },
    {
      "strategy_A": "6-Tier",
      "strategy_B": "6-Tier",
      "profit_A": 6.61,
      "profit_B": 6.61,
      "total_profit": 13.22
    }
  ],
  "welfare": {
    "max_total_welfare": {
      "strategy": [
        "6-Tier",
        "6-Tier"
      ],
      "consumer_surplus": -34.791659975291495,
      "producer_surplus": 13.227850386011234,
      "total_welfare": -21.56380958928026,
      "efficiency": -3.333265652525483
    },
    "max_consumer_surplus": {
      "strategy": [
        "2-Tier",
        "3-Tier"
      ],
      "consumer_surplus": -29.822077009278487,
      "producer_surplus": 8.25826741999822,
      "total_welfare": -21.563809589280268
    },
    "max_producer_surplus": {
      "strategy": [
        "Flat",
        "Flat"
      ],
      "consumer_surplus": -40.48652893906744,
      "producer_surplus": 18.92271934978716,
      "total_welfare": -21.56380958928028
    }
  }
}