{
  "parameters": {
    "P0": 13.028402365204757,
    "gamma": 0.001,
    "beta": 0.3,
    "alpha": 0.77,
    "s0": 0.35,
    "max_tiers": 3
  },
  "strategies": {
    "Flat": {
      "n_tiers": 1,
      "avg_price": 13.017318268913877,
      "min_price": 13.017318268913879,
      "max_price": 13.017318268913879
    },
    "2-Tier": {
      "n_tiers": 2,
      "avg_price": 13.022787729343975,
      "min_price": 8.629011990350039,
      "max_price": 17.471314567889237
    },
    "3-Tier": {
      "n_tiers": 3,
      "avg_price": 13.024357914586043,
      "min_price": 5.025332327515429,
      "max_price": 18.580654146322516
    }
  },
  "nash_equilibria": [
    {
      "strategy_A": "Flat",
      "strategy_B": "Flat",
      "profit_A": 9.46,
      "profit_B": 9.46,
      "total_profit": 18.92
    },
    {
      "strategy_A": "2-Tier",
      "strategy_B": "2-Tier",
      "profit_A": 6.63,
      "profit_B": 6.63,
      "total_profit": 13.26
    },
    {
      "strategy_A": "3-Tier",
      "strategy_B": "3-Tier",
      "profit_A": 6.87,
      "profit_B": 6.87,
      "total_profit": 13.74
    }
  ],
  "welfare": {
    "max_total_welfare": {
      "strategy": [
        "Flat",
        "2-Tier"
      ],
      "consumer_surplus": -30.221579766569846,
      "producer_surplus": 8.657770177289576,
      "total_welfare": -21.563809589280268,
      "efficiency": -3.333265652525484
    },
    "max_consumer_surplus": {
      "strategy": [
        "2-Tier",
        "3-Tier"
      ],
      "consumer_surplus": -29.822077009278487,
      "producer_surplus": 8.25826741999822,
      "total_welfare": -21.563809589280268
    },
    "max_producer_surplus": {
      "strategy": [
        "Flat",
        "Flat"
      ],
      "consumer_surplus": -40.48652893906744,
      "producer_surplus": 18.92271934978716,
      "total_welfare": -21.56380958928028
    }
  }
}