{
  "parameters": {
    "P0": 11.103541511772475,
    "gamma": 0.001,
    "beta": 0.3,
    "alpha": 1.6,
    "s0": 0.35,
    "max_tiers": 10
  },
  "strategy_details": {
    "Flat": {
      "n_tiers": 1,
      "overall_metrics": {
        "unit_cost": 9.317827226058188,
        "total_cost": 28.03308381977619,
        "unit_price": 9.565454651136962,
        "total_price": 34.504311606083775
      },
      "tiers": {
        "tier_0": {
          "tier_name": "Universal",
          "unit_cost": 9.317827226058188,
          "total_cost": 28.03308381977619,
          "unit_price": 9.565454651136964,
          "total_price": 34.504311606083775,
          "distances": {
            "min_distance": 0.0,
            "max_distance": 19308.860309272983,
            "avg_distance": 9017.827226058189
          },
          "volume": {
            "total_volume_tb": 3.6071794665800376,
            "num_flows": 13566
          }
        }
      }
    },
    "2-Tier": {
      "n_tiers": 2,
      "overall_metrics": {
        "unit_cost": 9.317827226058188,
        "total_cost": 28.03308381977619,
        "unit_price": 9.850469428903374,
        "total_price": 28.40023719665205
      },
      "tiers": {
        "tier_1": {
          "tier_name": "Long-Haul",
          "unit_cost": 13.761522941920761,
          "total_cost": 15.569590604290672,
          "unit_price": 15.439358907064383,
          "total_price": 17.76149928194105,
          "distances": {
            "min_distance": 9659.111401340511,
            "max_distance": 19308.860309272983,
            "avg_distance": 13461.522941920757
          },
          "volume": {
            "total_volume_tb": 1.1504039376799609,
            "num_flows": 6741
          }
        },
        "tier_0": {
          "tier_name": "Local",
          "unit_cost": 4.928823149775465,
          "total_cost": 12.463493215485515,
          "unit_price": 4.330366282781267,
          "total_price": 10.638737914711005,
          "distances": {
            "min_distance": 0.0,
            "max_distance": 9650.276520950458,
            "avg_distance": 4628.823149775465
          },
          "volume": {
            "total_volume_tb": 2.456775528900077,
            "num_flows": 6825
          }
        }
      }
    },
    "3-Tier": {
      "n_tiers": 3,
      "overall_metrics": {
        "unit_cost": 9.317827226058188,
        "total_cost": 28.03308381977619,
        "unit_price": 10.39697713103812,
        "total_price": 32.6317036500358
      },
      "tiers": {
        "tier_1": {
          "tier_name": "Regional",
          "unit_cost": 9.392582423950339,
          "total_cost": 12.961119918269832,
          "unit_price": 10.524664886923105,
          "total_price": 15.200148805247194,
          "distances": {
            "min_distance": 6460.242389432733,
            "max_distance": 12872.273504325609,
            "avg_distance": 9092.582423950338
          },
          "volume": {
            "total_volume_tb": 1.4442406450521172,
            "num_flows": 5817
          }
        },
        "tier_2": {
          "tier_name": "Intercontinental",
          "unit_cost": 14.878977265388245,
          "total_cost": 12.469915481530926,
          "unit_price": 15.542280383277863,
          "total_price": 13.740660752503077,
          "distances": {
            "min_distance": 12873.912180345493,
            "max_distance": 19308.860309272983,
            "avg_distance": 14578.977265388245
          },
          "volume": {
            "total_volume_tb": 0.8840826708599873,
            "num_flows": 4540
          }
        },
        "tier_0": {
          "tier_name": "Metro",
          "unit_cost": 1.3145638528275607,
          "total_cost": 2.602048419975431,
          "unit_price": 2.8860901129167775,
          "total_price": 3.690894092285532,
          "distances": {
            "min_distance": 0.0,
            "max_distance": 6429.45591263573,
            "avg_distance": 1014.5638528275604
          },
          "volume": {
            "total_volume_tb": 1.2788561506679335,
            "num_flows": 3209
          }
        }
      }
    },
    "4-Tier": {
      "n_tiers": 4,
      "overall_metrics": {
        "unit_cost": 9.317827226058188,
        "total_cost": 28.03308381977619,
        "unit_price": 11.403401305351963,
        "total_price": 34.7054159495203
      },
      "tiers": {
        "tier_2": {
          "tier_name": "National",
          "unit_cost": 12.723004321951315,
          "total_cost": 13.183883442295743,
          "unit_price": 15.336202417240003,
          "total_price": 15.360565602625261,
          "distances": {
            "min_distance": 9659.111401340511,
            "max_distance": 14481.173464114854,
            "avg_distance": 12423.004321951314
          },
          "volume": {
            "total_volume_tb": 1.0015886061439743,
            "num_flows": 4644
          }
        },
        "tier_1": {
          "tier_name": "Regional",
          "unit_cost": 8.051928792490164,
          "total_cost": 11.13010567517316,
          "unit_price": 9.910617180774333,
          "total_price": 13.623004132512447,
          "distances": {
            "min_distance": 4828.282403525929,
            "max_distance": 9650.276520950458,
            "avg_distance": 7751.928792490164
          },
          "volume": {
            "total_volume_tb": 1.3745868581161422,
            "num_flows": 3775
          }
        },
        "tier_3": {
          "tier_name": "Intercontinental",
          "unit_cost": 16.061418254814466,
          "total_cost": 2.3857071619949304,
          "unit_price": 17.846136645587706,
          "total_price": 2.655778741549658,
          "distances": {
            "min_distance": 14482.156915187188,
            "max_distance": 19308.860309272983,
            "avg_distance": 15761.418254814467
          },
          "volume": {
            "total_volume_tb": 0.1488153315359868,
            "num_flows": 2097
          }
        },
        "tier_0": {
          "tier_name": "Metro",
          "unit_cost": 1.0633399362515357,
          "total_cost": 1.3333875403123534,
          "unit_price": 2.8332097309907036,
          "total_price": 3.0660674728329402,
          "distances": {
            "min_distance": 0.0,
            "max_distance": 4823.464533529197,
            "avg_distance": 763.3399362515356
          },
          "volume": {
            "total_volume_tb": 1.0821886707839352,
            "num_flows": 3050
          }
        }
      }
    },
    "5-Tier": {
      "n_tiers": 5,
      "overall_metrics": {
        "unit_cost": 9.317827226058188,
        "total_cost": 28.03308381977619,
        "unit_price": 10.870922934985217,
        "total_price": 34.82409189700207
      },
      "tiers": {
        "tier_2": {
          "tier_name": "Regional",
          "unit_cost": 9.665159190883466,
          "total_cost": 7.405522337670113,
          "unit_price": 10.705837745995781,
          "total_price": 8.78377161499446,
          "distances": {
            "min_distance": 7723.623828937612,
            "max_distance": 11582.765661324194,
            "avg_distance": 9365.159190883462
          },
          "volume": {
            "total_volume_tb": 0.82046560235604,
            "num_flows": 3616
          }
        },
        "tier_1": {
          "tier_name": "Metro",
          "unit_cost": 7.364497467603178,
          "total_cost": 5.210180055581664,
          "unit_price": 9.413055669327688,
          "total_price": 6.8302973818996415,
          "distances": {
            "min_distance": 3866.783063402461,
            "max_distance": 7723.371249583729,
            "avg_distance": 7064.497467603178
          },
          "volume": {
            "total_volume_tb": 0.7256195673160707,
            "num_flows": 1820
          }
        },
        "tier_4": {
          "tier_name": "Intercontinental",
          "unit_cost": 16.598925460525006,
          "total_cost": 1.3828700732561323,
          "unit_price": 18.38319367537221,
          "total_price": 1.5410049300564899,
          "distances": {
            "min_distance": 15447.533155849653,
            "max_distance": 19308.860309272983,
            "avg_distance": 16298.925460525004
          },
          "volume": {
            "total_volume_tb": 0.0838268342959885,
            "num_flows": 1261
          }
        },
        "tier_0": {
          "tier_name": "Local",
          "unit_cost": 0.9831092557218192,
          "total_cost": 1.0356221409610848,
          "unit_price": 2.8263164313369082,
          "total_price": 2.883246837519241,
          "distances": {
            "min_distance": 0.0,
            "max_distance": 3839.1275345135577,
            "avg_distance": 683.1092557218191
          },
          "volume": {
            "total_volume_tb": 1.020142969679939,
            "num_flows": 2984
          }
        },
        "tier_3": {
          "tier_name": "National",
          "unit_cost": 13.948056653445835,
          "total_cost": 12.998889212307194,
          "unit_price": 15.44811698135357,
          "total_price": 14.785771132532256,
          "distances": {
            "min_distance": 11588.198373221116,
            "max_distance": 15446.185811311228,
            "avg_distance": 13648.056653445832
          },
          "volume": {
            "total_volume_tb": 0.957124492932,
            "num_flows": 3885
          }
        }
      }
    },
    "6-Tier": {
      "n_tiers": 6,
      "overall_metrics": {
        "unit_cost": 9.317827226058188,
        "total_cost": 28.03308381977619,
        "unit_price": 10.949630934929326,
        "total_price": 33.994676710108024
      },
      "tiers": {
        "tier_3": {
          "tier_name": "National",
          "unit_cost": 11.456551279702504,
          "total_cost": 3.099675122759748,
          "unit_price": 13.27514825512276,
          "total_price": 3.535454300527258,
          "distances": {
            "min_distance": 9659.111401340511,
            "max_distance": 12872.273504325609,
            "avg_distance": 11156.5512797025
          },
          "volume": {
            "total_volume_tb": 0.26632126681997376,
            "num_flows": 2201
          }
        },
        "tier_2": {
          "tier_name": "Regional",
          "unit_cost": 8.136278372094555,
          "total_cost": 9.861444795510083,
          "unit_price": 9.978201984923935,
          "total_price": 11.753517477956342,
          "distances": {
            "min_distance": 6460.242389432733,
            "max_distance": 9650.276520950458,
            "avg_distance": 7836.278372094555
          },
          "volume": {
            "total_volume_tb": 1.1779193782321438,
            "num_flows": 3616
          }
        },
        "tier_5": {
          "tier_name": "Intercontinental",
          "unit_cost": 16.89844788673936,
          "total_cost": 0.6303996897924188,
          "unit_price": 18.683307128993803,
          "total_price": 0.6999096369501616,
          "distances": {
            "min_distance": 16091.145505720417,
            "max_distance": 19308.860309272983,
            "avg_distance": 16598.44788673936
          },
          "volume": {
            "total_volume_tb": 0.03746176370798949,
            "num_flows": 805
          }
        },
        "tier_0": {
          "tier_name": "Local",
          "unit_cost": 0.9487183422491557,
          "total_cost": 1.0350607057285346,
          "unit_price": 2.8241448021496005,
          "total_price": 2.880639139729333,
          "distances": {
            "min_distance": 0.0,
            "max_distance": 3212.9334515868877,
            "avg_distance": 648.7183422491559
          },
          "volume": {
            "total_volume_tb": 1.0200040513279391,
            "num_flows": 2949
          }
        },
        "tier_1": {
          "tier_name": "Metro",
          "unit_cost": 5.464096201657234,
          "total_cost": 1.5669877142468962,
          "unit_price": 7.769609228806806,
          "total_price": 2.011179659928038,
          "distances": {
            "min_distance": 3226.613167407512,
            "max_distance": 6429.45591263573,
            "avg_distance": 5164.096201657233
          },
          "volume": {
            "total_volume_tb": 0.25885209933999465,
            "num_flows": 260
          }
        },
        "tier_4": {
          "tier_name": "Continental",
          "unit_cost": 14.443723222499987,
          "total_cost": 11.839515791738505,
          "unit_price": 15.489785787515967,
          "total_price": 13.113976495016887,
          "distances": {
            "min_distance": 12873.912180345493,
            "max_distance": 16089.604096802374,
            "avg_distance": 14143.723222499983
          },
          "volume": {
            "total_volume_tb": 0.8466209071519976,
            "num_flows": 3735
          }
        }
      }
    },
    "7-Tier": {
      "n_tiers": 7,
      "overall_metrics": {
        "unit_cost": 9.317827226058188,
        "total_cost": 28.03308381977619,
        "unit_price": 11.270554206790246,
        "total_price": 35.03693994089475
      },
      "tiers": {
        "tier_3": {
          "tier_name": "Regional",
          "unit_cost": 9.848652662332254,
          "total_cost": 3.9097812768706643,
          "unit_price": 11.452576670968199,
          "total_price": 4.699018364821844,
          "distances": {
            "min_distance": 8278.469536322758,
            "max_distance": 11029.91868275368,
            "avg_distance": 9548.652662332253
          },
          "volume": {
            "total_volume_tb": 0.410302283916043,
            "num_flows": 1583
          }
        },
        "tier_2": {
          "tier_name": "Metro",
          "unit_cost": 7.835543489027421,
          "total_cost": 7.939882524186965,
          "unit_price": 9.745622073121712,
          "total_price": 10.053483276775916,
          "distances": {
            "min_distance": 5550.254717049661,
            "max_distance": 8274.563124543494,
            "avg_distance": 7535.543489027422
          },
          "volume": {
            "total_volume_tb": 1.0315896924120709,
            "num_flows": 2988
          }
        },
        "tier_6": {
          "tier_name": "Intercontinental",
          "unit_cost": 17.380734256481773,
          "total_cost": 0.3136087503344236,
          "unit_price": 19.162923205980942,
          "total_price": 0.3525232433719014,
          "distances": {
            "min_distance": 16550.812817092352,
            "max_distance": 19308.860309272983,
            "avg_distance": 17080.734256481774
          },
          "volume": {
            "total_volume_tb": 0.0183961100079906,
            "num_flows": 277
          }
        },
        "tier_0": {
          "tier_name": "Hyperlocal",
          "unit_cost": 0.9377340772585089,
          "total_cost": 1.0349640054706126,
          "unit_price": 2.8234686285530484,
          "total_price": 2.879869865224168,
          "distances": {
            "min_distance": 0.0,
            "max_distance": 2559.6442517393566,
            "avg_distance": 637.7340772585087
          },
          "volume": {
            "total_volume_tb": 1.0199758680159388,
            "num_flows": 2935
          }
        },
        "tier_1": {
          "tier_name": "Local",
          "unit_cost": 4.642594746942713,
          "total_cost": 0.3194946990132858,
          "unit_price": 6.451755189307604,
          "total_price": 0.4250748300230612,
          "distances": {
            "min_distance": 2764.8808473037448,
            "max_distance": 5500.2588640147615,
            "avg_distance": 4342.594746942714
          },
          "volume": {
            "total_volume_tb": 0.065885145599996,
            "num_flows": 160
          }
        },
        "tier_4": {
          "tier_name": "National",
          "unit_cost": 13.029919843647292,
          "total_cost": 12.082460398543116,
          "unit_price": 15.38061602685617,
          "total_price": 13.92843850667365,
          "distances": {
            "min_distance": 11044.601604099067,
            "max_distance": 13791.020318492228,
            "avg_distance": 12729.91984364729
          },
          "volume": {
            "total_volume_tb": 0.9055839169480036,
            "num_flows": 3332
          }
        },
        "tier_5": {
          "tier_name": "Continental",
          "unit_cost": 15.572851180566003,
          "total_cost": 2.432892165357121,
          "unit_price": 17.359880907923284,
          "total_price": 2.6985318540042043,
          "distances": {
            "min_distance": 13793.816064385355,
            "max_distance": 16550.447257495405,
            "avg_distance": 15272.851180566002
          },
          "volume": {
            "total_volume_tb": 0.1554464496799951,
            "num_flows": 2291
          }
        }
      }
    },
    "8-Tier": {
      "n_tiers": 8,
      "overall_metrics": {
        "unit_cost": 9.317827226058188,
        "total_cost": 28.03308381977619,
        "unit_price": 11.091494909441646,
        "total_price": 34.2003156164955
      },
      "tiers": {
        "tier_4": {
          "tier_name": "National",
          "unit_cost": 11.221543150732918,
          "total_cost": 2.9550637824456176,
          "unit_price": 13.06125183701751,
          "total_price": 3.330563904037601,
          "distances": {
            "min_distance": 9659.111401340511,
            "max_distance": 12067.892082090922,
            "avg_distance": 10921.543150732918
          },
          "volume": {
            "total_volume_tb": 0.2549957649999744,
            "num_flows": 1867
          }
        },
        "tier_3": {
          "tier_name": "Regional",
          "unit_cost": 8.32828405243889,
          "total_cost": 9.41948909907991,
          "unit_price": 10.033314868168624,
          "total_price": 11.20146054431921,
          "distances": {
            "min_distance": 7244.02115346753,
            "max_distance": 9650.276520950458,
            "avg_distance": 8028.284052438889
          },
          "volume": {
            "total_volume_tb": 1.1164266936201326,
            "num_flows": 2937
          }
        },
        "tier_6": {
          "tier_name": "Transcontinental",
          "unit_cost": 15.94364818376325,
          "total_cost": 2.3308308149184627,
          "unit_price": 17.729558050586345,
          "total_price": 2.584229722508597,
          "distances": {
            "min_distance": 14482.156915187188,
            "max_distance": 16895.252056064535,
            "avg_distance": 15643.648183763251
          },
          "volume": {
            "total_volume_tb": 0.1457582707439869,
            "num_flows": 1972
          }
        },
        "tier_0": {
          "tier_name": "Hyperlocal",
          "unit_cost": 0.9269155663524475,
          "total_cost": 1.034463638347519,
          "unit_price": 2.822813821128552,
          "total_price": 2.8786971134185046,
          "distances": {
            "min_distance": 0.0,
            "max_distance": 2398.427116742922,
            "avg_distance": 626.9155663524475
          },
          "volume": {
            "total_volume_tb": 1.0197970166759387,
            "num_flows": 2918
          }
        },
        "tier_1": {
          "tier_name": "Local",
          "unit_cost": 4.079145325384403,
          "total_cost": 0.29892390196483454,
          "unit_price": 5.959609173385892,
          "total_price": 0.3718298741647344,
          "distances": {
            "min_distance": 2433.240999439148,
            "max_distance": 4823.464533529197,
            "avg_distance": 3779.1453253844033
          },
          "volume": {
            "total_volume_tb": 0.06239165410799628,
            "num_flows": 132
          }
        },
        "tier_2": {
          "tier_name": "Metro",
          "unit_cost": 7.083366264483709,
          "total_cost": 1.7106165760932517,
          "unit_price": 8.721627848219825,
          "total_price": 2.2515768799694085,
          "distances": {
            "min_distance": 4828.282403525929,
            "max_distance": 7240.070456772998,
            "avg_distance": 6783.3662644837095
          },
          "volume": {
            "total_volume_tb": 0.2581601644960096,
            "num_flows": 838
          }
        },
        "tier_5": {
          "tier_name": "Continental",
          "unit_cost": 13.73244904887416,
          "total_cost": 10.228819659850124,
          "unit_price": 15.432395923034798,
          "total_price": 11.521716317837628,
          "distances": {
            "min_distance": 12071.624691165349,
            "max_distance": 14481.173464114854,
            "avg_distance": 13432.44904887416
          },
          "volume": {
            "total_volume_tb": 0.7465928411439996,
            "num_flows": 2777
          }
        },
        "tier_7": {
          "tier_name": "Intercontinental",
          "unit_cost": 17.919358895718457,
          "total_cost": 0.0548763470764683,
          "unit_price": 19.705614097522233,
          "total_price": 0.0602412602398157,
          "distances": {
            "min_distance": 16896.774727847074,
            "max_distance": 19308.860309272983,
            "avg_distance": 17619.358895718455
          },
          "volume": {
            "total_volume_tb": 0.0030570607919998996,
            "num_flows": 125
          }
        }
      }
    },
    "9-Tier": {
      "n_tiers": 9,
      "overall_metrics": {
        "unit_cost": 9.317827226058188,
        "total_cost": 28.03308381977619,
        "unit_price": 11.05778595224361,
        "total_price": 34.58871381845887
      },
      "tiers": {
        "tier_4": {
          "tier_name": "State",
          "unit_cost": 10.028171871425027,
          "total_cost": 3.679753136770722,
          "unit_price": 11.520192748475692,
          "total_price": 4.439398566470114,
          "distances": {
            "min_distance": 8583.493715566568,
            "max_distance": 10725.716595415315,
            "avg_distance": 9728.171871425027
          },
          "volume": {
            "total_volume_tb": 0.3853580112240326,
            "num_flows": 1192
          }
        },
        "tier_3": {
          "tier_name": "Regional",
          "unit_cost": 7.977467143194134,
          "total_cost": 6.867271890860341,
          "unit_price": 9.828067229014687,
          "total_price": 8.43868863786273,
          "distances": {
            "min_distance": 6460.242389432733,
            "max_distance": 8574.585236273799,
            "avg_distance": 7677.467143194135
          },
          "volume": {
            "total_volume_tb": 0.8586315540200828,
            "num_flows": 3177
          }
        },
        "tier_7": {
          "tier_name": "Transcontinental",
          "unit_cost": 16.219055142396154,
          "total_cost": 2.145162766045629,
          "unit_price": 18.00198456028577,
          "total_price": 2.401771829859816,
          "distances": {
            "min_distance": 15018.895582246265,
            "max_distance": 17110.526309015102,
            "avg_distance": 15919.055142396153
          },
          "volume": {
            "total_volume_tb": 0.13341705864798772,
            "num_flows": 1576
          }
        },
        "tier_0": {
          "tier_name": "Hyperlocal",
          "unit_cost": 0.8568334914937649,
          "total_cost": 1.0279284280226708,
          "unit_price": 2.8187802395581256,
          "total_price": 2.8673296418966197,
          "distances": {
            "min_distance": 0.0,
            "max_distance": 2144.164739418337,
            "avg_distance": 556.8334914937649
          },
          "volume": {
            "total_volume_tb": 1.0172235499799391,
            "num_flows": 2798
          }
        },
        "tier_1": {
          "tier_name": "Local",
          "unit_cost": 3.001141171182024,
          "total_cost": 0.008663060204620352,
          "unit_price": 4.785444369390143,
          "total_price": 0.01503090973247279,
          "distances": {
            "min_distance": 2145.493020526542,
            "max_distance": 4270.014620253549,
            "avg_distance": 2701.1411711820233
          },
          "volume": {
            "total_volume_tb": 0.0031409642600000232,
            "num_flows": 202
          }
        },
        "tier_5": {
          "tier_name": "National",
          "unit_cost": 11.974211309014311,
          "total_cost": 2.4140948906387685,
          "unit_price": 13.772465389921166,
          "total_price": 2.757951065950046,
          "distances": {
            "min_distance": 10731.419287046603,
            "max_distance": 12872.273504325609,
            "avg_distance": 11674.21130901431
          },
          "volume": {
            "total_volume_tb": 0.20025107980800175,
            "num_flows": 1448
          }
        },
        "tier_2": {
          "tier_name": "Metro",
          "unit_cost": 5.8123673585900395,
          "total_cost": 1.5654569317481393,
          "unit_price": 7.957274696233077,
          "total_price": 2.056888957736361,
          "distances": {
            "min_distance": 4321.417798189596,
            "max_distance": 6429.45591263573,
            "avg_distance": 5512.367358590041
          },
          "volume": {
            "total_volume_tb": 0.2584916364279945,
            "num_flows": 209
          }
        },
        "tier_6": {
          "tier_name": "Continental",
          "unit_cost": 14.034118950488011,
          "total_cost": 10.271269743585064,
          "unit_price": 15.450820968596958,
          "total_price": 11.552414141182677,
          "distances": {
            "min_distance": 12873.912180345493,
            "max_distance": 15015.072596411594,
            "avg_distance": 13734.118950488011
          },
          "volume": {
            "total_volume_tb": 0.7476893405639996,
            "num_flows": 2868
          }
        },
        "tier_8": {
          "tier_name": "Intercontinental",
          "unit_cost": 18.119507608819543,
          "total_cost": 0.0534829719002307,
          "unit_price": 19.9041199105069,
          "total_price": 0.059240067768032,
          "distances": {
            "min_distance": 17165.255906422095,
            "max_distance": 19308.860309272983,
            "avg_distance": 17819.50760881954
          },
          "volume": {
            "total_volume_tb": 0.0029762716479998994,
            "num_flows": 96
          }
        }
      }
    },
    "10-Tier": {
      "n_tiers": 10,
      "overall_metrics": {
        "unit_cost": 9.317827226058188,
        "total_cost": 28.03308381977619,
        "unit_price": 11.199319007315289,
        "total_price": 34.744387837324766
      },
      "tiers": {
        "tier_5": {
          "tier_name": "National",
          "unit_cost": 11.063937960582285,
          "total_cost": 1.1878313187273477,
          "unit_price": 12.846983374891469,
          "total_price": 1.4061358668149633,
          "distances": {
            "min_distance": 9659.111401340511,
            "max_distance": 11582.765661324194,
            "avg_distance": 10763.937960582283
          },
          "volume": {
            "total_volume_tb": 0.10945261045197252,
            "num_flows": 1595
          }
        },
        "tier_4": {
          "tier_name": "State",
          "unit_cost": 8.561224436964801,
          "total_cost": 6.217691018942765,
          "unit_price": 10.226138211375906,
          "total_price": 7.270917125294892,
          "distances": {
            "min_distance": 7723.623828937612,
            "max_distance": 9650.276520950458,
            "avg_distance": 8261.2244369648
          },
          "volume": {
            "total_volume_tb": 0.7110129919040675,
            "num_flows": 2021
          }
        },
        "tier_3": {
          "tier_name": "Regional",
          "unit_cost": 7.52538539268522,
          "total_cost": 4.888345054407789,
          "unit_price": 9.48551852458793,
          "total_price": 6.254714932444481,
          "distances": {
            "min_distance": 5798.621943198835,
            "max_distance": 7723.371249583729,
            "avg_distance": 7225.38539268522
          },
          "volume": {
            "total_volume_tb": 0.6593962065680747,
            "num_flows": 1697
          }
        },
        "tier_8": {
          "tier_name": "Global",
          "unit_cost": 16.48698846184882,
          "total_cost": 1.3504918068589604,
          "unit_price": 18.272200488451976,
          "total_price": 1.4993153528911471,
          "distances": {
            "min_distance": 15447.533155849653,
            "max_distance": 17325.410002180528,
            "avg_distance": 16186.988461848816
          },
          "volume": {
            "total_volume_tb": 0.08205444953598849,
            "num_flows": 1180
          }
        },
        "tier_0": {
          "tier_name": "Hyperlocal",
          "unit_cost": 0.7422206990764871,
          "total_cost": 1.0159353738671741,
          "unit_price": 2.8129535628242968,
          "total_price": 2.8471360865171307,
          "distances": {
            "min_distance": 0.0,
            "max_distance": 1929.9000547086305,
            "avg_distance": 442.2206990764873
          },
          "volume": {
            "total_volume_tb": 1.0121518265159395,
            "num_flows": 2599
          }
        },
        "tier_1": {
          "tier_name": "Local",
          "unit_cost": 2.6092634342184877,
          "total_cost": 0.0196867670939107,
          "unit_price": 4.3939179402720665,
          "total_price": 0.03511242731158043,
          "distances": {
            "min_distance": 1934.8969132569275,
            "max_distance": 3839.1275345135577,
            "avg_distance": 2309.263434218488
          },
          "volume": {
            "total_volume_tb": 0.007991143163999624,
            "num_flows": 385
          }
        },
        "tier_6": {
          "tier_name": "Continental",
          "unit_cost": 13.412817383322393,
          "total_cost": 10.813498256239734,
          "unit_price": 15.410914638628615,
          "total_price": 12.454400521219444,
          "distances": {
            "min_distance": 11588.198373221116,
            "max_distance": 13507.788340276811,
            "avg_distance": 13112.817383322395
          },
          "volume": {
            "total_volume_tb": 0.808154532892003,
            "num_flows": 2491
          }
        },
        "tier_2": {
          "tier_name": "Metro",
          "unit_cost": 5.144767314235497,
          "total_cost": 0.3218350011738759,
          "unit_price": 6.887309848578436,
          "total_price": 0.4561008046856346,
          "distances": {
            "min_distance": 3866.783063402461,
            "max_distance": 5792.458225128767,
            "avg_distance": 4844.767314235499
          },
          "volume": {
            "total_volume_tb": 0.06622336074799587,
            "num_flows": 123
          }
        },
        "tier_7": {
          "tier_name": "Transcontinental",
          "unit_cost": 14.904499280330686,
          "total_cost": 2.1853909560674594,
          "unit_price": 16.681747654208746,
          "total_price": 2.4850792814447855,
          "distances": {
            "min_distance": 13518.81871251276,
            "max_distance": 15446.185811311228,
            "avg_distance": 14604.499280330687
          },
          "volume": {
            "total_volume_tb": 0.14896996003999669,
            "num_flows": 1394
          }
        },
        "tier_9": {
          "tier_name": "Intercontinental",
          "unit_cost": 18.22961260173369,
          "total_cost": 0.03237826639717203,
          "unit_price": 20.015653204277417,
          "total_price": 0.03547543870070646,
          "distances": {
            "min_distance": 17400.630085665343,
            "max_distance": 19308.860309272983,
            "avg_distance": 17929.612601733694
          },
          "volume": {
            "total_volume_tb": 0.0017723847600000001,
            "num_flows": 81
          }
        }
      }
    }
  }
}