{
  "parameters": {
    "P0": 11.103541511772475,
    "gamma": 0.001,
    "beta": 0.3,
    "alpha": 1.6,
    "s0": 0.35,
    "max_tiers": 10
  },
  "welfare_matrix": {
    "Flat": {
      "Flat": {
        "social_welfare": -15.64365404901844,
        "consumer_surplus": -22.11488183532603,
        "producer_profit": 6.4712277863075895,
        "profit_A": 3.24,
        "profit_B": 3.24
      },
      "2-Tier": {
        "social_welfare": -15.643654049018442,
        "consumer_surplus": -9.256966037885302,
        "producer_profit": -6.38668801113314,
        "profit_A": -4.56,
        "profit_B": -1.82
      },
      "3-Tier": {
        "social_welfare": -15.643654049018444,
        "consumer_surplus": -13.819123392605173,
        "producer_profit": -1.824530656413271,
        "profit_A": -3.31,
        "profit_B": 1.49
      },
      "4-Tier": {
        "social_welfare": -15.643654049018444,
        "consumer_surplus": -15.003380416219535,
        "producer_profit": -0.6402736327989089,
        "profit_A": -3.28,
        "profit_B": 2.64
      },
      "5-Tier": {
        "social_welfare": -15.643654049018442,
        "consumer_surplus": -15.308544480626841,
        "producer_profit": -0.3351095683916019,
        "profit_A": -3.28,
        "profit_B": 2.95
      },
      "6-Tier": {
        "social_welfare": -15.643654049018442,
        "consumer_surplus": -14.967473429108248,
        "producer_profit": -0.6761806199101947,
        "profit_A": -3.59,
        "profit_B": 2.91
      },
      "7-Tier": {
        "social_welfare": -15.643654049018444,
        "consumer_surplus": -15.150772294081893,
        "producer_profit": -0.4928817549365503,
        "profit_A": -3.39,
        "profit_B": 2.89
      },
      "8-Tier": {
        "social_welfare": -15.643654049018446,
        "consumer_surplus": -15.013037693598138,
        "producer_profit": -0.6306163554203077,
        "profit_A": -3.55,
        "profit_B": 2.92
      },
      "9-Tier": {
        "social_welfare": -15.643654049018444,
        "consumer_surplus": -14.973296655232541,
        "producer_profit": -0.6703573937859031,
        "profit_A": -3.63,
        "profit_B": 2.96
      },
      "10-Tier": {
        "social_welfare": -15.643654049018444,
        "consumer_surplus": -15.15959420809859,
        "producer_profit": -0.4840598409198549,
        "profit_A": -3.46,
        "profit_B": 2.98
      }
    },
    "2-Tier": {
      "Flat": {
        "social_welfare": -15.643654049018444,
        "consumer_surplus": -9.256966037885304,
        "producer_profit": -6.386688011133141,
        "profit_A": -1.82,
        "profit_B": -4.56
      },
      "2-Tier": {
        "social_welfare": -15.643654049018442,
        "consumer_surplus": -16.010807425894306,
        "producer_profit": 0.36715337687586463,
        "profit_A": 0.18,
        "profit_B": 0.18
      },
      "3-Tier": {
        "social_welfare": -15.643654049018442,
        "consumer_surplus": -13.06417658111118,
        "producer_profit": -2.5794774679072625,
        "profit_A": -3.86,
        "profit_B": 1.28
      },
      "4-Tier": {
        "social_welfare": -15.643654049018446,
        "consumer_surplus": -14.478481252100156,
        "producer_profit": -1.1651727969182897,
        "profit_A": -3.94,
        "profit_B": 2.77
      },
      "5-Tier": {
        "social_welfare": -15.643654049018444,
        "consumer_surplus": -14.093106817110264,
        "producer_profit": -1.5505472319081806,
        "profit_A": -4.12,
        "profit_B": 2.57
      },
      "6-Tier": {
        "social_welfare": -15.643654049018446,
        "consumer_surplus": -14.067781632147195,
        "producer_profit": -1.5758724168712503,
        "profit_A": -4.31,
        "profit_B": 2.73
      },
      "7-Tier": {
        "social_welfare": -15.64365404901844,
        "consumer_surplus": -14.30893242482497,
        "producer_profit": -1.3347216241934712,
        "profit_A": -4.08,
        "profit_B": 2.75
      },
      "8-Tier": {
        "social_welfare": -15.643654049018442,
        "consumer_surplus": -14.021090440107102,
        "producer_profit": -1.6225636089113404,
        "profit_A": -4.34,
        "profit_B": 2.72
      },
      "9-Tier": {
        "social_welfare": -15.643654049018442,
        "consumer_surplus": -14.042201162394477,
        "producer_profit": -1.601452886623966,
        "profit_A": -4.33,
        "profit_B": 2.73
      },
      "10-Tier": {
        "social_welfare": -15.643654049018446,
        "consumer_surplus": -14.337415373522438,
        "producer_profit": -1.306238675496008,
        "profit_A": -4.09,
        "profit_B": 2.78
      }
    },
    "3-Tier": {
      "Flat": {
        "social_welfare": -15.643654049018446,
        "consumer_surplus": -13.819123392605174,
        "producer_profit": -1.824530656413271,
        "profit_A": 1.49,
        "profit_B": -3.31
      },
      "2-Tier": {
        "social_welfare": -15.643654049018442,
        "consumer_surplus": -13.06417658111118,
        "producer_profit": -2.579477467907262,
        "profit_A": 1.28,
        "profit_B": -3.86
      },
      "3-Tier": {
        "social_welfare": -15.643654049018442,
        "consumer_surplus": -20.24227387927806,
        "producer_profit": 4.598619830259617,
        "profit_A": 2.3,
        "profit_B": 2.3
      },
      "4-Tier": {
        "social_welfare": -15.643654049018444,
        "consumer_surplus": -19.607023173450106,
        "producer_profit": 3.9633691244316616,
        "profit_A": 1.04,
        "profit_B": 2.92
      },
      "5-Tier": {
        "social_welfare": -15.643654049018446,
        "consumer_surplus": -19.792256636813715,
        "producer_profit": 4.148602587795269,
        "profit_A": 1.26,
        "profit_B": 2.89
      },
      "6-Tier": {
        "social_welfare": -15.64365404901845,
        "consumer_surplus": -19.741900979547935,
        "producer_profit": 4.098246930529486,
        "profit_A": 1.12,
        "profit_B": 2.97
      },
      "7-Tier": {
        "social_welfare": -15.643654049018444,
        "consumer_surplus": -19.722890162621656,
        "producer_profit": 4.079236113603211,
        "profit_A": 1.12,
        "profit_B": 2.96
      },
      "8-Tier": {
        "social_welfare": -15.64365404901845,
        "consumer_surplus": -19.704432786356836,
        "producer_profit": 4.060778737338387,
        "profit_A": 1.08,
        "profit_B": 2.98
      },
      "9-Tier": {
        "social_welfare": -15.643654049018446,
        "consumer_surplus": -19.79451105210332,
        "producer_profit": 4.150857003084875,
        "profit_A": 1.18,
        "profit_B": 2.98
      },
      "10-Tier": {
        "social_welfare": -15.643654049018446,
        "consumer_surplus": -19.65122136632857,
        "producer_profit": 4.007567317310125,
        "profit_A": 1.05,
        "profit_B": 2.96
      }
    },
    "4-Tier": {
      "Flat": {
        "social_welfare": -15.64365404901844,
        "consumer_surplus": -15.003380416219532,
        "producer_profit": -0.6402736327989098,
        "profit_A": 2.64,
        "profit_B": -3.28
      },
      "2-Tier": {
        "social_welfare": -15.643654049018446,
        "consumer_surplus": -14.478481252100156,
        "producer_profit": -1.1651727969182897,
        "profit_A": 2.77,
        "profit_B": -3.94
      },
      "3-Tier": {
        "social_welfare": -15.643654049018444,
        "consumer_surplus": -19.607023173450106,
        "producer_profit": 3.9633691244316616,
        "profit_A": 2.92,
        "profit_B": 1.04
      },
      "4-Tier": {
        "social_welfare": -15.643654049018448,
        "consumer_surplus": -22.315986178762564,
        "producer_profit": 6.672332129744118,
        "profit_A": 3.34,
        "profit_B": 3.34
      },
      "5-Tier": {
        "social_welfare": -15.643654049018448,
        "consumer_surplus": -21.60847626135121,
        "producer_profit": 5.964822212332762,
        "profit_A": 2.97,
        "profit_B": 3.0
      },
      "6-Tier": {
        "social_welfare": -15.643654049018439,
        "consumer_surplus": -21.21155686504646,
        "producer_profit": 5.567902816028022,
        "profit_A": 2.51,
        "profit_B": 3.05
      },
      "7-Tier": {
        "social_welfare": -15.643654049018444,
        "consumer_surplus": -21.94903445546097,
        "producer_profit": 6.305380406442527,
        "profit_A": 3.02,
        "profit_B": 3.28
      },
      "8-Tier": {
        "social_welfare": -15.64365404901845,
        "consumer_surplus": -21.565516674446695,
        "producer_profit": 5.921862625428245,
        "profit_A": 2.62,
        "profit_B": 3.31
      },
      "9-Tier": {
        "social_welfare": -15.643654049018444,
        "consumer_surplus": -21.41698578755101,
        "producer_profit": 5.7733317385325655,
        "profit_A": 2.58,
        "profit_B": 3.19
      },
      "10-Tier": {
        "social_welfare": -15.643654049018442,
        "consumer_surplus": -21.911782603981745,
        "producer_profit": 6.268128554963303,
        "profit_A": 2.9,
        "profit_B": 3.37
      }
    },
    "5-Tier": {
      "Flat": {
        "social_welfare": -15.643654049018444,
        "consumer_surplus": -15.308544480626844,
        "producer_profit": -0.33510956839160055,
        "profit_A": 2.95,
        "profit_B": -3.28
      },
      "2-Tier": {
        "social_welfare": -15.643654049018444,
        "consumer_surplus": -14.093106817110264,
        "producer_profit": -1.5505472319081806,
        "profit_A": 2.57,
        "profit_B": -4.12
      },
      "3-Tier": {
        "social_welfare": -15.643654049018442,
        "consumer_surplus": -19.79225663681371,
        "producer_profit": 4.148602587795269,
        "profit_A": 2.89,
        "profit_B": 1.26
      },
      "4-Tier": {
        "social_welfare": -15.643654049018448,
        "consumer_surplus": -21.60847626135121,
        "producer_profit": 5.964822212332762,
        "profit_A": 3.0,
        "profit_B": 2.97
      },
      "5-Tier": {
        "social_welfare": -15.643654049018448,
        "consumer_surplus": -22.434662126244344,
        "producer_profit": 6.791008077225897,
        "profit_A": 3.4,
        "profit_B": 3.4
      },
      "6-Tier": {
        "social_welfare": -15.64365404901844,
        "consumer_surplus": -21.28017777296926,
        "producer_profit": 5.63652372395082,
        "profit_A": 2.54,
        "profit_B": 3.09
      },
      "7-Tier": {
        "social_welfare": -15.64365404901844,
        "consumer_surplus": -22.023114054900592,
        "producer_profit": 6.379460005882152,
        "profit_A": 3.16,
        "profit_B": 3.22
      },
      "8-Tier": {
        "social_welfare": -15.643654049018446,
        "consumer_surplus": -21.4218041889451,
        "producer_profit": 5.7781501399266535,
        "profit_A": 2.59,
        "profit_B": 3.19
      },
      "9-Tier": {
        "social_welfare": -15.643654049018446,
        "consumer_surplus": -21.68252880611125,
        "producer_profit": 6.038874757092804,
        "profit_A": 2.72,
        "profit_B": 3.32
      },
      "10-Tier": {
        "social_welfare": -15.643654049018444,
        "consumer_surplus": -22.06351575246819,
        "producer_profit": 6.4198617034497465,
        "profit_A": 3.03,
        "profit_B": 3.39
      }
    },
    "6-Tier": {
      "Flat": {
        "social_welfare": -15.643654049018444,
        "consumer_surplus": -14.967473429108251,
        "producer_profit": -0.6761806199101934,
        "profit_A": 2.91,
        "profit_B": -3.59
      },
      "2-Tier": {
        "social_welfare": -15.643654049018446,
        "consumer_surplus": -14.067781632147195,
        "producer_profit": -1.5758724168712508,
        "profit_A": 2.73,
        "profit_B": -4.31
      },
      "3-Tier": {
        "social_welfare": -15.64365404901845,
        "consumer_surplus": -19.741900979547935,
        "producer_profit": 4.098246930529486,
        "profit_A": 2.97,
        "profit_B": 1.12
      },
      "4-Tier": {
        "social_welfare": -15.643654049018439,
        "consumer_surplus": -21.21155686504646,
        "producer_profit": 5.567902816028022,
        "profit_A": 3.05,
        "profit_B": 2.51
      },
      "5-Tier": {
        "social_welfare": -15.64365404901844,
        "consumer_surplus": -21.28017777296926,
        "producer_profit": 5.63652372395082,
        "profit_A": 3.09,
        "profit_B": 2.54
      },
      "6-Tier": {
        "social_welfare": -15.643654049018444,
        "consumer_surplus": -21.605246939350277,
        "producer_profit": 5.961592890331834,
        "profit_A": 2.98,
        "profit_B": 2.98
      },
      "7-Tier": {
        "social_welfare": -15.643654049018444,
        "consumer_surplus": -21.312038515675876,
        "producer_profit": 5.668384466657432,
        "profit_A": 2.91,
        "profit_B": 2.76
      },
      "8-Tier": {
        "social_welfare": -15.643654049018442,
        "consumer_surplus": -21.419773922535743,
        "producer_profit": 5.776119873517301,
        "profit_A": 2.85,
        "profit_B": 2.92
      },
      "9-Tier": {
        "social_welfare": -15.643654049018446,
        "consumer_surplus": -21.482489011164684,
        "producer_profit": 5.8388349621462385,
        "profit_A": 2.9,
        "profit_B": 2.94
      },
      "10-Tier": {
        "social_welfare": -15.643654049018442,
        "consumer_surplus": -21.45289876950667,
        "producer_profit": 5.809244720488229,
        "profit_A": 2.94,
        "profit_B": 2.87
      }
    },
    "7-Tier": {
      "Flat": {
        "social_welfare": -15.643654049018442,
        "consumer_surplus": -15.150772294081891,
        "producer_profit": -0.49288175493655073,
        "profit_A": 2.89,
        "profit_B": -3.39
      },
      "2-Tier": {
        "social_welfare": -15.643654049018442,
        "consumer_surplus": -14.30893242482497,
        "producer_profit": -1.3347216241934716,
        "profit_A": 2.75,
        "profit_B": -4.08
      },
      "3-Tier": {
        "social_welfare": -15.643654049018446,
        "consumer_surplus": -19.722890162621656,
        "producer_profit": 4.07923611360321,
        "profit_A": 2.96,
        "profit_B": 1.12
      },
      "4-Tier": {
        "social_welfare": -15.643654049018444,
        "consumer_surplus": -21.94903445546097,
        "producer_profit": 6.305380406442527,
        "profit_A": 3.28,
        "profit_B": 3.02
      },
      "5-Tier": {
        "social_welfare": -15.64365404901844,
        "consumer_surplus": -22.023114054900592,
        "producer_profit": 6.379460005882152,
        "profit_A": 3.22,
        "profit_B": 3.16
      },
      "6-Tier": {
        "social_welfare": -15.643654049018444,
        "consumer_surplus": -21.312038515675876,
        "producer_profit": 5.6683844666574315,
        "profit_A": 2.76,
        "profit_B": 2.91
      },
      "7-Tier": {
        "social_welfare": -15.643654049018444,
        "consumer_surplus": -22.647510170137004,
        "producer_profit": 7.00385612111856,
        "profit_A": 3.5,
        "profit_B": 3.5
      },
      "8-Tier": {
        "social_welfare": -15.643654049018444,
        "consumer_surplus": -21.61907207227315,
        "producer_profit": 5.975418023254703,
        "profit_A": 2.82,
        "profit_B": 3.16
      },
      "9-Tier": {
        "social_welfare": -15.643654049018446,
        "consumer_surplus": -22.009379140788546,
        "producer_profit": 6.3657250917701,
        "profit_A": 3.04,
        "profit_B": 3.32
      },
      "10-Tier": {
        "social_welfare": -15.643654049018444,
        "consumer_surplus": -22.1273920378105,
        "producer_profit": 6.483737988792055,
        "profit_A": 3.16,
        "profit_B": 3.32
      }
    },
    "8-Tier": {
      "Flat": {
        "social_welfare": -15.643654049018446,
        "consumer_surplus": -15.013037693598138,
        "producer_profit": -0.6306163554203086,
        "profit_A": 2.92,
        "profit_B": -3.55
      },
      "2-Tier": {
        "social_welfare": -15.643654049018444,
        "consumer_surplus": -14.021090440107104,
        "producer_profit": -1.6225636089113404,
        "profit_A": 2.72,
        "profit_B": -4.34
      },
      "3-Tier": {
        "social_welfare": -15.64365404901845,
        "consumer_surplus": -19.704432786356836,
        "producer_profit": 4.060778737338387,
        "profit_A": 2.98,
        "profit_B": 1.08
      },
      "4-Tier": {
        "social_welfare": -15.643654049018448,
        "consumer_surplus": -21.565516674446695,
        "producer_profit": 5.921862625428246,
        "profit_A": 3.31,
        "profit_B": 2.62
      },
      "5-Tier": {
        "social_welfare": -15.643654049018446,
        "consumer_surplus": -21.4218041889451,
        "producer_profit": 5.7781501399266535,
        "profit_A": 3.19,
        "profit_B": 2.59
      },
      "6-Tier": {
        "social_welfare": -15.643654049018442,
        "consumer_surplus": -21.419773922535743,
        "producer_profit": 5.776119873517301,
        "profit_A": 2.92,
        "profit_B": 2.85
      },
      "7-Tier": {
        "social_welfare": -15.643654049018444,
        "consumer_surplus": -21.61907207227315,
        "producer_profit": 5.975418023254703,
        "profit_A": 3.16,
        "profit_B": 2.82
      },
      "8-Tier": {
        "social_welfare": -15.643654049018442,
        "consumer_surplus": -21.810885845737754,
        "producer_profit": 6.167231796719312,
        "profit_A": 3.08,
        "profit_B": 3.08
      },
      "9-Tier": {
        "social_welfare": -15.643654049018448,
        "consumer_surplus": -21.56688115234895,
        "producer_profit": 5.923227103330503,
        "profit_A": 2.96,
        "profit_B": 2.96
      },
      "10-Tier": {
        "social_welfare": -15.64365404901844,
        "consumer_surplus": -21.708482367310182,
        "producer_profit": 6.064828318291741,
        "profit_A": 3.18,
        "profit_B": 2.89
      }
    },
    "9-Tier": {
      "Flat": {
        "social_welfare": -15.643654049018444,
        "consumer_surplus": -14.973296655232541,
        "producer_profit": -0.6703573937859022,
        "profit_A": 2.96,
        "profit_B": -3.63
      },
      "2-Tier": {
        "social_welfare": -15.643654049018442,
        "consumer_surplus": -14.042201162394477,
        "producer_profit": -1.601452886623966,
        "profit_A": 2.73,
        "profit_B": -4.33
      },
      "3-Tier": {
        "social_welfare": -15.643654049018446,
        "consumer_surplus": -19.79451105210332,
        "producer_profit": 4.150857003084875,
        "profit_A": 2.98,
        "profit_B": 1.18
      },
      "4-Tier": {
        "social_welfare": -15.643654049018444,
        "consumer_surplus": -21.41698578755101,
        "producer_profit": 5.7733317385325655,
        "profit_A": 3.19,
        "profit_B": 2.58
      },
      "5-Tier": {
        "social_welfare": -15.643654049018446,
        "consumer_surplus": -21.68252880611125,
        "producer_profit": 6.038874757092804,
        "profit_A": 3.32,
        "profit_B": 2.72
      },
      "6-Tier": {
        "social_welfare": -15.643654049018446,
        "consumer_surplus": -21.482489011164684,
        "producer_profit": 5.8388349621462385,
        "profit_A": 2.94,
        "profit_B": 2.9
      },
      "7-Tier": {
        "social_welfare": -15.643654049018446,
        "consumer_surplus": -22.009379140788546,
        "producer_profit": 6.3657250917701,
        "profit_A": 3.32,
        "profit_B": 3.04
      },
      "8-Tier": {
        "social_welfare": -15.643654049018448,
        "consumer_surplus": -21.56688115234895,
        "producer_profit": 5.923227103330504,
        "profit_A": 2.96,
        "profit_B": 2.96
      },
      "9-Tier": {
        "social_welfare": -15.643654049018444,
        "consumer_surplus": -22.199284047701127,
        "producer_profit": 6.555629998682682,
        "profit_A": 3.28,
        "profit_B": 3.28
      },
      "10-Tier": {
        "social_welfare": -15.64365404901844,
        "consumer_surplus": -21.685675502689715,
        "producer_profit": 6.042021453671275,
        "profit_A": 3.12,
        "profit_B": 2.92
      }
    },
    "10-Tier": {
      "Flat": {
        "social_welfare": -15.643654049018448,
        "consumer_surplus": -15.159594208098593,
        "producer_profit": -0.4840598409198549,
        "profit_A": 2.98,
        "profit_B": -3.46
      },
      "2-Tier": {
        "social_welfare": -15.643654049018446,
        "consumer_surplus": -14.337415373522438,
        "producer_profit": -1.3062386754960076,
        "profit_A": 2.78,
        "profit_B": -4.09
      },
      "3-Tier": {
        "social_welfare": -15.643654049018446,
        "consumer_surplus": -19.65122136632857,
        "producer_profit": 4.007567317310125,
        "profit_A": 2.96,
        "profit_B": 1.05
      },
      "4-Tier": {
        "social_welfare": -15.643654049018442,
        "consumer_surplus": -21.911782603981745,
        "producer_profit": 6.268128554963303,
        "profit_A": 3.37,
        "profit_B": 2.9
      },
      "5-Tier": {
        "social_welfare": -15.643654049018444,
        "consumer_surplus": -22.06351575246819,
        "producer_profit": 6.419861703449747,
        "profit_A": 3.39,
        "profit_B": 3.03
      },
      "6-Tier": {
        "social_welfare": -15.643654049018442,
        "consumer_surplus": -21.45289876950667,
        "producer_profit": 5.809244720488229,
        "profit_A": 2.87,
        "profit_B": 2.94
      },
      "7-Tier": {
        "social_welfare": -15.643654049018448,
        "consumer_surplus": -22.127392037810502,
        "producer_profit": 6.483737988792055,
        "profit_A": 3.32,
        "profit_B": 3.16
      },
      "8-Tier": {
        "social_welfare": -15.64365404901844,
        "consumer_surplus": -21.708482367310182,
        "producer_profit": 6.064828318291741,
        "profit_A": 2.89,
        "profit_B": 3.18
      },
      "9-Tier": {
        "social_welfare": -15.64365404901844,
        "consumer_surplus": -21.685675502689715,
        "producer_profit": 6.042021453671275,
        "profit_A": 2.92,
        "profit_B": 3.12
      },
      "10-Tier": {
        "social_welfare": -15.643654049018444,
        "consumer_surplus": -22.354958066567022,
        "producer_profit": 6.711304017548578,
        "profit_A": 3.36,
        "profit_B": 3.36
      }
    }
  }
}