{
  "parameters": {
    "P0": 10.49360617961492,
    "gamma": 0.001,
    "beta": 0.3,
    "alpha": 2.43,
    "s0": 0.35,
    "max_tiers": 2
  },
  "strategies": {
    "Flat": {
      "n_tiers": 1,
      "avg_price": 8.736018752988803,
      "min_price": 8.736018752988805,
      "max_price": 8.736018752988805
    },
    "2-Tier": {
      "n_tiers": 2,
      "avg_price": 8.86976261804519,
      "min_price": 2.996620349008303,
      "max_price": 14.816090460528017
    }
  },
  "nash_equilibria": [
    {
      "strategy_A": "Flat",
      "strategy_B": "Flat",
      "profit_A": 1.74,
      "profit_B": 1.74,
      "total_profit": 3.48
    },
    {
      "strategy_A": "2-Tier",
      "strategy_B": "2-Tier",
      "profit_A": -1.81,
      "profit_B": -1.81,
      "total_profit": -3.62
    }
  ],
  "welfare": {
    "max_total_welfare": {
      "strategy": [
        "Flat",
        "Flat"
      ],
      "consumer_surplus": -15.426249600165823,
      "producer_surplus": 3.4793036456631805,
      "total_welfare": -11.946945954502642,
      "efficiency": -0.7426857866420186
    },
    "max_consumer_surplus": {
      "strategy": [
        "2-Tier",
        "Flat"
      ],
      "consumer_surplus": -1.3258510976332045,
      "producer_surplus": -10.621094856869437,
      "total_welfare": -11.946945954502642
    },
    "max_producer_surplus": {
      "strategy": [
        "Flat",
        "Flat"
      ],
      "consumer_surplus": -15.426249600165823,
      "producer_surplus": 3.4793036456631805,
      "total_welfare": -11.946945954502642
    }
  }
}