{
  "parameters": {
    "P0": 9.916808957115391,
    "gamma": 0.001,
    "beta": 0.3,
    "alpha": 4.77,
    "s0": 0.35,
    "max_tiers": 3
  },
  "strategies": {
    "Flat": {
      "n_tiers": 1,
      "avg_price": 8.164926767315464,
      "min_price": 8.164926767315466,
      "max_price": 8.164926767315466
    },
    "2-Tier": {
      "n_tiers": 2,
      "avg_price": 8.149327899661461,
      "min_price": 2.133638996641875,
      "max_price": 14.239978658170386
    },
    "3-Tier": {
      "n_tiers": 3,
      "avg_price": 8.909050453149097,
      "min_price": 1.6463333054408498,
      "max_price": 14.240104031990475
    }
  },
  "nash_equilibria": [
    {
      "strategy_A": "Flat",
      "strategy_B": "Flat",
      "profit_A": 0.71,
      "profit_B": 0.71,
      "total_profit": 1.42
    },
    {
      "strategy_A": "3-Tier",
      "strategy_B": "3-Tier",
      "profit_A": -0.35,
      "profit_B": -0.35,
      "total_profit": -0.7
    }
  ],
  "welfare": {
    "max_total_welfare": {
      "strategy": [
        "3-Tier",
        "Flat"
      ],
      "consumer_surplus": 0.666368823610169,
      "producer_surplus": -6.868870260037685,
      "total_welfare": -6.202501436427516,
      "efficiency": -0.28411983370441324
    },
    "max_consumer_surplus": {
      "strategy": [
        "Flat",
        "2-Tier"
      ],
      "consumer_surplus": 7.195746404897204,
      "producer_surplus": -13.398247841324725,
      "total_welfare": -6.202501436427521
    },
    "max_producer_surplus": {
      "strategy": [
        "Flat",
        "Flat"
      ],
      "consumer_surplus": -7.621773797841411,
      "producer_surplus": 1.4192723614138893,
      "total_welfare": -6.2025014364275215
    }
  }
}