,Flat,2-Tier,3-Tier,4-Tier,5-Tier
Flat,"(np.float64(0.71), np.float64(0.71))","(np.float64(-6.18), np.float64(-7.22))","(np.float64(-6.35), np.float64(-0.51))","(np.float64(-6.09), np.float64(0.5))","(np.float64(-5.98), np.float64(0.8))"
2-Tier,"(np.float64(-7.22), np.float64(-6.18))","(np.float64(-3.2), np.float64(-3.2))","(np.float64(-7.28), np.float64(-1.16))","(np.float64(-7.84), np.float64(0.95))","(np.float64(-8.14), np.float64(0.68))"
3-Tier,"(np.float64(-0.51), np.float64(-6.35))","(np.float64(-1.16), np.float64(-7.28))","(np.float64(-0.35), np.float64(-0.35))","(np.float64(-1.35), np.float64(0.64))","(np.float64(-1.44), np.float64(0.68))"
4-Tier,"(np.float64(0.5), np.float64(-6.09))","(np.float64(0.95), np.float64(-7.84))","(np.float64(0.64), np.float64(-1.35))","(np.float64(1.22), np.float64(1.22))","(np.float64(0.66), np.float64(0.97))"
5-Tier,"(np.float64(0.8), np.float64(-5.98))","(np.float64(0.68), np.float64(-8.14))","(np.float64(0.68), np.float64(-1.44))","(np.float64(0.97), np.float64(0.66))","(np.float64(1.07), np.float64(1.07))"
