{
  "parameters": {
    "P0": 9.916808957115391,
    "gamma": 0.001,
    "beta": 0.3,
    "alpha": 4.77,
    "s0": 0.35,
    "max_tiers": 5
  },
  "strategy_details": {
    "Flat": {
      "n_tiers": 1,
      "overall_metrics": {
        "unit_cost": 9.317827226058188,
        "total_cost": 28.03308381977619,
        "unit_price": 8.164926767315464,
        "total_price": 29.452356181190076
      },
      "tiers": {
        "tier_0": {
          "tier_name": "Universal",
          "unit_cost": 9.317827226058188,
          "total_cost": 28.03308381977619,
          "unit_price": 8.164926767315466,
          "total_price": 29.452356181190076,
          "distances": {
            "min_distance": 0.0,
            "max_distance": 19308.860309272983,
            "avg_distance": 9017.827226058189
          },
          "volume": {
            "total_volume_tb": 3.6071794665800376,
            "num_flows": 13566
          }
        }
      }
    },
    "2-Tier": {
      "n_tiers": 2,
      "overall_metrics": {
        "unit_cost": 9.317827226058188,
        "total_cost": 28.03308381977619,
        "unit_price": 8.149327899661461,
        "total_price": 21.62359959529449
      },
      "tiers": {
        "tier_1": {
          "tier_name": "Long-Haul",
          "unit_cost": 13.761522941920761,
          "total_cost": 15.569590604290672,
          "unit_price": 14.239978658170386,
          "total_price": 16.381727520837817,
          "distances": {
            "min_distance": 9659.111401340511,
            "max_distance": 19308.860309272983,
            "avg_distance": 13461.522941920757
          },
          "volume": {
            "total_volume_tb": 1.1504039376799609,
            "num_flows": 6741
          }
        },
        "tier_0": {
          "tier_name": "Local",
          "unit_cost": 4.928823149775465,
          "total_cost": 12.463493215485515,
          "unit_price": 2.133638996641875,
          "total_price": 5.241872074456673,
          "distances": {
            "min_distance": 0.0,
            "max_distance": 9650.276520950458,
            "avg_distance": 4628.823149775465
          },
          "volume": {
            "total_volume_tb": 2.456775528900077,
            "num_flows": 6825
          }
        }
      }
    },
    "3-Tier": {
      "n_tiers": 3,
      "overall_metrics": {
        "unit_cost": 9.317827226058188,
        "total_cost": 28.03308381977619,
        "unit_price": 8.909050453149097,
        "total_price": 27.338977816288924
      },
      "tiers": {
        "tier_1": {
          "tier_name": "Regional",
          "unit_cost": 9.392582423950339,
          "total_cost": 12.961119918269832,
          "unit_price": 8.754860334368953,
          "total_price": 12.644125136650212,
          "distances": {
            "min_distance": 6460.242389432733,
            "max_distance": 12872.273504325609,
            "avg_distance": 9092.582423950338
          },
          "volume": {
            "total_volume_tb": 1.4442406450521172,
            "num_flows": 5817
          }
        },
        "tier_2": {
          "tier_name": "Intercontinental",
          "unit_cost": 14.878977265388245,
          "total_cost": 12.469915481530926,
          "unit_price": 14.240104031990475,
          "total_price": 12.58942920592621,
          "distances": {
            "min_distance": 12873.912180345493,
            "max_distance": 19308.860309272983,
            "avg_distance": 14578.977265388245
          },
          "volume": {
            "total_volume_tb": 0.8840826708599873,
            "num_flows": 4540
          }
        },
        "tier_0": {
          "tier_name": "Metro",
          "unit_cost": 1.3145638528275607,
          "total_cost": 2.602048419975431,
          "unit_price": 1.6463333054408498,
          "total_price": 2.1054234737125004,
          "distances": {
            "min_distance": 0.0,
            "max_distance": 6429.45591263573,
            "avg_distance": 1014.5638528275604
          },
          "volume": {
            "total_volume_tb": 1.2788561506679335,
            "num_flows": 3209
          }
        }
      }
    },
    "4-Tier": {
      "n_tiers": 4,
      "overall_metrics": {
        "unit_cost": 9.317827226058188,
        "total_cost": 28.03308381977619,
        "unit_price": 10.18386067439781,
        "total_price": 30.467873776056315
      },
      "tiers": {
        "tier_2": {
          "tier_name": "National",
          "unit_cost": 12.723004321951315,
          "total_cost": 13.183883442295743,
          "unit_price": 14.239978517551569,
          "total_price": 14.262600234914608,
          "distances": {
            "min_distance": 9659.111401340511,
            "max_distance": 14481.173464114854,
            "avg_distance": 12423.004321951314
          },
          "volume": {
            "total_volume_tb": 1.0015886061439743,
            "num_flows": 4644
          }
        },
        "tier_1": {
          "tier_name": "Regional",
          "unit_cost": 8.051928792490164,
          "total_cost": 11.13010567517316,
          "unit_price": 8.738816219380253,
          "total_price": 12.012261930652281,
          "distances": {
            "min_distance": 4828.282403525929,
            "max_distance": 9650.276520950458,
            "avg_distance": 7751.928792490164
          },
          "volume": {
            "total_volume_tb": 1.3745868581161422,
            "num_flows": 3775
          }
        },
        "tier_3": {
          "tier_name": "Intercontinental",
          "unit_cost": 16.061418254814466,
          "total_cost": 2.3857071619949304,
          "unit_price": 16.224122549641653,
          "total_price": 2.4143981761054016,
          "distances": {
            "min_distance": 14482.156915187188,
            "max_distance": 19308.860309272983,
            "avg_distance": 15761.418254814467
          },
          "volume": {
            "total_volume_tb": 0.1488153315359868,
            "num_flows": 2097
          }
        },
        "tier_0": {
          "tier_name": "Metro",
          "unit_cost": 1.0633399362515357,
          "total_cost": 1.3333875403123534,
          "unit_price": 1.6435335929876196,
          "total_price": 1.7786134343840172,
          "distances": {
            "min_distance": 0.0,
            "max_distance": 4823.464533529197,
            "avg_distance": 763.3399362515356
          },
          "volume": {
            "total_volume_tb": 1.0821886707839352,
            "num_flows": 3050
          }
        }
      }
    },
    "5-Tier": {
      "n_tiers": 5,
      "overall_metrics": {
        "unit_cost": 9.317827226058188,
        "total_cost": 28.03308381977619,
        "unit_price": 9.518931700536331,
        "total_price": 30.169406055116003
      },
      "tiers": {
        "tier_2": {
          "tier_name": "Regional",
          "unit_cost": 9.665159190883466,
          "total_cost": 7.405522337670113,
          "unit_price": 8.876852512952507,
          "total_price": 7.283152144065307,
          "distances": {
            "min_distance": 7723.623828937612,
            "max_distance": 11582.765661324194,
            "avg_distance": 9365.159190883462
          },
          "volume": {
            "total_volume_tb": 0.82046560235604,
            "num_flows": 3616
          }
        },
        "tier_1": {
          "tier_name": "Metro",
          "unit_cost": 7.364497467603178,
          "total_cost": 5.210180055581664,
          "unit_price": 8.489928545110361,
          "total_price": 6.160458277447336,
          "distances": {
            "min_distance": 3866.783063402461,
            "max_distance": 7723.371249583729,
            "avg_distance": 7064.497467603178
          },
          "volume": {
            "total_volume_tb": 0.7256195673160707,
            "num_flows": 1820
          }
        },
        "tier_4": {
          "tier_name": "Intercontinental",
          "unit_cost": 16.598925460525006,
          "total_cost": 1.3828700732561323,
          "unit_price": 16.936438682100732,
          "total_price": 1.419728038968628,
          "distances": {
            "min_distance": 15447.533155849653,
            "max_distance": 19308.860309272983,
            "avg_distance": 16298.925460525004
          },
          "volume": {
            "total_volume_tb": 0.0838268342959885,
            "num_flows": 1261
          }
        },
        "tier_0": {
          "tier_name": "Local",
          "unit_cost": 0.9831092557218192,
          "total_cost": 1.0356221409610848,
          "unit_price": 1.6435296744296846,
          "total_price": 1.676635242829802,
          "distances": {
            "min_distance": 0.0,
            "max_distance": 3839.1275345135577,
            "avg_distance": 683.1092557218191
          },
          "volume": {
            "total_volume_tb": 1.020142969679939,
            "num_flows": 2984
          }
        },
        "tier_3": {
          "tier_name": "National",
          "unit_cost": 13.948056653445835,
          "total_cost": 12.998889212307194,
          "unit_price": 14.239978657377486,
          "total_price": 13.62943235180493,
          "distances": {
            "min_distance": 11588.198373221116,
            "max_distance": 15446.185811311228,
            "avg_distance": 13648.056653445832
          },
          "volume": {
            "total_volume_tb": 0.957124492932,
            "num_flows": 3885
          }
        }
      }
    }
  }
}