{
  "parameters": {
    "P0": 10.044835586654335,
    "gamma": 0.001,
    "beta": 0.3,
    "alpha": 3.93,
    "s0": 0.35,
    "max_tiers": 3
  },
  "welfare_matrix": {
    "Flat": {
      "Flat": {
        "social_welfare": -7.773983699338098,
        "consumer_surplus": -9.648086936157979,
        "producer_profit": 1.8741032368198811,
        "profit_A": 0.94,
        "profit_B": 0.94
      },
      "2-Tier": {
        "social_welfare": -7.7739836993381,
        "consumer_surplus": 5.028024729348573,
        "producer_profit": -12.802008428686673,
        "profit_A": -6.03,
        "profit_B": -6.77
      },
      "3-Tier": {
        "social_welfare": -7.773983699338098,
        "consumer_surplus": -1.3905997728758037,
        "producer_profit": -6.383383926462295,
        "profit_A": -6.04,
        "profit_B": -0.34
      }
    },
    "2-Tier": {
      "Flat": {
        "social_welfare": -7.7739836993381,
        "consumer_surplus": 5.028024729348573,
        "producer_profit": -12.802008428686673,
        "profit_A": -6.77,
        "profit_B": -6.03
      },
      "2-Tier": {
        "social_welfare": -7.773983699338098,
        "consumer_surplus": -1.9628820810747971,
        "producer_profit": -5.811101618263301,
        "profit_A": -2.91,
        "profit_B": -2.91
      },
      "3-Tier": {
        "social_welfare": -7.773983699338104,
        "consumer_surplus": 0.11496329883051976,
        "producer_profit": -7.888946998168624,
        "profit_A": -6.98,
        "profit_B": -0.91
      }
    },
    "3-Tier": {
      "Flat": {
        "social_welfare": -7.773983699338098,
        "consumer_surplus": -1.3905997728758042,
        "producer_profit": -6.383383926462294,
        "profit_A": -0.34,
        "profit_B": -6.04
      },
      "2-Tier": {
        "social_welfare": -7.7739836993381015,
        "consumer_surplus": 0.11496329883052203,
        "producer_profit": -7.888946998168624,
        "profit_A": -0.91,
        "profit_B": -6.98
      },
      "3-Tier": {
        "social_welfare": -7.7739836993381,
        "consumer_surplus": -7.554480767615241,
        "producer_profit": -0.21950293172285956,
        "profit_A": -0.11,
        "profit_B": -0.11
      }
    }
  }
}