{
  "parameters": {
    "P0": 15.962345498483437,
    "gamma": 0.001,
    "beta": 0.3,
    "alpha": 0.43,
    "s0": 0.35,
    "max_tiers": 3
  },
  "welfare_matrix": {
    "Flat": {
      "Flat": {
        "social_welfare": -25.20415280191445,
        "consumer_surplus": -54.747793892429094,
        "producer_profit": 29.543641090514644,
        "profit_A": 14.77,
        "profit_B": 14.77
      },
      "2-Tier": {
        "social_welfare": -25.20415280191445,
        "consumer_surplus": -46.042855824236796,
        "producer_profit": 20.838703022322346,
        "profit_A": 5.95,
        "profit_B": 14.89
      },
      "3-Tier": {
        "social_welfare": -25.20415280191444,
        "consumer_surplus": -45.296857953106816,
        "producer_profit": 20.092705151192376,
        "profit_A": 7.18,
        "profit_B": 12.91
      }
    },
    "2-Tier": {
      "Flat": {
        "social_welfare": -25.204152801914447,
        "consumer_surplus": -46.042855824236796,
        "producer_profit": 20.83870302232235,
        "profit_A": 14.89,
        "profit_B": 5.95
      },
      "2-Tier": {
        "social_welfare": -25.20415280191445,
        "consumer_surplus": -49.07816759637442,
        "producer_profit": 23.87401479445997,
        "profit_A": 11.94,
        "profit_B": 11.94
      },
      "3-Tier": {
        "social_welfare": -25.204152801914443,
        "consumer_surplus": -45.303872286630316,
        "producer_profit": 20.099719484715873,
        "profit_A": 9.17,
        "profit_B": 10.93
      }
    },
    "3-Tier": {
      "Flat": {
        "social_welfare": -25.204152801914443,
        "consumer_surplus": -45.296857953106816,
        "producer_profit": 20.092705151192373,
        "profit_A": 12.91,
        "profit_B": 7.18
      },
      "2-Tier": {
        "social_welfare": -25.204152801914447,
        "consumer_surplus": -45.303872286630316,
        "producer_profit": 20.09971948471587,
        "profit_A": 10.93,
        "profit_B": 9.17
      },
      "3-Tier": {
        "social_welfare": -25.20415280191444,
        "consumer_surplus": -49.538881081289674,
        "producer_profit": 24.334728279375234,
        "profit_A": 12.17,
        "profit_B": 12.17
      }
    }
  }
}