{
  "parameters": {
    "P0": 9.986947333117406,
    "gamma": 0.001,
    "beta": 0.3,
    "alpha": 4.27,
    "s0": 0.35,
    "max_tiers": 9
  },
  "strategies": {
    "Flat": {
      "n_tiers": 1,
      "avg_price": 8.233960531198687,
      "min_price": 8.233960531198685,
      "max_price": 8.233960531198685
    },
    "2-Tier": {
      "n_tiers": 2,
      "avg_price": 8.234507696601325,
      "min_price": 2.2337110542223195,
      "max_price": 14.310080621128353
    },
    "3-Tier": {
      "n_tiers": 3,
      "avg_price": 8.981119805434602,
      "min_price": 1.717048784003223,
      "max_price": 14.310242768535455
    },
    "4-Tier": {
      "n_tiers": 4,
      "avg_price": 10.257600334865845,
      "min_price": 1.71367613638855,
      "max_price": 16.314626908684286
    },
    "5-Tier": {
      "n_tiers": 5,
      "avg_price": 9.59118138796491,
      "min_price": 1.713669762378985,
      "max_price": 17.01783502357104
    },
    "6-Tier": {
      "n_tiers": 6,
      "avg_price": 9.920543375746856,
      "min_price": 1.71366976237856,
      "max_price": 17.523908835595723
    },
    "7-Tier": {
      "n_tiers": 7,
      "avg_price": 10.151728510282176,
      "min_price": 1.713669762378474,
      "max_price": 17.528493915774536
    },
    "8-Tier": {
      "n_tiers": 8,
      "avg_price": 10.011917337629157,
      "min_price": 1.7136697623781936,
      "max_price": 18.613232637223497
    },
    "9-Tier": {
      "n_tiers": 9,
      "avg_price": 9.864563099400035,
      "min_price": 1.713669762372986,
      "max_price": 18.623002457989955
    }
  },
  "nash_equilibria": [
    {
      "strategy_A": "7-Tier",
      "strategy_B": "7-Tier",
      "profit_A": 1.51,
      "profit_B": 1.51,
      "total_profit": 3.02
    },
    {
      "strategy_A": "8-Tier",
      "strategy_B": "8-Tier",
      "profit_A": 1.07,
      "profit_B": 1.07,
      "total_profit": 2.14
    },
    {
      "strategy_A": "9-Tier",
      "strategy_B": "9-Tier",
      "profit_A": 1.23,
      "profit_B": 1.23,
      "total_profit": 2.46
    }
  ],
  "welfare": {
    "max_total_welfare": {
      "strategy": [
        "5-Tier",
        "6-Tier"
      ],
      "consumer_surplus": -8.74318726670669,
      "producer_surplus": 1.65299936325823,
      "total_welfare": -7.090187903448459,
      "efficiency": -0.3385485909768921
    },
    "max_consumer_surplus": {
      "strategy": [
        "Flat",
        "2-Tier"
      ],
      "consumer_surplus": 5.982788641740646,
      "producer_surplus": -13.072976545189107,
      "total_welfare": -7.090187903448461
    },
    "max_producer_surplus": {
      "strategy": [
        "7-Tier",
        "7-Tier"
      ],
      "consumer_surplus": -10.103739014662304,
      "producer_surplus": 3.013551111213841,
      "total_welfare": -7.090187903448463
    }
  }
}