,Flat,2-Tier,3-Tier,4-Tier
Flat,"(np.float64(2.63), np.float64(2.63))","(np.float64(-4.95), np.float64(-3.14))","(np.float64(-4.02), np.float64(1.14))","(np.float64(-3.83), np.float64(2.19))"
2-Tier,"(np.float64(-3.14), np.float64(-4.95))","(np.float64(-0.58), np.float64(-0.58))","(np.float64(-4.59), np.float64(0.82))","(np.float64(-4.67), np.float64(2.43))"
3-Tier,"(np.float64(1.14), np.float64(-4.02))","(np.float64(0.82), np.float64(-4.59))","(np.float64(1.71), np.float64(1.71))","(np.float64(0.79), np.float64(2.39))"
4-Tier,"(np.float64(2.19), np.float64(-3.83))","(np.float64(2.43), np.float64(-4.67))","(np.float64(2.39), np.float64(0.79))","(np.float64(3.07), np.float64(3.07))"
