{
  "parameters": {
    "P0": 10.932032230093702,
    "gamma": 0.001,
    "beta": 0.3,
    "alpha": 1.77,
    "s0": 0.35,
    "max_tiers": 4
  },
  "welfare_matrix": {
    "Flat": {
      "Flat": {
        "social_welfare": -14.759282238071226,
        "consumer_surplus": -20.0132888414218,
        "producer_profit": 5.254006603350574,
        "profit_A": 2.63,
        "profit_B": 2.63
      },
      "2-Tier": {
        "social_welfare": -14.759282238071226,
        "consumer_surplus": -6.671397623732687,
        "producer_profit": -8.08788461433854,
        "profit_A": -4.95,
        "profit_B": -3.14
      },
      "3-Tier": {
        "social_welfare": -14.759282238071227,
        "consumer_surplus": -11.879425873556274,
        "producer_profit": -2.879856364514953,
        "profit_A": -4.02,
        "profit_B": 1.14
      },
      "4-Tier": {
        "social_welfare": -14.759282238071224,
        "consumer_surplus": -13.110978892774117,
        "producer_profit": -1.6483033452971068,
        "profit_A": -3.83,
        "profit_B": 2.19
      }
    },
    "2-Tier": {
      "Flat": {
        "social_welfare": -14.75928223807123,
        "consumer_surplus": -6.6713976237326875,
        "producer_profit": -8.087884614338542,
        "profit_A": -3.14,
        "profit_B": -4.95
      },
      "2-Tier": {
        "social_welfare": -14.759282238071224,
        "consumer_surplus": -13.605774896448027,
        "producer_profit": -1.153507341623197,
        "profit_A": -0.58,
        "profit_B": -0.58
      },
      "3-Tier": {
        "social_welfare": -14.759282238071226,
        "consumer_surplus": -10.988349686752398,
        "producer_profit": -3.7709325513188268,
        "profit_A": -4.59,
        "profit_B": 0.82
      },
      "4-Tier": {
        "social_welfare": -14.759282238071224,
        "consumer_surplus": -12.513070322842749,
        "producer_profit": -2.2462119152284754,
        "profit_A": -4.67,
        "profit_B": 2.43
      }
    },
    "3-Tier": {
      "Flat": {
        "social_welfare": -14.759282238071227,
        "consumer_surplus": -11.879425873556274,
        "producer_profit": -2.879856364514953,
        "profit_A": 1.14,
        "profit_B": -4.02
      },
      "2-Tier": {
        "social_welfare": -14.759282238071226,
        "consumer_surplus": -10.988349686752398,
        "producer_profit": -3.7709325513188268,
        "profit_A": 0.82,
        "profit_B": -4.59
      },
      "3-Tier": {
        "social_welfare": -14.75928223807123,
        "consumer_surplus": -18.174740178162168,
        "producer_profit": 3.4154579400909393,
        "profit_A": 1.71,
        "profit_B": 1.71
      },
      "4-Tier": {
        "social_welfare": -14.759282238071226,
        "consumer_surplus": -17.941598848313344,
        "producer_profit": 3.1823166102421174,
        "profit_A": 0.79,
        "profit_B": 2.39
      }
    },
    "4-Tier": {
      "Flat": {
        "social_welfare": -14.759282238071224,
        "consumer_surplus": -13.110978892774117,
        "producer_profit": -1.6483033452971072,
        "profit_A": 2.19,
        "profit_B": -3.83
      },
      "2-Tier": {
        "social_welfare": -14.759282238071222,
        "consumer_surplus": -12.513070322842749,
        "producer_profit": -2.246211915228473,
        "profit_A": 2.43,
        "profit_B": -4.67
      },
      "3-Tier": {
        "social_welfare": -14.75928223807123,
        "consumer_surplus": -17.941598848313348,
        "producer_profit": 3.182316610242118,
        "profit_A": 2.39,
        "profit_B": 0.79
      },
      "4-Tier": {
        "social_welfare": -14.759282238071222,
        "consumer_surplus": -20.908142451472788,
        "producer_profit": 6.148860213401565,
        "profit_A": 3.07,
        "profit_B": 3.07
      }
    }
  }
}