,Flat,2-Tier,3-Tier,4-Tier,5-Tier,6-Tier
Flat,"(np.float64(1.28), np.float64(1.28))","(np.float64(-5.81), np.float64(-6.06))","(np.float64(-5.59), np.float64(-0.06))","(np.float64(-5.35), np.float64(0.98))","(np.float64(-5.27), np.float64(1.31))","(np.float64(-5.67), np.float64(1.43))"
2-Tier,"(np.float64(-6.06), np.float64(-5.81))","(np.float64(-2.44), np.float64(-2.44))","(np.float64(-6.5), np.float64(-0.54))","(np.float64(-6.89), np.float64(1.4))","(np.float64(-7.18), np.float64(1.14))","(np.float64(-7.32), np.float64(1.47))"
3-Tier,"(np.float64(-0.06), np.float64(-5.59))","(np.float64(-0.54), np.float64(-6.5))","(np.float64(0.25), np.float64(0.25))","(np.float64(-0.66), np.float64(1.14))","(np.float64(-0.73), np.float64(1.17))","(np.float64(-0.67), np.float64(1.16))"
4-Tier,"(np.float64(0.98), np.float64(-5.35))","(np.float64(1.4), np.float64(-6.89))","(np.float64(1.14), np.float64(-0.66))","(np.float64(1.81), np.float64(1.81))","(np.float64(1.29), np.float64(1.53))","(np.float64(1.05), np.float64(1.64))"
5-Tier,"(np.float64(1.31), np.float64(-5.27))","(np.float64(1.14), np.float64(-7.18))","(np.float64(1.17), np.float64(-0.73))","(np.float64(1.53), np.float64(1.29))","(np.float64(1.66), np.float64(1.66))","(np.float64(1.08), np.float64(1.51))"
6-Tier,"(np.float64(1.43), np.float64(-5.67))","(np.float64(1.47), np.float64(-7.32))","(np.float64(1.16), np.float64(-0.67))","(np.float64(1.64), np.float64(1.05))","(np.float64(1.51), np.float64(1.08))","(np.float64(1.54), np.float64(1.54))"
