{
  "parameters": {
    "P0": 9.962780466948225,
    "gamma": 0.001,
    "beta": 0.3,
    "alpha": 4.43,
    "s0": 0.35,
    "max_tiers": 2
  },
  "strategies": {
    "Flat": {
      "n_tiers": 1,
      "avg_price": 8.210162346067166,
      "min_price": 8.210162346067168,
      "max_price": 8.210162346067168
    },
    "2-Tier": {
      "n_tiers": 2,
      "avg_price": 8.205084921379965,
      "min_price": 2.199083742061636,
      "max_price": 14.285927236889178
    }
  },
  "nash_equilibria": [
    {
      "strategy_A": "Flat",
      "strategy_B": "Flat",
      "profit_A": 0.79,
      "profit_B": 0.79,
      "total_profit": 1.58
    },
    {
      "strategy_A": "2-Tier",
      "strategy_B": "2-Tier",
      "profit_A": -3.1,
      "profit_B": -3.1,
      "total_profit": -6.2
    }
  ],
  "welfare": {
    "max_total_welfare": {
      "strategy": [
        "Flat",
        "2-Tier"
      ],
      "consumer_surplus": 6.393446281765636,
      "producer_surplus": -13.185425604315217,
      "total_welfare": -6.791979322549581,
      "efficiency": -0.31975641019215334
    },
    "max_consumer_surplus": {
      "strategy": [
        "Flat",
        "2-Tier"
      ],
      "consumer_surplus": 6.393446281765636,
      "producer_surplus": -13.185425604315217,
      "total_welfare": -6.791979322549581
    },
    "max_producer_surplus": {
      "strategy": [
        "Flat",
        "Flat"
      ],
      "consumer_surplus": -8.374424534795478,
      "producer_surplus": 1.5824452122458936,
      "total_welfare": -6.791979322549585
    }
  }
}