{
  "parameters": {
    "P0": 9.962780466948225,
    "gamma": 0.001,
    "beta": 0.3,
    "alpha": 4.43,
    "s0": 0.35,
    "max_tiers": 2
  },
  "welfare_matrix": {
    "Flat": {
      "Flat": {
        "social_welfare": -6.791979322549585,
        "consumer_surplus": -8.374424534795478,
        "producer_profit": 1.5824452122458936,
        "profit_A": 0.79,
        "profit_B": 0.79
      },
      "2-Tier": {
        "social_welfare": -6.791979322549581,
        "consumer_surplus": 6.393446281765636,
        "producer_profit": -13.185425604315217,
        "profit_A": -6.12,
        "profit_B": -7.06
      }
    },
    "2-Tier": {
      "Flat": {
        "social_welfare": -6.791979322549583,
        "consumer_surplus": 6.393446281765634,
        "producer_profit": -13.185425604315217,
        "profit_A": -7.06,
        "profit_B": -6.12
      },
      "2-Tier": {
        "social_welfare": -6.791979322549585,
        "consumer_surplus": -0.5961375729991485,
        "producer_profit": -6.1958417495504365,
        "profit_A": -3.1,
        "profit_B": -3.1
      }
    }
  }
}