,Flat,2-Tier,3-Tier,4-Tier
Flat,"(np.float64(14.77), np.float64(14.77))","(np.float64(5.95), np.float64(14.89))","(np.float64(7.18), np.float64(12.91))","(np.float64(6.68), np.float64(13.77))"
2-Tier,"(np.float64(14.89), np.float64(5.95))","(np.float64(11.94), np.float64(11.94))","(np.float64(9.17), np.float64(10.93))","(np.float64(8.88), np.float64(11.83))"
3-Tier,"(np.float64(12.91), np.float64(7.18))","(np.float64(10.93), np.float64(9.17))","(np.float64(12.17), np.float64(12.17))","(np.float64(10.06), np.float64(12.29))"
4-Tier,"(np.float64(13.77), np.float64(6.68))","(np.float64(11.83), np.float64(8.88))","(np.float64(12.29), np.float64(10.06))","(np.float64(11.64), np.float64(11.64))"
