{
  "parameters": {
    "P0": 15.962345498483437,
    "gamma": 0.001,
    "beta": 0.3,
    "alpha": 0.43,
    "s0": 0.35,
    "max_tiers": 4
  },
  "strategies": {
    "Flat": {
      "n_tiers": 1,
      "avg_price": 15.961702333840142,
      "min_price": 15.96170233384014,
      "max_price": 15.96170233384014
    },
    "2-Tier": {
      "n_tiers": 2,
      "avg_price": 15.962089233160267,
      "min_price": 11.572876842408828,
      "max_price": 20.405995859310483
    },
    "3-Tier": {
      "n_tiers": 3,
      "avg_price": 15.962099959787455,
      "min_price": 7.959108188416134,
      "max_price": 21.522988182152638
    },
    "4-Tier": {
      "n_tiers": 4,
      "avg_price": 15.962479507011684,
      "min_price": 7.707859787894803,
      "max_price": 22.705936043767277
    }
  },
  "nash_equilibria": [
    {
      "strategy_A": "2-Tier",
      "strategy_B": "2-Tier",
      "profit_A": 11.94,
      "profit_B": 11.94,
      "total_profit": 23.88
    },
    {
      "strategy_A": "4-Tier",
      "strategy_B": "4-Tier",
      "profit_A": 11.64,
      "profit_B": 11.64,
      "total_profit": 23.28
    }
  ],
  "welfare": {
    "max_total_welfare": {
      "strategy": [
        "Flat",
        "3-Tier"
      ],
      "consumer_surplus": -45.296857953106816,
      "producer_surplus": 20.092705151192376,
      "total_welfare": -25.20415280191444,
      "efficiency": -8.909426438034911
    },
    "max_consumer_surplus": {
      "strategy": [
        "Flat",
        "3-Tier"
      ],
      "consumer_surplus": -45.296857953106816,
      "producer_surplus": 20.092705151192376,
      "total_welfare": -25.20415280191444
    },
    "max_producer_surplus": {
      "strategy": [
        "Flat",
        "Flat"
      ],
      "consumer_surplus": -54.747793892429094,
      "producer_surplus": 29.543641090514644,
      "total_welfare": -25.20415280191445
    }
  }
}