{
  "parameters": {
    "P0": 9.962780466948225,
    "gamma": 0.001,
    "beta": 0.3,
    "alpha": 4.43,
    "s0": 0.35,
    "max_tiers": 3
  },
  "strategy_details": {
    "Flat": {
      "n_tiers": 1,
      "overall_metrics": {
        "unit_cost": 9.317827226058188,
        "total_cost": 28.03308381977619,
        "unit_price": 8.210162346067166,
        "total_price": 29.615529032022078
      },
      "tiers": {
        "tier_0": {
          "tier_name": "Universal",
          "unit_cost": 9.317827226058188,
          "total_cost": 28.03308381977619,
          "unit_price": 8.210162346067168,
          "total_price": 29.615529032022078,
          "distances": {
            "min_distance": 0.0,
            "max_distance": 19308.860309272983,
            "avg_distance": 9017.827226058189
          },
          "volume": {
            "total_volume_tb": 3.6071794665800376,
            "num_flows": 13566
          }
        }
      }
    },
    "2-Tier": {
      "n_tiers": 2,
      "overall_metrics": {
        "unit_cost": 9.317827226058188,
        "total_cost": 28.03308381977619,
        "unit_price": 8.205084921379965,
        "total_price": 21.83724207022575
      },
      "tiers": {
        "tier_1": {
          "tier_name": "Long-Haul",
          "unit_cost": 13.761522941920761,
          "total_cost": 15.569590604290672,
          "unit_price": 14.285927236889178,
          "total_price": 16.434586946726714,
          "distances": {
            "min_distance": 9659.111401340511,
            "max_distance": 19308.860309272983,
            "avg_distance": 13461.522941920757
          },
          "volume": {
            "total_volume_tb": 1.1504039376799609,
            "num_flows": 6741
          }
        },
        "tier_0": {
          "tier_name": "Local",
          "unit_cost": 4.928823149775465,
          "total_cost": 12.463493215485515,
          "unit_price": 2.199083742061636,
          "total_price": 5.402655123499036,
          "distances": {
            "min_distance": 0.0,
            "max_distance": 9650.276520950458,
            "avg_distance": 4628.823149775465
          },
          "volume": {
            "total_volume_tb": 2.456775528900077,
            "num_flows": 6825
          }
        }
      }
    },
    "3-Tier": {
      "n_tiers": 3,
      "overall_metrics": {
        "unit_cost": 9.317827226058188,
        "total_cost": 28.03308381977619,
        "unit_price": 8.956271450837843,
        "total_price": 27.509190942409745
      },
      "tiers": {
        "tier_1": {
          "tier_name": "Regional",
          "unit_cost": 9.392582423950339,
          "total_cost": 12.961119918269832,
          "unit_price": 8.80354286658245,
          "total_price": 12.714434428377004,
          "distances": {
            "min_distance": 6460.242389432733,
            "max_distance": 12872.273504325609,
            "avg_distance": 9092.582423950338
          },
          "volume": {
            "total_volume_tb": 1.4442406450521172,
            "num_flows": 5817
          }
        },
        "tier_2": {
          "tier_name": "Intercontinental",
          "unit_cost": 14.878977265388245,
          "total_cost": 12.469915481530926,
          "unit_price": 14.286075755564198,
          "total_price": 12.630072010087304,
          "distances": {
            "min_distance": 12873.912180345493,
            "max_distance": 19308.860309272983,
            "avg_distance": 14578.977265388245
          },
          "volume": {
            "total_volume_tb": 0.8840826708599873,
            "num_flows": 4540
          }
        },
        "tier_0": {
          "tier_name": "Metro",
          "unit_cost": 1.3145638528275607,
          "total_cost": 2.602048419975431,
          "unit_price": 1.6926723954174567,
          "total_price": 2.1646845039454394,
          "distances": {
            "min_distance": 0.0,
            "max_distance": 6429.45591263573,
            "avg_distance": 1014.5638528275604
          },
          "volume": {
            "total_volume_tb": 1.2788561506679335,
            "num_flows": 3209
          }
        }
      }
    }
  }
}