,Flat,2-Tier,3-Tier,4-Tier
Flat,"(np.float64(3.24), np.float64(3.24))","(np.float64(-4.56), np.float64(-1.82))","(np.float64(-3.31), np.float64(1.49))","(np.float64(-3.28), np.float64(2.64))"
2-Tier,"(np.float64(-1.82), np.float64(-4.56))","(np.float64(0.18), np.float64(0.18))","(np.float64(-3.86), np.float64(1.28))","(np.float64(-3.94), np.float64(2.77))"
3-Tier,"(np.float64(1.49), np.float64(-3.31))","(np.float64(1.28), np.float64(-3.86))","(np.float64(2.3), np.float64(2.3))","(np.float64(1.04), np.float64(2.92))"
4-Tier,"(np.float64(2.64), np.float64(-3.28))","(np.float64(2.77), np.float64(-3.94))","(np.float64(2.92), np.float64(1.04))","(np.float64(3.34), np.float64(3.34))"
