{
  "parameters": {
    "P0": 11.103541511772475,
    "gamma": 0.001,
    "beta": 0.3,
    "alpha": 1.6,
    "s0": 0.35,
    "max_tiers": 4
  },
  "welfare_matrix": {
    "Flat": {
      "Flat": {
        "social_welfare": -15.64365404901844,
        "consumer_surplus": -22.11488183532603,
        "producer_profit": 6.4712277863075895,
        "profit_A": 3.24,
        "profit_B": 3.24
      },
      "2-Tier": {
        "social_welfare": -15.643654049018442,
        "consumer_surplus": -9.256966037885302,
        "producer_profit": -6.38668801113314,
        "profit_A": -4.56,
        "profit_B": -1.82
      },
      "3-Tier": {
        "social_welfare": -15.643654049018444,
        "consumer_surplus": -13.819123392605173,
        "producer_profit": -1.824530656413271,
        "profit_A": -3.31,
        "profit_B": 1.49
      },
      "4-Tier": {
        "social_welfare": -15.643654049018444,
        "consumer_surplus": -15.003380416219535,
        "producer_profit": -0.6402736327989089,
        "profit_A": -3.28,
        "profit_B": 2.64
      }
    },
    "2-Tier": {
      "Flat": {
        "social_welfare": -15.643654049018444,
        "consumer_surplus": -9.256966037885304,
        "producer_profit": -6.386688011133141,
        "profit_A": -1.82,
        "profit_B": -4.56
      },
      "2-Tier": {
        "social_welfare": -15.643654049018442,
        "consumer_surplus": -16.010807425894306,
        "producer_profit": 0.36715337687586463,
        "profit_A": 0.18,
        "profit_B": 0.18
      },
      "3-Tier": {
        "social_welfare": -15.643654049018442,
        "consumer_surplus": -13.06417658111118,
        "producer_profit": -2.5794774679072625,
        "profit_A": -3.86,
        "profit_B": 1.28
      },
      "4-Tier": {
        "social_welfare": -15.643654049018446,
        "consumer_surplus": -14.478481252100156,
        "producer_profit": -1.1651727969182897,
        "profit_A": -3.94,
        "profit_B": 2.77
      }
    },
    "3-Tier": {
      "Flat": {
        "social_welfare": -15.643654049018446,
        "consumer_surplus": -13.819123392605174,
        "producer_profit": -1.824530656413271,
        "profit_A": 1.49,
        "profit_B": -3.31
      },
      "2-Tier": {
        "social_welfare": -15.643654049018442,
        "consumer_surplus": -13.06417658111118,
        "producer_profit": -2.579477467907262,
        "profit_A": 1.28,
        "profit_B": -3.86
      },
      "3-Tier": {
        "social_welfare": -15.643654049018442,
        "consumer_surplus": -20.24227387927806,
        "producer_profit": 4.598619830259617,
        "profit_A": 2.3,
        "profit_B": 2.3
      },
      "4-Tier": {
        "social_welfare": -15.643654049018444,
        "consumer_surplus": -19.607023173450106,
        "producer_profit": 3.9633691244316616,
        "profit_A": 1.04,
        "profit_B": 2.92
      }
    },
    "4-Tier": {
      "Flat": {
        "social_welfare": -15.64365404901844,
        "consumer_surplus": -15.003380416219532,
        "producer_profit": -0.6402736327989098,
        "profit_A": 2.64,
        "profit_B": -3.28
      },
      "2-Tier": {
        "social_welfare": -15.643654049018446,
        "consumer_surplus": -14.478481252100156,
        "producer_profit": -1.1651727969182897,
        "profit_A": 2.77,
        "profit_B": -3.94
      },
      "3-Tier": {
        "social_welfare": -15.643654049018444,
        "consumer_surplus": -19.607023173450106,
        "producer_profit": 3.9633691244316616,
        "profit_A": 2.92,
        "profit_B": 1.04
      },
      "4-Tier": {
        "social_welfare": -15.643654049018448,
        "consumer_surplus": -22.315986178762564,
        "producer_profit": 6.672332129744118,
        "profit_A": 3.34,
        "profit_B": 3.34
      }
    }
  }
}