{
  "parameters": {
    "P0": 10.239486212233304,
    "gamma": 0.001,
    "beta": 0.3,
    "alpha": 3.1,
    "s0": 0.35,
    "max_tiers": 7
  },
  "strategies": {
    "Flat": {
      "n_tiers": 1,
      "avg_price": 8.483414866947758,
      "min_price": 8.48341486694776,
      "max_price": 8.48341486694776
    },
    "2-Tier": {
      "n_tiers": 2,
      "avg_price": 8.54666712063481,
      "min_price": 2.6049738380595944,
      "max_price": 14.562400194893206
    },
    "3-Tier": {
      "n_tiers": 3,
      "avg_price": 9.24190831576733,
      "min_price": 1.9726045506747962,
      "max_price": 14.56278692115954
    },
    "4-Tier": {
      "n_tiers": 4,
      "avg_price": 10.528798958358742,
      "min_price": 1.966251748409884,
      "max_price": 16.678043182673864
    },
    "5-Tier": {
      "n_tiers": 5,
      "avg_price": 9.854061026390763,
      "min_price": 1.9662201991350963,
      "max_price": 17.341090456743856
    },
    "6-Tier": {
      "n_tiers": 6,
      "avg_price": 10.176073854411252,
      "min_price": 1.9662201954480085,
      "max_price": 17.779753466779518
    },
    "7-Tier": {
      "n_tiers": 7,
      "avg_price": 10.408642251466642,
      "min_price": 1.966220194383597,
      "max_price": 17.87251527392736
    }
  },
  "nash_equilibria": [
    {
      "strategy_A": "5-Tier",
      "strategy_B": "5-Tier",
      "profit_A": 1.66,
      "profit_B": 1.66,
      "total_profit": 3.32
    },
    {
      "strategy_A": "6-Tier",
      "strategy_B": "6-Tier",
      "profit_A": 1.54,
      "profit_B": 1.54,
      "total_profit": 3.08
    },
    {
      "strategy_A": "7-Tier",
      "strategy_B": "7-Tier",
      "profit_A": 1.96,
      "profit_B": 1.96,
      "total_profit": 3.92
    }
  ],
  "welfare": {
    "max_total_welfare": {
      "strategy": [
        "5-Tier",
        "2-Tier"
      ],
      "consumer_surplus": -3.7622579341681845,
      "producer_surplus": -6.037091052721538,
      "total_welfare": -9.799348986889722,
      "efficiency": -0.5374296092765134
    },
    "max_consumer_surplus": {
      "strategy": [
        "Flat",
        "2-Tier"
      ],
      "consumer_surplus": 2.074544764492461,
      "producer_surplus": -11.873893751382186,
      "total_welfare": -9.799348986889726
    },
    "max_producer_surplus": {
      "strategy": [
        "7-Tier",
        "7-Tier"
      ],
      "consumer_surplus": -13.72001690912171,
      "producer_surplus": 3.920667922231983,
      "total_welfare": -9.799348986889727
    }
  }
}