{
  "parameters": {
    "P0": 10.239486212233304,
    "gamma": 0.001,
    "beta": 0.3,
    "alpha": 3.1,
    "s0": 0.35,
    "max_tiers": 7
  },
  "welfare_matrix": {
    "Flat": {
      "Flat": {
        "social_welfare": -9.799348986889727,
        "consumer_surplus": -12.367465081647323,
        "producer_profit": 2.568116094757596,
        "profit_A": 1.28,
        "profit_B": 1.28
      },
      "2-Tier": {
        "social_welfare": -9.799348986889726,
        "consumer_surplus": 2.074544764492461,
        "producer_profit": -11.873893751382186,
        "profit_A": -5.81,
        "profit_B": -6.06
      },
      "3-Tier": {
        "social_welfare": -9.799348986889726,
        "consumer_surplus": -4.155878455482378,
        "producer_profit": -5.643470531407347,
        "profit_A": -5.59,
        "profit_B": -0.06
      },
      "4-Tier": {
        "social_welfare": -9.799348986889726,
        "consumer_surplus": -5.4273678357757005,
        "producer_profit": -4.371981151114026,
        "profit_A": -5.35,
        "profit_B": 0.98
      },
      "5-Tier": {
        "social_welfare": -9.799348986889727,
        "consumer_surplus": -5.8365977206203565,
        "producer_profit": -3.962751266269371,
        "profit_A": -5.27,
        "profit_B": 1.31
      },
      "6-Tier": {
        "social_welfare": -9.799348986889726,
        "consumer_surplus": -5.552662848450044,
        "producer_profit": -4.246686138439682,
        "profit_A": -5.67,
        "profit_B": 1.43
      },
      "7-Tier": {
        "social_welfare": -9.799348986889726,
        "consumer_surplus": -5.631206625192453,
        "producer_profit": -4.168142361697273,
        "profit_A": -5.43,
        "profit_B": 1.26
      }
    },
    "2-Tier": {
      "Flat": {
        "social_welfare": -9.799348986889727,
        "consumer_surplus": 2.074544764492457,
        "producer_profit": -11.873893751382184,
        "profit_A": -6.06,
        "profit_B": -5.81
      },
      "2-Tier": {
        "social_welfare": -9.799348986889727,
        "consumer_surplus": -4.918743672159837,
        "producer_profit": -4.88060531472989,
        "profit_A": -2.44,
        "profit_B": -2.44
      },
      "3-Tier": {
        "social_welfare": -9.799348986889726,
        "consumer_surplus": -2.7550824081809857,
        "producer_profit": -7.04426657870874,
        "profit_A": -6.5,
        "profit_B": -0.54
      },
      "4-Tier": {
        "social_welfare": -9.799348986889724,
        "consumer_surplus": -4.31182498088247,
        "producer_profit": -5.487524006007254,
        "profit_A": -6.89,
        "profit_B": 1.4
      },
      "5-Tier": {
        "social_welfare": -9.799348986889724,
        "consumer_surplus": -3.7622579341681863,
        "producer_profit": -6.037091052721538,
        "profit_A": -7.18,
        "profit_B": 1.14
      },
      "6-Tier": {
        "social_welfare": -9.79934898688973,
        "consumer_surplus": -3.950704425048586,
        "producer_profit": -5.848644561841143,
        "profit_A": -7.32,
        "profit_B": 1.47
      },
      "7-Tier": {
        "social_welfare": -9.799348986889726,
        "consumer_surplus": -4.042494772118294,
        "producer_profit": -5.756854214771431,
        "profit_A": -7.15,
        "profit_B": 1.39
      }
    },
    "3-Tier": {
      "Flat": {
        "social_welfare": -9.799348986889726,
        "consumer_surplus": -4.155878455482379,
        "producer_profit": -5.643470531407347,
        "profit_A": -0.06,
        "profit_B": -5.59
      },
      "2-Tier": {
        "social_welfare": -9.799348986889726,
        "consumer_surplus": -2.7550824081809853,
        "producer_profit": -7.04426657870874,
        "profit_A": -0.54,
        "profit_B": -6.5
      },
      "3-Tier": {
        "social_welfare": -9.799348986889726,
        "consumer_surplus": -10.305219028867706,
        "producer_profit": 0.5058700419779801,
        "profit_A": 0.25,
        "profit_B": 0.25
      },
      "4-Tier": {
        "social_welfare": -9.799348986889727,
        "consumer_surplus": -10.283289473874074,
        "producer_profit": 0.48394048698434666,
        "profit_A": -0.66,
        "profit_B": 1.14
      },
      "5-Tier": {
        "social_welfare": -9.799348986889727,
        "consumer_surplus": -10.241411915755576,
        "producer_profit": 0.44206292886584897,
        "profit_A": -0.73,
        "profit_B": 1.17
      },
      "6-Tier": {
        "social_welfare": -9.79934898688973,
        "consumer_surplus": -10.295282456202703,
        "producer_profit": 0.495933469312974,
        "profit_A": -0.67,
        "profit_B": 1.16
      },
      "7-Tier": {
        "social_welfare": -9.799348986889724,
        "consumer_surplus": -10.256509362407904,
        "producer_profit": 0.45716037551817934,
        "profit_A": -0.85,
        "profit_B": 1.3
      }
    },
    "4-Tier": {
      "Flat": {
        "social_welfare": -9.79934898688973,
        "consumer_surplus": -5.4273678357757005,
        "producer_profit": -4.371981151114028,
        "profit_A": 0.98,
        "profit_B": -5.35
      },
      "2-Tier": {
        "social_welfare": -9.799348986889724,
        "consumer_surplus": -4.31182498088247,
        "producer_profit": -5.487524006007254,
        "profit_A": 1.4,
        "profit_B": -6.89
      },
      "3-Tier": {
        "social_welfare": -9.799348986889727,
        "consumer_surplus": -10.283289473874074,
        "producer_profit": 0.4839404869843468,
        "profit_A": 1.14,
        "profit_B": -0.66
      },
      "4-Tier": {
        "social_welfare": -9.799348986889726,
        "consumer_surplus": -13.427551841865622,
        "producer_profit": 3.6282028549758953,
        "profit_A": 1.81,
        "profit_B": 1.81
      },
      "5-Tier": {
        "social_welfare": -9.799348986889724,
        "consumer_surplus": -12.627586408293745,
        "producer_profit": 2.8282374214040207,
        "profit_A": 1.29,
        "profit_B": 1.53
      },
      "6-Tier": {
        "social_welfare": -9.799348986889724,
        "consumer_surplus": -12.489271965186123,
        "producer_profit": 2.6899229782963996,
        "profit_A": 1.05,
        "profit_B": 1.64
      },
      "7-Tier": {
        "social_welfare": -9.799348986889726,
        "consumer_surplus": -13.06108365856358,
        "producer_profit": 3.261734671673855,
        "profit_A": 1.42,
        "profit_B": 1.84
      }
    },
    "5-Tier": {
      "Flat": {
        "social_welfare": -9.799348986889727,
        "consumer_surplus": -5.8365977206203565,
        "producer_profit": -3.962751266269371,
        "profit_A": 1.31,
        "profit_B": -5.27
      },
      "2-Tier": {
        "social_welfare": -9.799348986889722,
        "consumer_surplus": -3.7622579341681845,
        "producer_profit": -6.037091052721538,
        "profit_A": 1.14,
        "profit_B": -7.18
      },
      "3-Tier": {
        "social_welfare": -9.799348986889726,
        "consumer_surplus": -10.241411915755576,
        "producer_profit": 0.4420629288658493,
        "profit_A": 1.17,
        "profit_B": -0.73
      },
      "4-Tier": {
        "social_welfare": -9.799348986889724,
        "consumer_surplus": -12.627586408293745,
        "producer_profit": 2.828237421404021,
        "profit_A": 1.53,
        "profit_B": 1.29
      },
      "5-Tier": {
        "social_welfare": -9.799348986889726,
        "consumer_surplus": -13.115598599120128,
        "producer_profit": 3.3162496122304024,
        "profit_A": 1.66,
        "profit_B": 1.66
      },
      "6-Tier": {
        "social_welfare": -9.799348986889727,
        "consumer_surplus": -12.389476214840743,
        "producer_profit": 2.5901272279510157,
        "profit_A": 1.08,
        "profit_B": 1.51
      },
      "7-Tier": {
        "social_welfare": -9.799348986889726,
        "consumer_surplus": -12.866962684587065,
        "producer_profit": 3.06761369769734,
        "profit_A": 1.43,
        "profit_B": 1.63
      }
    },
    "6-Tier": {
      "Flat": {
        "social_welfare": -9.799348986889722,
        "consumer_surplus": -5.5526628484500415,
        "producer_profit": -4.2466861384396815,
        "profit_A": 1.43,
        "profit_B": -5.67
      },
      "2-Tier": {
        "social_welfare": -9.799348986889727,
        "consumer_surplus": -3.9507044250485865,
        "producer_profit": -5.848644561841141,
        "profit_A": 1.47,
        "profit_B": -7.32
      },
      "3-Tier": {
        "social_welfare": -9.799348986889727,
        "consumer_surplus": -10.2952824562027,
        "producer_profit": 0.4959334693129741,
        "profit_A": 1.16,
        "profit_B": -0.67
      },
      "4-Tier": {
        "social_welfare": -9.799348986889724,
        "consumer_surplus": -12.489271965186123,
        "producer_profit": 2.6899229782963996,
        "profit_A": 1.64,
        "profit_B": 1.05
      },
      "5-Tier": {
        "social_welfare": -9.799348986889727,
        "consumer_surplus": -12.389476214840743,
        "producer_profit": 2.5901272279510152,
        "profit_A": 1.51,
        "profit_B": 1.08
      },
      "6-Tier": {
        "social_welfare": -9.799348986889726,
        "consumer_surplus": -12.874860258921476,
        "producer_profit": 3.075511272031751,
        "profit_A": 1.54,
        "profit_B": 1.54
      },
      "7-Tier": {
        "social_welfare": -9.799348986889727,
        "consumer_surplus": -12.506271961344554,
        "producer_profit": 2.7069229744548267,
        "profit_A": 1.36,
        "profit_B": 1.35
      }
    },
    "7-Tier": {
      "Flat": {
        "social_welfare": -9.799348986889724,
        "consumer_surplus": -5.631206625192451,
        "producer_profit": -4.168142361697273,
        "profit_A": 1.26,
        "profit_B": -5.43
      },
      "2-Tier": {
        "social_welfare": -9.799348986889726,
        "consumer_surplus": -4.042494772118293,
        "producer_profit": -5.756854214771433,
        "profit_A": 1.39,
        "profit_B": -7.15
      },
      "3-Tier": {
        "social_welfare": -9.799348986889726,
        "consumer_surplus": -10.256509362407904,
        "producer_profit": 0.45716037551817923,
        "profit_A": 1.3,
        "profit_B": -0.85
      },
      "4-Tier": {
        "social_welfare": -9.799348986889727,
        "consumer_surplus": -13.061083658563582,
        "producer_profit": 3.261734671673855,
        "profit_A": 1.84,
        "profit_B": 1.42
      },
      "5-Tier": {
        "social_welfare": -9.799348986889726,
        "consumer_surplus": -12.866962684587065,
        "producer_profit": 3.0676136976973396,
        "profit_A": 1.63,
        "profit_B": 1.43
      },
      "6-Tier": {
        "social_welfare": -9.799348986889726,
        "consumer_surplus": -12.506271961344552,
        "producer_profit": 2.706922974454826,
        "profit_A": 1.35,
        "profit_B": 1.36
      },
      "7-Tier": {
        "social_welfare": -9.799348986889727,
        "consumer_surplus": -13.72001690912171,
        "producer_profit": 3.920667922231983,
        "profit_A": 1.96,
        "profit_B": 1.96
      }
    }
  }
}