,Flat,2-Tier,3-Tier,4-Tier
Flat,"(np.float64(1.89), np.float64(1.89))","(np.float64(-5.42), np.float64(-4.78))","(np.float64(-4.86), np.float64(0.49))","(np.float64(-4.64), np.float64(1.53))"
2-Tier,"(np.float64(-4.78), np.float64(-5.42))","(np.float64(-1.6), np.float64(-1.6))","(np.float64(-5.63), np.float64(0.09))","(np.float64(-5.85), np.float64(1.88))"
3-Tier,"(np.float64(0.49), np.float64(-4.86))","(np.float64(0.09), np.float64(-5.63))","(np.float64(0.89), np.float64(0.89))","(np.float64(0.06), np.float64(1.68))"
4-Tier,"(np.float64(1.53), np.float64(-4.64))","(np.float64(1.88), np.float64(-5.85))","(np.float64(1.68), np.float64(0.06))","(np.float64(2.45), np.float64(2.45))"
