,Flat,2-Tier,3-Tier,4-Tier,5-Tier,6-Tier,7-Tier,8-Tier
Flat,"(np.float64(1.89), np.float64(1.89))","(np.float64(-5.42), np.float64(-4.78))","(np.float64(-4.86), np.float64(0.49))","(np.float64(-4.64), np.float64(1.53))","(np.float64(-4.57), np.float64(1.86))","(np.float64(-4.94), np.float64(1.96))","(np.float64(-4.73), np.float64(1.81))","(np.float64(-5.03), np.float64(1.88))"
2-Tier,"(np.float64(-4.78), np.float64(-5.42))","(np.float64(-1.6), np.float64(-1.6))","(np.float64(-5.63), np.float64(0.09))","(np.float64(-5.85), np.float64(1.88))","(np.float64(-6.15), np.float64(1.63))","(np.float64(-6.31), np.float64(1.95))","(np.float64(-6.1), np.float64(1.86))","(np.float64(-6.35), np.float64(2.01))"
3-Tier,"(np.float64(0.49), np.float64(-4.86))","(np.float64(0.09), np.float64(-5.63))","(np.float64(0.89), np.float64(0.89))","(np.float64(0.06), np.float64(1.68))","(np.float64(-0.01), np.float64(1.71))","(np.float64(0.05), np.float64(1.71))","(np.float64(-0.06), np.float64(1.79))","(np.float64(-0.06), np.float64(1.72))"
4-Tier,"(np.float64(1.53), np.float64(-4.64))","(np.float64(1.88), np.float64(-5.85))","(np.float64(1.68), np.float64(0.06))","(np.float64(2.45), np.float64(2.45))","(np.float64(1.93), np.float64(2.15))","(np.float64(1.62), np.float64(2.29))","(np.float64(2.07), np.float64(2.43))","(np.float64(1.63), np.float64(2.46))"
5-Tier,"(np.float64(1.86), np.float64(-4.57))","(np.float64(1.63), np.float64(-6.15))","(np.float64(1.71), np.float64(-0.01))","(np.float64(2.15), np.float64(1.93))","(np.float64(2.28), np.float64(2.28))","(np.float64(1.67), np.float64(2.15))","(np.float64(2.1), np.float64(2.21))","(np.float64(1.58), np.float64(2.16))"
6-Tier,"(np.float64(1.96), np.float64(-4.94))","(np.float64(1.95), np.float64(-6.31))","(np.float64(1.71), np.float64(0.05))","(np.float64(2.29), np.float64(1.62))","(np.float64(2.15), np.float64(1.67))","(np.float64(2.14), np.float64(2.14))","(np.float64(2.04), np.float64(1.89))","(np.float64(1.92), np.float64(2.12))"
7-Tier,"(np.float64(1.81), np.float64(-4.73))","(np.float64(1.86), np.float64(-6.1))","(np.float64(1.79), np.float64(-0.06))","(np.float64(2.43), np.float64(2.07))","(np.float64(2.21), np.float64(2.1))","(np.float64(1.89), np.float64(2.04))","(np.float64(2.56), np.float64(2.56))","(np.float64(1.87), np.float64(2.21))"
8-Tier,"(np.float64(1.88), np.float64(-5.03))","(np.float64(2.01), np.float64(-6.35))","(np.float64(1.72), np.float64(-0.06))","(np.float64(2.46), np.float64(1.63))","(np.float64(2.16), np.float64(1.58))","(np.float64(2.12), np.float64(1.92))","(np.float64(2.21), np.float64(1.87))","(np.float64(2.16), np.float64(2.16))"
