{
  "parameters": {
    "P0": 10.576480467090285,
    "gamma": 0.001,
    "beta": 0.3,
    "alpha": 2.27,
    "s0": 0.35,
    "max_tiers": 8
  },
  "strategies": {
    "Flat": {
      "n_tiers": 1,
      "avg_price": 8.819139936610428,
      "min_price": 8.819139936610428,
      "max_price": 8.819139936610428
    },
    "2-Tier": {
      "n_tiers": 2,
      "avg_price": 8.977460265688693,
      "min_price": 3.129012727317926,
      "max_price": 14.898785655004888
    },
    "3-Tier": {
      "n_tiers": 3,
      "avg_price": 9.59532230571148,
      "min_price": 2.3171013054087064,
      "max_price": 14.900154584716939
    },
    "4-Tier": {
      "n_tiers": 4,
      "avg_price": 10.90973279304776,
      "min_price": 2.303447342703615,
      "max_price": 17.290261720016716
    },
    "5-Tier": {
      "n_tiers": 5,
      "avg_price": 10.21133943357416,
      "min_price": 2.3032407500717187,
      "max_price": 17.8387712191886
    },
    "6-Tier": {
      "n_tiers": 6,
      "avg_price": 10.501286324678343,
      "min_price": 2.3032352014352906,
      "max_price": 18.150135620086235
    },
    "7-Tier": {
      "n_tiers": 7,
      "avg_price": 10.741164711157396,
      "min_price": 2.303233496170094,
      "max_price": 18.589551258355193
    },
    "8-Tier": {
      "n_tiers": 8,
      "avg_price": 10.631331891447527,
      "min_price": 2.303231794957618,
      "max_price": 19.182272015501734
    }
  },
  "nash_equilibria": [
    {
      "strategy_A": "5-Tier",
      "strategy_B": "5-Tier",
      "profit_A": 2.28,
      "profit_B": 2.28,
      "total_profit": 4.56
    },
    {
      "strategy_A": "6-Tier",
      "strategy_B": "6-Tier",
      "profit_A": 2.14,
      "profit_B": 2.14,
      "total_profit": 4.28
    },
    {
      "strategy_A": "7-Tier",
      "strategy_B": "7-Tier",
      "profit_A": 2.56,
      "profit_B": 2.56,
      "total_profit": 5.12
    },
    {
      "strategy_A": "8-Tier",
      "strategy_B": "8-Tier",
      "profit_A": 2.16,
      "profit_B": 2.16,
      "total_profit": 4.32
    }
  ],
  "welfare": {
    "max_total_welfare": {
      "strategy": [
        "8-Tier",
        "2-Tier"
      ],
      "consumer_surplus": -8.213959948223552,
      "producer_surplus": -4.338905397005611,
      "total_welfare": -12.552865345229163,
      "efficiency": -0.8108971695631372
    },
    "max_consumer_surplus": {
      "strategy": [
        "Flat",
        "2-Tier"
      ],
      "consumer_surplus": -2.3526781778429386,
      "producer_surplus": -10.200187167386229,
      "total_welfare": -12.552865345229169
    },
    "max_producer_surplus": {
      "strategy": [
        "7-Tier",
        "7-Tier"
      ],
      "consumer_surplus": -17.67159731878392,
      "producer_surplus": 5.118731973554752,
      "total_welfare": -12.552865345229169
    }
  }
}