{
  "parameters": {
    "P0": 13.028402365204757,
    "gamma": 0.001,
    "beta": 0.3,
    "alpha": 0.77,
    "s0": 0.35,
    "max_tiers": 2
  },
  "welfare_matrix": {
    "Flat": {
      "Flat": {
        "social_welfare": -21.56380958928028,
        "consumer_surplus": -40.48652893906744,
        "producer_profit": 18.92271934978716,
        "profit_A": 9.46,
        "profit_B": 9.46
      },
      "2-Tier": {
        "social_welfare": -21.563809589280268,
        "consumer_surplus": -30.221579766569846,
        "producer_profit": 8.657770177289576,
        "profit_A": 0.07,
        "profit_B": 8.59
      }
    },
    "2-Tier": {
      "Flat": {
        "social_welfare": -21.563809589280268,
        "consumer_surplus": -30.221579766569842,
        "producer_profit": 8.657770177289576,
        "profit_A": 8.59,
        "profit_B": 0.07
      },
      "2-Tier": {
        "social_welfare": -21.563809589280268,
        "consumer_surplus": -34.82934034132645,
        "producer_profit": 13.26553075204618,
        "profit_A": 6.63,
        "profit_B": 6.63
      }
    }
  }
}