{
  "parameters": {
    "P0": 9.916808957115391,
    "gamma": 0.001,
    "beta": 0.3,
    "alpha": 4.77,
    "s0": 0.35,
    "max_tiers": 1
  },
  "strategies": {
    "Flat": {
      "n_tiers": 1,
      "avg_price": 8.164926767315464,
      "min_price": 8.164926767315466,
      "max_price": 8.164926767315466
    }
  },
  "nash_equilibria": [
    {
      "strategy_A": "Flat",
      "strategy_B": "Flat",
      "profit_A": 0.71,
      "profit_B": 0.71,
      "total_profit": 1.42
    }
  ],
  "welfare": {
    "max_total_welfare": {
      "strategy": [
        "Flat",
        "Flat"
      ],
      "consumer_surplus": -7.621773797841411,
      "producer_surplus": 1.4192723614138893,
      "total_welfare": -6.2025014364275215,
      "efficiency": -0.28411983370441346
    },
    "max_consumer_surplus": {
      "strategy": [
        "Flat",
        "Flat"
      ],
      "consumer_surplus": -7.621773797841411,
      "producer_surplus": 1.4192723614138893,
      "total_welfare": -6.2025014364275215
    },
    "max_producer_surplus": {
      "strategy": [
        "Flat",
        "Flat"
      ],
      "consumer_surplus": -7.621773797841411,
      "producer_surplus": 1.4192723614138893,
      "total_welfare": -6.2025014364275215
    }
  }
}