{
  "parameters": {
    "P0": 9.986947333117406,
    "gamma": 0.001,
    "beta": 0.3,
    "alpha": 4.27,
    "s0": 0.35,
    "max_tiers": 3
  },
  "strategies": {
    "Flat": {
      "n_tiers": 1,
      "avg_price": 8.233960531198687,
      "min_price": 8.233960531198685,
      "max_price": 8.233960531198685
    },
    "2-Tier": {
      "n_tiers": 2,
      "avg_price": 8.234507696601325,
      "min_price": 2.2337110542223195,
      "max_price": 14.310080621128353
    },
    "3-Tier": {
      "n_tiers": 3,
      "avg_price": 8.981119805434602,
      "min_price": 1.717048784003223,
      "max_price": 14.310242768535455
    }
  },
  "nash_equilibria": [
    {
      "strategy_A": "Flat",
      "strategy_B": "Flat",
      "profit_A": 0.83,
      "profit_B": 0.83,
      "total_profit": 1.66
    },
    {
      "strategy_A": "3-Tier",
      "strategy_B": "3-Tier",
      "profit_A": -0.22,
      "profit_B": -0.22,
      "total_profit": -0.44
    }
  ],
  "welfare": {
    "max_total_welfare": {
      "strategy": [
        "Flat",
        "2-Tier"
      ],
      "consumer_surplus": 5.982788641740646,
      "producer_surplus": -13.072976545189107,
      "total_welfare": -7.090187903448461,
      "efficiency": -0.3385485909768922
    },
    "max_consumer_surplus": {
      "strategy": [
        "Flat",
        "2-Tier"
      ],
      "consumer_surplus": 5.982788641740646,
      "producer_surplus": -13.072976545189107,
      "total_welfare": -7.090187903448461
    },
    "max_producer_surplus": {
      "strategy": [
        "Flat",
        "Flat"
      ],
      "consumer_surplus": -8.758477440442634,
      "producer_surplus": 1.6682895369941726,
      "total_welfare": -7.090187903448462
    }
  }
}