,Flat,2-Tier,3-Tier,4-Tier,5-Tier,6-Tier,7-Tier,8-Tier,9-Tier,10-Tier
Flat,"(np.float64(8.26), np.float64(8.26))","(np.float64(-1.04), np.float64(7.03))","(np.float64(1.02), np.float64(5.41))","(np.float64(0.09), np.float64(6.4))","(np.float64(0.64), np.float64(6.42))","(np.float64(-0.11), np.float64(6.3))","(np.float64(0.27), np.float64(6.46))","(np.float64(0.08), np.float64(6.48))","(np.float64(0.16), np.float64(6.24))","(np.float64(0.05), np.float64(6.33))"
2-Tier,"(np.float64(7.03), np.float64(-1.04))","(np.float64(5.44), np.float64(5.44))","(np.float64(1.57), np.float64(4.09))","(np.float64(1.16), np.float64(5.22))","(np.float64(1.87), np.float64(4.99))","(np.float64(1.73), np.float64(5.12))","(np.float64(1.3), np.float64(5.21))","(np.float64(1.4), np.float64(5.16))","(np.float64(1.58), np.float64(5.1))","(np.float64(1.55), np.float64(5.08))"
3-Tier,"(np.float64(5.41), np.float64(1.02))","(np.float64(4.09), np.float64(1.57))","(np.float64(5.7), np.float64(5.7))","(np.float64(2.99), np.float64(5.78))","(np.float64(4.02), np.float64(6.01))","(np.float64(3.72), np.float64(6.24))","(np.float64(3.24), np.float64(5.98))","(np.float64(3.44), np.float64(6.27))","(np.float64(3.73), np.float64(6.21))","(np.float64(3.14), np.float64(6.13))"
4-Tier,"(np.float64(6.4), np.float64(0.09))","(np.float64(5.22), np.float64(1.16))","(np.float64(5.78), np.float64(2.99))","(np.float64(5.21), np.float64(5.21))","(np.float64(5.51), np.float64(4.62))","(np.float64(4.89), np.float64(4.87))","(np.float64(5.09), np.float64(5.13))","(np.float64(5.04), np.float64(5.17))","(np.float64(4.97), np.float64(4.95))","(np.float64(5.01), np.float64(5.18))"
5-Tier,"(np.float64(6.42), np.float64(0.64))","(np.float64(4.99), np.float64(1.87))","(np.float64(6.01), np.float64(4.02))","(np.float64(4.62), np.float64(5.51))","(np.float64(6.03), np.float64(6.03))","(np.float64(4.94), np.float64(5.68))","(np.float64(4.96), np.float64(5.95))","(np.float64(4.84), np.float64(5.89))","(np.float64(5.09), np.float64(5.96))","(np.float64(4.91), np.float64(6.17))"
6-Tier,"(np.float64(6.3), np.float64(-0.11))","(np.float64(5.12), np.float64(1.73))","(np.float64(6.24), np.float64(3.72))","(np.float64(4.87), np.float64(4.89))","(np.float64(5.68), np.float64(4.94))","(np.float64(5.46), np.float64(5.46))","(np.float64(4.94), np.float64(5.16))","(np.float64(5.16), np.float64(5.43))","(np.float64(5.31), np.float64(5.41))","(np.float64(5.02), np.float64(5.35))"
7-Tier,"(np.float64(6.46), np.float64(0.27))","(np.float64(5.21), np.float64(1.3))","(np.float64(5.98), np.float64(3.24))","(np.float64(5.13), np.float64(5.09))","(np.float64(5.95), np.float64(4.96))","(np.float64(5.16), np.float64(4.94))","(np.float64(5.5), np.float64(5.5))","(np.float64(5.21), np.float64(5.24))","(np.float64(5.45), np.float64(5.26))","(np.float64(5.25), np.float64(5.36))"
8-Tier,"(np.float64(6.48), np.float64(0.08))","(np.float64(5.16), np.float64(1.4))","(np.float64(6.27), np.float64(3.44))","(np.float64(5.17), np.float64(5.04))","(np.float64(5.89), np.float64(4.84))","(np.float64(5.43), np.float64(5.16))","(np.float64(5.24), np.float64(5.21))","(np.float64(5.43), np.float64(5.43))","(np.float64(5.43), np.float64(5.24))","(np.float64(5.27), np.float64(5.32))"
9-Tier,"(np.float64(6.24), np.float64(0.16))","(np.float64(5.1), np.float64(1.58))","(np.float64(6.21), np.float64(3.73))","(np.float64(4.95), np.float64(4.97))","(np.float64(5.96), np.float64(5.09))","(np.float64(5.41), np.float64(5.31))","(np.float64(5.26), np.float64(5.45))","(np.float64(5.24), np.float64(5.43))","(np.float64(5.63), np.float64(5.63))","(np.float64(5.16), np.float64(5.42))"
10-Tier,"(np.float64(6.33), np.float64(0.05))","(np.float64(5.08), np.float64(1.55))","(np.float64(6.13), np.float64(3.14))","(np.float64(5.18), np.float64(5.01))","(np.float64(6.17), np.float64(4.91))","(np.float64(5.35), np.float64(5.02))","(np.float64(5.36), np.float64(5.25))","(np.float64(5.32), np.float64(5.27))","(np.float64(5.42), np.float64(5.16))","(np.float64(5.44), np.float64(5.44))"
