,Flat,2-Tier,3-Tier,4-Tier
Flat,"(np.float64(20.18), np.float64(20.18))","(np.float64(6.24), np.float64(18.14))","(np.float64(14.35), np.float64(17.76))","(np.float64(16.62), np.float64(16.78))"
2-Tier,"(np.float64(18.14), np.float64(6.24))","(np.float64(15.63), np.float64(15.63))","(np.float64(15.6), np.float64(14.12))","(np.float64(18.66), np.float64(12.54))"
3-Tier,"(np.float64(17.76), np.float64(14.35))","(np.float64(14.12), np.float64(15.6))","(np.float64(18.93), np.float64(18.93))","(np.float64(21.16), np.float64(16.71))"
4-Tier,"(np.float64(16.78), np.float64(16.62))","(np.float64(12.54), np.float64(18.66))","(np.float64(16.71), np.float64(21.16))","(np.float64(20.54), np.float64(20.54))"
