{
  "parameters": {
    "P0": 20.617262254306773,
    "gamma": 0.001,
    "beta": 0.3,
    "alpha": 1.77,
    "s0": 0.05,
    "max_tiers": 4
  },
  "strategy_details": {
    "Flat": {
      "n_tiers": 1,
      "overall_metrics": {
        "unit_cost": 9.317827226058188,
        "total_cost": 28.03308381977619,
        "unit_price": 18.9609930772649,
        "total_price": 68.39570489427618
      },
      "tiers": {
        "tier_0": {
          "tier_name": "Universal",
          "unit_cost": 9.317827226058188,
          "total_cost": 28.03308381977619,
          "unit_price": 18.960993077264895,
          "total_price": 68.39570489427618,
          "distances": {
            "min_distance": 0.0,
            "max_distance": 19308.860309272983,
            "avg_distance": 9017.827226058189
          },
          "volume": {
            "total_volume_tb": 3.6071794665800376,
            "num_flows": 13566
          }
        }
      }
    },
    "2-Tier": {
      "n_tiers": 2,
      "overall_metrics": {
        "unit_cost": 9.317827226058188,
        "total_cost": 28.03308381977619,
        "unit_price": 18.660661490300154,
        "total_price": 59.29837768750685
      },
      "tiers": {
        "tier_1": {
          "tier_name": "Long-Haul",
          "unit_cost": 13.761522941920761,
          "total_cost": 15.569590604290672,
          "unit_price": 24.940546714260705,
          "total_price": 28.691703147976533,
          "distances": {
            "min_distance": 9659.111401340511,
            "max_distance": 19308.860309272983,
            "avg_distance": 13461.522941920757
          },
          "volume": {
            "total_volume_tb": 1.1504039376799609,
            "num_flows": 6741
          }
        },
        "tier_0": {
          "tier_name": "Local",
          "unit_cost": 4.928823149775465,
          "total_cost": 12.463493215485515,
          "unit_price": 12.458067161403727,
          "total_price": 30.606674539530324,
          "distances": {
            "min_distance": 0.0,
            "max_distance": 9650.276520950458,
            "avg_distance": 4628.823149775465
          },
          "volume": {
            "total_volume_tb": 2.456775528900077,
            "num_flows": 6825
          }
        }
      }
    },
    "3-Tier": {
      "n_tiers": 3,
      "overall_metrics": {
        "unit_cost": 9.317827226058188,
        "total_cost": 28.03308381977619,
        "unit_price": 19.599077417878632,
        "total_price": 65.90108543551234
      },
      "tiers": {
        "tier_1": {
          "tier_name": "Regional",
          "unit_cost": 9.392582423950339,
          "total_cost": 12.961119918269832,
          "unit_price": 19.432405569831232,
          "total_price": 28.065069955087413,
          "distances": {
            "min_distance": 6460.242389432733,
            "max_distance": 12872.273504325609,
            "avg_distance": 9092.582423950338
          },
          "volume": {
            "total_volume_tb": 1.4442406450521172,
            "num_flows": 5817
          }
        },
        "tier_2": {
          "tier_name": "Intercontinental",
          "unit_cost": 14.878977265388245,
          "total_cost": 12.469915481530926,
          "unit_price": 24.940557517957103,
          "total_price": 22.049514703212648,
          "distances": {
            "min_distance": 12873.912180345493,
            "max_distance": 19308.860309272983,
            "avg_distance": 14578.977265388245
          },
          "volume": {
            "total_volume_tb": 0.8840826708599873,
            "num_flows": 4540
          }
        },
        "tier_0": {
          "tier_name": "Metro",
          "unit_cost": 1.3145638528275607,
          "total_cost": 2.602048419975431,
          "unit_price": 12.344234939142407,
          "total_price": 15.78650077721227,
          "distances": {
            "min_distance": 0.0,
            "max_distance": 6429.45591263573,
            "avg_distance": 1014.5638528275604
          },
          "volume": {
            "total_volume_tb": 1.2788561506679335,
            "num_flows": 3209
          }
        }
      }
    },
    "4-Tier": {
      "n_tiers": 4,
      "overall_metrics": {
        "unit_cost": 9.317827226058188,
        "total_cost": 28.03308381977619,
        "unit_price": 20.94247183318042,
        "total_price": 69.1076021923321
      },
      "tiers": {
        "tier_2": {
          "tier_name": "National",
          "unit_cost": 12.723004321951315,
          "total_cost": 13.183883442295743,
          "unit_price": 24.940546154200717,
          "total_price": 24.98016685905535,
          "distances": {
            "min_distance": 9659.111401340511,
            "max_distance": 14481.173464114854,
            "avg_distance": 12423.004321951314
          },
          "volume": {
            "total_volume_tb": 1.0015886061439743,
            "num_flows": 4644
          }
        },
        "tier_1": {
          "tier_name": "Regional",
          "unit_cost": 8.051928792490164,
          "total_cost": 11.13010567517316,
          "unit_price": 19.425907833603425,
          "total_price": 26.702597615046678,
          "distances": {
            "min_distance": 4828.282403525929,
            "max_distance": 9650.276520950458,
            "avg_distance": 7751.928792490164
          },
          "volume": {
            "total_volume_tb": 1.3745868581161422,
            "num_flows": 3775
          }
        },
        "tier_3": {
          "tier_name": "Intercontinental",
          "unit_cost": 16.061418254814466,
          "total_cost": 2.3857071619949304,
          "unit_price": 27.32462433076992,
          "total_price": 4.066323028879817,
          "distances": {
            "min_distance": 14482.156915187188,
            "max_distance": 19308.860309272983,
            "avg_distance": 15761.418254814467
          },
          "volume": {
            "total_volume_tb": 0.1488153315359868,
            "num_flows": 2097
          }
        },
        "tier_0": {
          "tier_name": "Metro",
          "unit_cost": 1.0633399362515357,
          "total_cost": 1.3333875403123534,
          "unit_price": 12.343979427980303,
          "total_price": 13.358514689350244,
          "distances": {
            "min_distance": 0.0,
            "max_distance": 4823.464533529197,
            "avg_distance": 763.3399362515356
          },
          "volume": {
            "total_volume_tb": 1.0821886707839352,
            "num_flows": 3050
          }
        }
      }
    }
  }
}