,Flat,2-Tier,3-Tier,4-Tier,5-Tier,6-Tier,7-Tier,8-Tier,9-Tier
Flat,"(np.float64(0.94), np.float64(0.94))","(np.float64(-6.03), np.float64(-6.77))","(np.float64(-6.04), np.float64(-0.34))","(np.float64(-5.79), np.float64(0.68))","(np.float64(-5.69), np.float64(1.0))","(np.float64(-6.11), np.float64(1.13))","(np.float64(-5.85), np.float64(0.95))","(np.float64(-6.17), np.float64(1.02))","(np.float64(-6.15), np.float64(1.16))"
2-Tier,"(np.float64(-6.77), np.float64(-6.03))","(np.float64(-2.91), np.float64(-2.91))","(np.float64(-6.98), np.float64(-0.91))","(np.float64(-7.47), np.float64(1.13))","(np.float64(-7.76), np.float64(0.87))","(np.float64(-7.89), np.float64(1.18))","(np.float64(-7.74), np.float64(1.13))","(np.float64(-7.96), np.float64(1.27))","(np.float64(-7.96), np.float64(1.07))"
3-Tier,"(np.float64(-0.34), np.float64(-6.04))","(np.float64(-0.91), np.float64(-6.98))","(np.float64(-0.11), np.float64(-0.11))","(np.float64(-1.07), np.float64(0.84))","(np.float64(-1.15), np.float64(0.87))","(np.float64(-1.08), np.float64(0.86))","(np.float64(-1.3), np.float64(1.04))","(np.float64(-1.21), np.float64(0.89))","(np.float64(-1.29), np.float64(1.03))"
4-Tier,"(np.float64(0.68), np.float64(-5.79))","(np.float64(1.13), np.float64(-7.47))","(np.float64(0.84), np.float64(-1.07))","(np.float64(1.45), np.float64(1.45))","(np.float64(0.92), np.float64(1.19))","(np.float64(0.73), np.float64(1.25))","(np.float64(1.04), np.float64(1.51))","(np.float64(0.72), np.float64(1.39))","(np.float64(0.62), np.float64(1.33))"
5-Tier,"(np.float64(1.0), np.float64(-5.69))","(np.float64(0.87), np.float64(-7.76))","(np.float64(0.87), np.float64(-1.15))","(np.float64(1.19), np.float64(0.92))","(np.float64(1.3), np.float64(1.3))","(np.float64(0.76), np.float64(1.11))","(np.float64(1.04), np.float64(1.3))","(np.float64(0.66), np.float64(1.11))","(np.float64(0.6), np.float64(1.34))"
6-Tier,"(np.float64(1.13), np.float64(-6.11))","(np.float64(1.18), np.float64(-7.89))","(np.float64(0.86), np.float64(-1.08))","(np.float64(1.25), np.float64(0.73))","(np.float64(1.11), np.float64(0.76))","(np.float64(1.18), np.float64(1.18))","(np.float64(0.94), np.float64(1.05))","(np.float64(0.96), np.float64(1.15))","(np.float64(0.88), np.float64(1.23))"
7-Tier,"(np.float64(0.95), np.float64(-5.85))","(np.float64(1.13), np.float64(-7.74))","(np.float64(1.04), np.float64(-1.3))","(np.float64(1.51), np.float64(1.04))","(np.float64(1.3), np.float64(1.04))","(np.float64(1.05), np.float64(0.94))","(np.float64(1.61), np.float64(1.61))","(np.float64(1.01), np.float64(1.11))","(np.float64(1.14), np.float64(1.38))"
8-Tier,"(np.float64(1.02), np.float64(-6.17))","(np.float64(1.27), np.float64(-7.96))","(np.float64(0.89), np.float64(-1.21))","(np.float64(1.39), np.float64(0.72))","(np.float64(1.11), np.float64(0.66))","(np.float64(1.15), np.float64(0.96))","(np.float64(1.11), np.float64(1.01))","(np.float64(1.18), np.float64(1.18))","(np.float64(0.98), np.float64(1.13))"
9-Tier,"(np.float64(1.16), np.float64(-6.15))","(np.float64(1.07), np.float64(-7.96))","(np.float64(1.03), np.float64(-1.29))","(np.float64(1.33), np.float64(0.62))","(np.float64(1.34), np.float64(0.6))","(np.float64(1.23), np.float64(0.88))","(np.float64(1.38), np.float64(1.14))","(np.float64(1.13), np.float64(0.98))","(np.float64(1.33), np.float64(1.33))"
