{
  "parameters": {
    "P0": 10.044835586654335,
    "gamma": 0.001,
    "beta": 0.3,
    "alpha": 3.93,
    "s0": 0.35,
    "max_tiers": 9
  },
  "strategy_details": {
    "Flat": {
      "n_tiers": 1,
      "overall_metrics": {
        "unit_cost": 9.317827226058188,
        "total_cost": 28.03308381977619,
        "unit_price": 8.291017215439808,
        "total_price": 29.90718705659607
      },
      "tiers": {
        "tier_0": {
          "tier_name": "Universal",
          "unit_cost": 9.317827226058188,
          "total_cost": 28.03308381977619,
          "unit_price": 8.291017215439805,
          "total_price": 29.90718705659607,
          "distances": {
            "min_distance": 0.0,
            "max_distance": 19308.860309272983,
            "avg_distance": 9017.827226058189
          },
          "volume": {
            "total_volume_tb": 3.6071794665800376,
            "num_flows": 13566
          }
        }
      }
    },
    "2-Tier": {
      "n_tiers": 2,
      "overall_metrics": {
        "unit_cost": 9.317827226058188,
        "total_cost": 28.03308381977619,
        "unit_price": 8.30530157174028,
        "total_price": 22.221982201512883
      },
      "tiers": {
        "tier_1": {
          "tier_name": "Long-Haul",
          "unit_cost": 13.761522941920761,
          "total_cost": 15.569590604290672,
          "unit_price": 14.367932099575096,
          "total_price": 16.5289256636695,
          "distances": {
            "min_distance": 9659.111401340511,
            "max_distance": 19308.860309272983,
            "avg_distance": 13461.522941920757
          },
          "volume": {
            "total_volume_tb": 1.1504039376799609,
            "num_flows": 6741
          }
        },
        "tier_0": {
          "tier_name": "Local",
          "unit_cost": 4.928823149775465,
          "total_cost": 12.463493215485515,
          "unit_price": 2.317288035017275,
          "total_price": 5.693056537843385,
          "distances": {
            "min_distance": 0.0,
            "max_distance": 9650.276520950458,
            "avg_distance": 4628.823149775465
          },
          "volume": {
            "total_volume_tb": 2.456775528900077,
            "num_flows": 6825
          }
        }
      }
    },
    "3-Tier": {
      "n_tiers": 3,
      "overall_metrics": {
        "unit_cost": 9.317827226058188,
        "total_cost": 28.03308381977619,
        "unit_price": 9.040712350456825,
        "total_price": 27.813580888053323
      },
      "tiers": {
        "tier_1": {
          "tier_name": "Regional",
          "unit_cost": 9.392582423950339,
          "total_cost": 12.961119918269832,
          "unit_price": 8.89074165737011,
          "total_price": 12.840370466231938,
          "distances": {
            "min_distance": 6460.242389432733,
            "max_distance": 12872.273504325609,
            "avg_distance": 9092.582423950338
          },
          "volume": {
            "total_volume_tb": 1.4442406450521172,
            "num_flows": 5817
          }
        },
        "tier_2": {
          "tier_name": "Intercontinental",
          "unit_cost": 14.878977265388245,
          "total_cost": 12.469915481530926,
          "unit_price": 14.368131506810776,
          "total_price": 12.702616077808802,
          "distances": {
            "min_distance": 12873.912180345493,
            "max_distance": 19308.860309272983,
            "avg_distance": 14578.977265388245
          },
          "volume": {
            "total_volume_tb": 0.8840826708599873,
            "num_flows": 4540
          }
        },
        "tier_0": {
          "tier_name": "Metro",
          "unit_cost": 1.3145638528275607,
          "total_cost": 2.602048419975431,
          "unit_price": 1.7754884650839555,
          "total_price": 2.2705943440125846,
          "distances": {
            "min_distance": 0.0,
            "max_distance": 6429.45591263573,
            "avg_distance": 1014.5638528275604
          },
          "volume": {
            "total_volume_tb": 1.2788561506679335,
            "num_flows": 3209
          }
        }
      }
    },
    "4-Tier": {
      "n_tiers": 4,
      "overall_metrics": {
        "unit_cost": 9.317827226058188,
        "total_cost": 28.03308381977619,
        "unit_price": 10.318730297073417,
        "total_price": 30.93958685724249
      },
      "tiers": {
        "tier_2": {
          "tier_name": "National",
          "unit_cost": 12.723004321951315,
          "total_cost": 13.183883442295743,
          "unit_price": 14.367931595515866,
          "total_price": 14.390756579924705,
          "distances": {
            "min_distance": 9659.111401340511,
            "max_distance": 14481.173464114854,
            "avg_distance": 12423.004321951314
          },
          "volume": {
            "total_volume_tb": 1.0015886061439743,
            "num_flows": 4644
          }
        },
        "tier_1": {
          "tier_name": "Regional",
          "unit_cost": 8.051928792490164,
          "total_cost": 11.13010567517316,
          "unit_price": 8.869871511843824,
          "total_price": 12.192408813359275,
          "distances": {
            "min_distance": 4828.282403525929,
            "max_distance": 9650.276520950458,
            "avg_distance": 7751.928792490164
          },
          "volume": {
            "total_volume_tb": 1.3745868581161422,
            "num_flows": 3775
          }
        },
        "tier_3": {
          "tier_name": "Intercontinental",
          "unit_cost": 16.061418254814466,
          "total_cost": 2.3857071619949304,
          "unit_price": 16.391115794472856,
          "total_price": 2.4392493311992274,
          "distances": {
            "min_distance": 14482.156915187188,
            "max_distance": 19308.860309272983,
            "avg_distance": 15761.418254814467
          },
          "volume": {
            "total_volume_tb": 0.1488153315359868,
            "num_flows": 2097
          }
        },
        "tier_0": {
          "tier_name": "Metro",
          "unit_cost": 1.0633399362515357,
          "total_cost": 1.3333875403123534,
          "unit_price": 1.7715692138696015,
          "total_price": 1.9171721327592852,
          "distances": {
            "min_distance": 0.0,
            "max_distance": 4823.464533529197,
            "avg_distance": 763.3399362515356
          },
          "volume": {
            "total_volume_tb": 1.0821886707839352,
            "num_flows": 3050
          }
        }
      }
    },
    "5-Tier": {
      "n_tiers": 5,
      "overall_metrics": {
        "unit_cost": 9.317827226058188,
        "total_cost": 28.03308381977619,
        "unit_price": 9.650891595537542,
        "total_price": 30.63697279459548
      },
      "tiers": {
        "tier_2": {
          "tier_name": "Regional",
          "unit_cost": 9.665159190883466,
          "total_cost": 7.405522337670113,
          "unit_price": 9.015481237743328,
          "total_price": 7.396892244254658,
          "distances": {
            "min_distance": 7723.623828937612,
            "max_distance": 11582.765661324194,
            "avg_distance": 9365.159190883462
          },
          "volume": {
            "total_volume_tb": 0.82046560235604,
            "num_flows": 3616
          }
        },
        "tier_1": {
          "tier_name": "Metro",
          "unit_cost": 7.364497467603178,
          "total_cost": 5.210180055581664,
          "unit_price": 8.611509495609019,
          "total_price": 6.248679794142048,
          "distances": {
            "min_distance": 3866.783063402461,
            "max_distance": 7723.371249583729,
            "avg_distance": 7064.497467603178
          },
          "volume": {
            "total_volume_tb": 0.7256195673160707,
            "num_flows": 1820
          }
        },
        "tier_4": {
          "tier_name": "Intercontinental",
          "unit_cost": 16.598925460525006,
          "total_cost": 1.3828700732561323,
          "unit_price": 17.08589787970242,
          "total_price": 1.4322567303599958,
          "distances": {
            "min_distance": 15447.533155849653,
            "max_distance": 19308.860309272983,
            "avg_distance": 16298.925460525004
          },
          "volume": {
            "total_volume_tb": 0.0838268342959885,
            "num_flows": 1261
          }
        },
        "tier_0": {
          "tier_name": "Local",
          "unit_cost": 0.9831092557218192,
          "total_cost": 1.0356221409610848,
          "unit_price": 1.7715598270785375,
          "total_price": 1.8072443029615788,
          "distances": {
            "min_distance": 0.0,
            "max_distance": 3839.1275345135577,
            "avg_distance": 683.1092557218191
          },
          "volume": {
            "total_volume_tb": 1.020142969679939,
            "num_flows": 2984
          }
        },
        "tier_3": {
          "tier_name": "National",
          "unit_cost": 13.948056653445835,
          "total_cost": 12.998889212307194,
          "unit_price": 14.367932097057121,
          "total_price": 13.751899722877207,
          "distances": {
            "min_distance": 11588.198373221116,
            "max_distance": 15446.185811311228,
            "avg_distance": 13648.056653445832
          },
          "volume": {
            "total_volume_tb": 0.957124492932,
            "num_flows": 3885
          }
        }
      }
    },
    "6-Tier": {
      "n_tiers": 6,
      "overall_metrics": {
        "unit_cost": 9.317827226058188,
        "total_cost": 28.03308381977619,
        "unit_price": 9.97903071385354,
        "total_price": 30.397155939307186
      },
      "tiers": {
        "tier_3": {
          "tier_name": "National",
          "unit_cost": 11.456551279702504,
          "total_cost": 3.099675122759748,
          "unit_price": 12.8696104993941,
          "total_price": 3.4274509716782715,
          "distances": {
            "min_distance": 9659.111401340511,
            "max_distance": 12872.273504325609,
            "avg_distance": 11156.5512797025
          },
          "volume": {
            "total_volume_tb": 0.26632126681997376,
            "num_flows": 2201
          }
        },
        "tier_2": {
          "tier_name": "Regional",
          "unit_cost": 8.136278372094555,
          "total_cost": 9.861444795510083,
          "unit_price": 8.883913008542597,
          "total_price": 10.464533287290946,
          "distances": {
            "min_distance": 6460.242389432733,
            "max_distance": 9650.276520950458,
            "avg_distance": 7836.278372094555
          },
          "volume": {
            "total_volume_tb": 1.1779193782321438,
            "num_flows": 3616
          }
        },
        "tier_5": {
          "tier_name": "Intercontinental",
          "unit_cost": 16.89844788673936,
          "total_cost": 0.6303996897924188,
          "unit_price": 17.58069906292339,
          "total_price": 0.6586039941165085,
          "distances": {
            "min_distance": 16091.145505720417,
            "max_distance": 19308.860309272983,
            "avg_distance": 16598.44788673936
          },
          "volume": {
            "total_volume_tb": 0.03746176370798949,
            "num_flows": 805
          }
        },
        "tier_0": {
          "tier_name": "Local",
          "unit_cost": 0.9487183422491557,
          "total_cost": 1.0350607057285346,
          "unit_price": 1.7715598270738213,
          "total_price": 1.8069982007851209,
          "distances": {
            "min_distance": 0.0,
            "max_distance": 3212.9334515868877,
            "avg_distance": 648.7183422491559
          },
          "volume": {
            "total_volume_tb": 1.0200040513279391,
            "num_flows": 2949
          }
        },
        "tier_1": {
          "tier_name": "Metro",
          "unit_cost": 5.464096201657234,
          "total_cost": 1.5669877142468962,
          "unit_price": 7.244325918816073,
          "total_price": 1.8752089723886758,
          "distances": {
            "min_distance": 3226.613167407512,
            "max_distance": 6429.45591263573,
            "avg_distance": 5164.096201657233
          },
          "volume": {
            "total_volume_tb": 0.25885209933999465,
            "num_flows": 260
          }
        },
        "tier_4": {
          "tier_name": "Continental",
          "unit_cost": 14.443723222499987,
          "total_cost": 11.839515791738505,
          "unit_price": 14.368131486343906,
          "total_price": 12.164360513047656,
          "distances": {
            "min_distance": 12873.912180345493,
            "max_distance": 16089.604096802374,
            "avg_distance": 14143.723222499983
          },
          "volume": {
            "total_volume_tb": 0.8466209071519976,
            "num_flows": 3735
          }
        }
      }
    },
    "7-Tier": {
      "n_tiers": 7,
      "overall_metrics": {
        "unit_cost": 9.317827226058188,
        "total_cost": 28.03308381977619,
        "unit_price": 10.210667067281241,
        "total_price": 31.254762466189806
      },
      "tiers": {
        "tier_3": {
          "tier_name": "Regional",
          "unit_cost": 9.848652662332254,
          "total_cost": 3.9097812768706643,
          "unit_price": 10.078863754906454,
          "total_price": 4.135380817916745,
          "distances": {
            "min_distance": 8278.469536322758,
            "max_distance": 11029.91868275368,
            "avg_distance": 9548.652662332253
          },
          "volume": {
            "total_volume_tb": 0.410302283916043,
            "num_flows": 1583
          }
        },
        "tier_2": {
          "tier_name": "Metro",
          "unit_cost": 7.835543489027421,
          "total_cost": 7.939882524186965,
          "unit_price": 8.79431254546839,
          "total_price": 9.07212217375535,
          "distances": {
            "min_distance": 5550.254717049661,
            "max_distance": 8274.563124543494,
            "avg_distance": 7535.543489027422
          },
          "volume": {
            "total_volume_tb": 1.0315896924120709,
            "num_flows": 2988
          }
        },
        "tier_6": {
          "tier_name": "Intercontinental",
          "unit_cost": 17.380734256481773,
          "total_cost": 0.3136087503344236,
          "unit_price": 17.58972178354581,
          "total_price": 0.32358245694005733,
          "distances": {
            "min_distance": 16550.812817092352,
            "max_distance": 19308.860309272983,
            "avg_distance": 17080.734256481774
          },
          "volume": {
            "total_volume_tb": 0.0183961100079906,
            "num_flows": 277
          }
        },
        "tier_0": {
          "tier_name": "Hyperlocal",
          "unit_cost": 0.9377340772585089,
          "total_cost": 1.0349640054706126,
          "unit_price": 1.7715598270727089,
          "total_price": 1.806948272360653,
          "distances": {
            "min_distance": 0.0,
            "max_distance": 2559.6442517393566,
            "avg_distance": 637.7340772585087
          },
          "volume": {
            "total_volume_tb": 1.0199758680159388,
            "num_flows": 2935
          }
        },
        "tier_1": {
          "tier_name": "Local",
          "unit_cost": 4.642594746942713,
          "total_cost": 0.3194946990132858,
          "unit_price": 5.5237799085412735,
          "total_price": 0.36393504353657424,
          "distances": {
            "min_distance": 2764.8808473037448,
            "max_distance": 5500.2588640147615,
            "avg_distance": 4342.594746942714
          },
          "volume": {
            "total_volume_tb": 0.065885145599996,
            "num_flows": 160
          }
        },
        "tier_4": {
          "tier_name": "National",
          "unit_cost": 13.029919843647292,
          "total_cost": 12.082460398543116,
          "unit_price": 14.367931710638473,
          "total_price": 13.011367876961417,
          "distances": {
            "min_distance": 11044.601604099067,
            "max_distance": 13791.020318492228,
            "avg_distance": 12729.91984364729
          },
          "volume": {
            "total_volume_tb": 0.9055839169480036,
            "num_flows": 3332
          }
        },
        "tier_5": {
          "tier_name": "Continental",
          "unit_cost": 15.572851180566003,
          "total_cost": 2.432892165357121,
          "unit_price": 16.34920469364744,
          "total_price": 2.5414258247190062,
          "distances": {
            "min_distance": 13793.816064385355,
            "max_distance": 16550.447257495405,
            "avg_distance": 15272.851180566002
          },
          "volume": {
            "total_volume_tb": 0.1554464496799951,
            "num_flows": 2291
          }
        }
      }
    },
    "8-Tier": {
      "n_tiers": 8,
      "overall_metrics": {
        "unit_cost": 9.317827226058188,
        "total_cost": 28.03308381977619,
        "unit_price": 10.073033691046676,
        "total_price": 30.396277002375523
      },
      "tiers": {
        "tier_4": {
          "tier_name": "National",
          "unit_cost": 11.221543150732918,
          "total_cost": 2.9550637824456176,
          "unit_price": 12.869609797678596,
          "total_price": 3.281695995610219,
          "distances": {
            "min_distance": 9659.111401340511,
            "max_distance": 12067.892082090922,
            "avg_distance": 10921.543150732918
          },
          "volume": {
            "total_volume_tb": 0.2549957649999744,
            "num_flows": 1867
          }
        },
        "tier_3": {
          "tier_name": "Regional",
          "unit_cost": 8.32828405243889,
          "total_cost": 9.41948909907991,
          "unit_price": 8.883913316338417,
          "total_price": 9.918237970167562,
          "distances": {
            "min_distance": 7244.02115346753,
            "max_distance": 9650.276520950458,
            "avg_distance": 8028.284052438889
          },
          "volume": {
            "total_volume_tb": 1.1164266936201326,
            "num_flows": 2937
          }
        },
        "tier_6": {
          "tier_name": "Transcontinental",
          "unit_cost": 15.94364818376325,
          "total_cost": 2.3308308149184627,
          "unit_price": 16.390814677562513,
          "total_price": 2.389096803486671,
          "distances": {
            "min_distance": 14482.156915187188,
            "max_distance": 16895.252056064535,
            "avg_distance": 15643.648183763251
          },
          "volume": {
            "total_volume_tb": 0.1457582707439869,
            "num_flows": 1972
          }
        },
        "tier_0": {
          "tier_name": "Hyperlocal",
          "unit_cost": 0.9269155663524475,
          "total_cost": 1.034463638347519,
          "unit_price": 1.7715598270703001,
          "total_price": 1.8066314265092345,
          "distances": {
            "min_distance": 0.0,
            "max_distance": 2398.427116742922,
            "avg_distance": 626.9155663524475
          },
          "volume": {
            "total_volume_tb": 1.0197970166759387,
            "num_flows": 2918
          }
        },
        "tier_1": {
          "tier_name": "Local",
          "unit_cost": 4.079145325384403,
          "total_cost": 0.29892390196483454,
          "unit_price": 5.523759968370131,
          "total_price": 0.3446365213221458,
          "distances": {
            "min_distance": 2433.240999439148,
            "max_distance": 4823.464533529197,
            "avg_distance": 3779.1453253844033
          },
          "volume": {
            "total_volume_tb": 0.06239165410799628,
            "num_flows": 132
          }
        },
        "tier_2": {
          "tier_name": "Metro",
          "unit_cost": 7.083366264483709,
          "total_cost": 1.7106165760932517,
          "unit_price": 7.250373747112891,
          "total_price": 1.8717576792122135,
          "distances": {
            "min_distance": 4828.282403525929,
            "max_distance": 7240.070456772998,
            "avg_distance": 6783.3662644837095
          },
          "volume": {
            "total_volume_tb": 0.2581601644960096,
            "num_flows": 838
          }
        },
        "tier_5": {
          "tier_name": "Continental",
          "unit_cost": 13.73244904887416,
          "total_cost": 10.228819659850124,
          "unit_price": 14.368131002588438,
          "total_price": 10.727143747151686,
          "distances": {
            "min_distance": 12071.624691165349,
            "max_distance": 14481.173464114854,
            "avg_distance": 13432.44904887416
          },
          "volume": {
            "total_volume_tb": 0.7465928411439996,
            "num_flows": 2777
          }
        },
        "tier_7": {
          "tier_name": "Intercontinental",
          "unit_cost": 17.919358895718457,
          "total_cost": 0.0548763470764683,
          "unit_price": 18.670501765995056,
          "total_price": 0.05707685891578838,
          "distances": {
            "min_distance": 16896.774727847074,
            "max_distance": 19308.860309272983,
            "avg_distance": 17619.358895718455
          },
          "volume": {
            "total_volume_tb": 0.0030570607919998996,
            "num_flows": 125
          }
        }
      }
    },
    "9-Tier": {
      "n_tiers": 9,
      "overall_metrics": {
        "unit_cost": 9.317827226058188,
        "total_cost": 28.03308381977619,
        "unit_price": 9.925432166648378,
        "total_price": 30.695584772225395
      },
      "tiers": {
        "tier_4": {
          "tier_name": "State",
          "unit_cost": 10.028171871425027,
          "total_cost": 3.679753136770722,
          "unit_price": 10.078863813676087,
          "total_price": 3.8839709146360857,
          "distances": {
            "min_distance": 8583.493715566568,
            "max_distance": 10725.716595415315,
            "avg_distance": 9728.171871425027
          },
          "volume": {
            "total_volume_tb": 0.3853580112240326,
            "num_flows": 1192
          }
        },
        "tier_3": {
          "tier_name": "Regional",
          "unit_cost": 7.977467143194134,
          "total_cost": 6.867271890860341,
          "unit_price": 8.808543274577247,
          "total_price": 7.563293200503413,
          "distances": {
            "min_distance": 6460.242389432733,
            "max_distance": 8574.585236273799,
            "avg_distance": 7677.467143194135
          },
          "volume": {
            "total_volume_tb": 0.8586315540200828,
            "num_flows": 3177
          }
        },
        "tier_7": {
          "tier_name": "Transcontinental",
          "unit_cost": 16.219055142396154,
          "total_cost": 2.145162766045629,
          "unit_price": 16.391084257871015,
          "total_price": 2.186850249736485,
          "distances": {
            "min_distance": 15018.895582246265,
            "max_distance": 17110.526309015102,
            "avg_distance": 15919.055142396153
          },
          "volume": {
            "total_volume_tb": 0.13341705864798772,
            "num_flows": 1576
          }
        },
        "tier_0": {
          "tier_name": "Hyperlocal",
          "unit_cost": 0.8568334914937649,
          "total_cost": 1.0279284280226708,
          "unit_price": 1.7715598270385926,
          "total_price": 1.8020723762620439,
          "distances": {
            "min_distance": 0.0,
            "max_distance": 2144.164739418337,
            "avg_distance": 556.8334914937649
          },
          "volume": {
            "total_volume_tb": 1.0172235499799391,
            "num_flows": 2798
          }
        },
        "tier_1": {
          "tier_name": "Local",
          "unit_cost": 3.001141171182024,
          "total_cost": 0.008663060204620352,
          "unit_price": 3.5048149278640373,
          "total_price": 0.011008498426335498,
          "distances": {
            "min_distance": 2145.493020526542,
            "max_distance": 4270.014620253549,
            "avg_distance": 2701.1411711820233
          },
          "volume": {
            "total_volume_tb": 0.0031409642600000232,
            "num_flows": 202
          }
        },
        "tier_5": {
          "tier_name": "National",
          "unit_cost": 11.974211309014311,
          "total_cost": 2.4140948906387685,
          "unit_price": 12.870098079295813,
          "total_price": 2.5772510376138764,
          "distances": {
            "min_distance": 10731.419287046603,
            "max_distance": 12872.273504325609,
            "avg_distance": 11674.21130901431
          },
          "volume": {
            "total_volume_tb": 0.20025107980800175,
            "num_flows": 1448
          }
        },
        "tier_2": {
          "tier_name": "Metro",
          "unit_cost": 5.8123673585900395,
          "total_cost": 1.5654569317481393,
          "unit_price": 7.244325929387046,
          "total_price": 1.87259766430501,
          "distances": {
            "min_distance": 4321.417798189596,
            "max_distance": 6429.45591263573,
            "avg_distance": 5512.367358590041
          },
          "volume": {
            "total_volume_tb": 0.2584916364279945,
            "num_flows": 209
          }
        },
        "tier_6": {
          "tier_name": "Continental",
          "unit_cost": 14.034118950488011,
          "total_cost": 10.271269743585064,
          "unit_price": 14.368131002911893,
          "total_price": 10.74289839470435,
          "distances": {
            "min_distance": 12873.912180345493,
            "max_distance": 15015.072596411594,
            "avg_distance": 13734.118950488011
          },
          "volume": {
            "total_volume_tb": 0.7476893405639996,
            "num_flows": 2868
          }
        },
        "tier_8": {
          "tier_name": "Intercontinental",
          "unit_cost": 18.119507608819543,
          "total_cost": 0.0534829719002307,
          "unit_price": 18.695348616846783,
          "total_price": 0.05564243603779522,
          "distances": {
            "min_distance": 17165.255906422095,
            "max_distance": 19308.860309272983,
            "avg_distance": 17819.50760881954
          },
          "volume": {
            "total_volume_tb": 0.0029762716479998994,
            "num_flows": 96
          }
        }
      }
    }
  }
}