{
  "parameters": {
    "P0": 10.044835586654335,
    "gamma": 0.001,
    "beta": 0.3,
    "alpha": 3.93,
    "s0": 0.35,
    "max_tiers": 9
  },
  "strategies": {
    "Flat": {
      "n_tiers": 1,
      "avg_price": 8.291017215439808,
      "min_price": 8.291017215439805,
      "max_price": 8.291017215439805
    },
    "2-Tier": {
      "n_tiers": 2,
      "avg_price": 8.30530157174028,
      "min_price": 2.317288035017275,
      "max_price": 14.367932099575096
    },
    "3-Tier": {
      "n_tiers": 3,
      "avg_price": 9.040712350456825,
      "min_price": 1.7754884650839555,
      "max_price": 14.368131506810776
    },
    "4-Tier": {
      "n_tiers": 4,
      "avg_price": 10.318730297073417,
      "min_price": 1.7715692138696015,
      "max_price": 16.391115794472856
    },
    "5-Tier": {
      "n_tiers": 5,
      "avg_price": 9.650891595537542,
      "min_price": 1.7715598270785375,
      "max_price": 17.08589787970242
    },
    "6-Tier": {
      "n_tiers": 6,
      "avg_price": 9.97903071385354,
      "min_price": 1.7715598270738213,
      "max_price": 17.58069906292339
    },
    "7-Tier": {
      "n_tiers": 7,
      "avg_price": 10.210667067281241,
      "min_price": 1.7715598270727089,
      "max_price": 17.58972178354581
    },
    "8-Tier": {
      "n_tiers": 8,
      "avg_price": 10.073033691046676,
      "min_price": 1.7715598270703001,
      "max_price": 18.670501765995056
    },
    "9-Tier": {
      "n_tiers": 9,
      "avg_price": 9.925432166648378,
      "min_price": 1.7715598270385926,
      "max_price": 18.695348616846783
    }
  },
  "nash_equilibria": [
    {
      "strategy_A": "7-Tier",
      "strategy_B": "7-Tier",
      "profit_A": 1.61,
      "profit_B": 1.61,
      "total_profit": 3.22
    },
    {
      "strategy_A": "8-Tier",
      "strategy_B": "8-Tier",
      "profit_A": 1.18,
      "profit_B": 1.18,
      "total_profit": 2.36
    },
    {
      "strategy_A": "9-Tier",
      "strategy_B": "9-Tier",
      "profit_A": 1.33,
      "profit_B": 1.33,
      "total_profit": 2.66
    }
  ],
  "welfare": {
    "max_total_welfare": {
      "strategy": [
        "8-Tier",
        "6-Tier"
      ],
      "consumer_surplus": -9.891098782270818,
      "producer_surplus": 2.1171150829327217,
      "total_welfare": -7.773983699338096,
      "efficiency": -0.3837279865898599
    },
    "max_consumer_surplus": {
      "strategy": [
        "Flat",
        "2-Tier"
      ],
      "consumer_surplus": 5.028024729348573,
      "producer_surplus": -12.802008428686673,
      "total_welfare": -7.7739836993381
    },
    "max_producer_surplus": {
      "strategy": [
        "7-Tier",
        "7-Tier"
      ],
      "consumer_surplus": -10.995662345751715,
      "producer_surplus": 3.221678646413617,
      "total_welfare": -7.773983699338098
    }
  }
}