{
  "parameters": {
    "P0": 10.044835586654335,
    "gamma": 0.001,
    "beta": 0.3,
    "alpha": 3.93,
    "s0": 0.35,
    "max_tiers": 9
  },
  "welfare_matrix": {
    "Flat": {
      "Flat": {
        "social_welfare": -7.773983699338098,
        "consumer_surplus": -9.648086936157979,
        "producer_profit": 1.8741032368198811,
        "profit_A": 0.94,
        "profit_B": 0.94
      },
      "2-Tier": {
        "social_welfare": -7.7739836993381,
        "consumer_surplus": 5.028024729348573,
        "producer_profit": -12.802008428686673,
        "profit_A": -6.03,
        "profit_B": -6.77
      },
      "3-Tier": {
        "social_welfare": -7.773983699338098,
        "consumer_surplus": -1.3905997728758037,
        "producer_profit": -6.383383926462295,
        "profit_A": -6.04,
        "profit_B": -0.34
      },
      "4-Tier": {
        "social_welfare": -7.7739836993381,
        "consumer_surplus": -2.6669906755110344,
        "producer_profit": -5.106993023827066,
        "profit_A": -5.79,
        "profit_B": 0.68
      },
      "5-Tier": {
        "social_welfare": -7.7739836993381,
        "consumer_surplus": -3.081305964377887,
        "producer_profit": -4.692677734960213,
        "profit_A": -5.69,
        "profit_B": 1.0
      },
      "6-Tier": {
        "social_welfare": -7.7739836993381,
        "consumer_surplus": -2.793554661170471,
        "producer_profit": -4.980429038167628,
        "profit_A": -6.11,
        "profit_B": 1.13
      },
      "7-Tier": {
        "social_welfare": -7.7739836993381,
        "consumer_surplus": -2.879833920389402,
        "producer_profit": -4.894149778948698,
        "profit_A": -5.85,
        "profit_B": 0.95
      },
      "8-Tier": {
        "social_welfare": -7.773983699338099,
        "consumer_surplus": -2.6213724013570125,
        "producer_profit": -5.152611297981086,
        "profit_A": -6.17,
        "profit_B": 1.02
      },
      "9-Tier": {
        "social_welfare": -7.773983699338099,
        "consumer_surplus": -2.787120431451152,
        "producer_profit": -4.986863267886947,
        "profit_A": -6.15,
        "profit_B": 1.16
      }
    },
    "2-Tier": {
      "Flat": {
        "social_welfare": -7.7739836993381,
        "consumer_surplus": 5.028024729348573,
        "producer_profit": -12.802008428686673,
        "profit_A": -6.77,
        "profit_B": -6.03
      },
      "2-Tier": {
        "social_welfare": -7.773983699338098,
        "consumer_surplus": -1.9628820810747971,
        "producer_profit": -5.811101618263301,
        "profit_A": -2.91,
        "profit_B": -2.91
      },
      "3-Tier": {
        "social_welfare": -7.773983699338104,
        "consumer_surplus": 0.11496329883051976,
        "producer_profit": -7.888946998168624,
        "profit_A": -6.98,
        "profit_B": -0.91
      },
      "4-Tier": {
        "social_welfare": -7.7739836993381015,
        "consumer_surplus": -1.43432658386254,
        "producer_profit": -6.339657115475561,
        "profit_A": -7.47,
        "profit_B": 1.13
      },
      "5-Tier": {
        "social_welfare": -7.7739836993381015,
        "consumer_surplus": -0.8786858434945312,
        "producer_profit": -6.8952978558435705,
        "profit_A": -7.76,
        "profit_B": 0.87
      },
      "6-Tier": {
        "social_welfare": -7.7739836993381015,
        "consumer_surplus": -1.066740886828922,
        "producer_profit": -6.707242812509179,
        "profit_A": -7.89,
        "profit_B": 1.18
      },
      "7-Tier": {
        "social_welfare": -7.7739836993381,
        "consumer_surplus": -1.1603033861317802,
        "producer_profit": -6.613680313206319,
        "profit_A": -7.74,
        "profit_B": 1.13
      },
      "8-Tier": {
        "social_welfare": -7.773983699338098,
        "consumer_surplus": -1.08385827576768,
        "producer_profit": -6.690125423570418,
        "profit_A": -7.96,
        "profit_B": 1.27
      },
      "9-Tier": {
        "social_welfare": -7.7739836993381,
        "consumer_surplus": -0.8836588064719455,
        "producer_profit": -6.890324892866154,
        "profit_A": -7.96,
        "profit_B": 1.07
      }
    },
    "3-Tier": {
      "Flat": {
        "social_welfare": -7.773983699338098,
        "consumer_surplus": -1.3905997728758042,
        "producer_profit": -6.383383926462294,
        "profit_A": -0.34,
        "profit_B": -6.04
      },
      "2-Tier": {
        "social_welfare": -7.7739836993381015,
        "consumer_surplus": 0.11496329883052203,
        "producer_profit": -7.888946998168624,
        "profit_A": -0.91,
        "profit_B": -6.98
      },
      "3-Tier": {
        "social_welfare": -7.7739836993381,
        "consumer_surplus": -7.554480767615241,
        "producer_profit": -0.21950293172285956,
        "profit_A": -0.11,
        "profit_B": -0.11
      },
      "4-Tier": {
        "social_welfare": -7.773983699338101,
        "consumer_surplus": -7.53958085438118,
        "producer_profit": -0.23440284495692099,
        "profit_A": -1.07,
        "profit_B": 0.84
      },
      "5-Tier": {
        "social_welfare": -7.773983699338101,
        "consumer_surplus": -7.4935100107327095,
        "producer_profit": -0.2804736886053909,
        "profit_A": -1.15,
        "profit_B": 0.87
      },
      "6-Tier": {
        "social_welfare": -7.773983699338099,
        "consumer_surplus": -7.548386484879429,
        "producer_profit": -0.22559721445866987,
        "profit_A": -1.08,
        "profit_B": 0.86
      },
      "7-Tier": {
        "social_welfare": -7.773983699338098,
        "consumer_surplus": -7.509045166839265,
        "producer_profit": -0.2649385324988336,
        "profit_A": -1.3,
        "profit_B": 1.04
      },
      "8-Tier": {
        "social_welfare": -7.773983699338097,
        "consumer_surplus": -7.447992467798701,
        "producer_profit": -0.3259912315393957,
        "profit_A": -1.21,
        "profit_B": 0.89
      },
      "9-Tier": {
        "social_welfare": -7.773983699338099,
        "consumer_surplus": -7.515882573997356,
        "producer_profit": -0.2581011253407428,
        "profit_A": -1.29,
        "profit_B": 1.03
      }
    },
    "4-Tier": {
      "Flat": {
        "social_welfare": -7.7739836993381,
        "consumer_surplus": -2.6669906755110344,
        "producer_profit": -5.106993023827066,
        "profit_A": 0.68,
        "profit_B": -5.79
      },
      "2-Tier": {
        "social_welfare": -7.7739836993381015,
        "consumer_surplus": -1.4343265838625396,
        "producer_profit": -6.339657115475562,
        "profit_A": 1.13,
        "profit_B": -7.47
      },
      "3-Tier": {
        "social_welfare": -7.773983699338099,
        "consumer_surplus": -7.539580854381177,
        "producer_profit": -0.2344028449569212,
        "profit_A": 0.84,
        "profit_B": -1.07
      },
      "4-Tier": {
        "social_welfare": -7.773983699338101,
        "consumer_surplus": -10.680486736804404,
        "producer_profit": 2.9065030374663037,
        "profit_A": 1.45,
        "profit_B": 1.45
      },
      "5-Tier": {
        "social_welfare": -7.7739836993381015,
        "consumer_surplus": -9.878264388909265,
        "producer_profit": 2.1042806895711643,
        "profit_A": 0.92,
        "profit_B": 1.19
      },
      "6-Tier": {
        "social_welfare": -7.7739836993381015,
        "consumer_surplus": -9.746734334461447,
        "producer_profit": 1.972750635123346,
        "profit_A": 0.73,
        "profit_B": 1.25
      },
      "7-Tier": {
        "social_welfare": -7.7739836993381,
        "consumer_surplus": -10.319823627565588,
        "producer_profit": 2.545839928227488,
        "profit_A": 1.04,
        "profit_B": 1.51
      },
      "8-Tier": {
        "social_welfare": -7.7739836993381,
        "consumer_surplus": -9.889776354206083,
        "producer_profit": 2.115792654867983,
        "profit_A": 0.72,
        "profit_B": 1.39
      },
      "9-Tier": {
        "social_welfare": -7.7739836993381,
        "consumer_surplus": -9.727611887400919,
        "producer_profit": 1.9536281880628186,
        "profit_A": 0.62,
        "profit_B": 1.33
      }
    },
    "5-Tier": {
      "Flat": {
        "social_welfare": -7.7739836993381,
        "consumer_surplus": -3.081305964377887,
        "producer_profit": -4.692677734960213,
        "profit_A": 1.0,
        "profit_B": -5.69
      },
      "2-Tier": {
        "social_welfare": -7.7739836993381015,
        "consumer_surplus": -0.8786858434945312,
        "producer_profit": -6.8952978558435705,
        "profit_A": 0.87,
        "profit_B": -7.76
      },
      "3-Tier": {
        "social_welfare": -7.773983699338101,
        "consumer_surplus": -7.4935100107327095,
        "producer_profit": -0.28047368860539146,
        "profit_A": 0.87,
        "profit_B": -1.15
      },
      "4-Tier": {
        "social_welfare": -7.7739836993381015,
        "consumer_surplus": -9.878264388909265,
        "producer_profit": 2.1042806895711643,
        "profit_A": 1.19,
        "profit_B": 0.92
      },
      "5-Tier": {
        "social_welfare": -7.7739836993381,
        "consumer_surplus": -10.377872674157397,
        "producer_profit": 2.603888974819297,
        "profit_A": 1.3,
        "profit_B": 1.3
      },
      "6-Tier": {
        "social_welfare": -7.773983699338099,
        "consumer_surplus": -9.641668245784778,
        "producer_profit": 1.8676845464466794,
        "profit_A": 0.76,
        "profit_B": 1.11
      },
      "7-Tier": {
        "social_welfare": -7.773983699338099,
        "consumer_surplus": -10.118671462871657,
        "producer_profit": 2.3446877635335577,
        "profit_A": 1.04,
        "profit_B": 1.3
      },
      "8-Tier": {
        "social_welfare": -7.7739836993381,
        "consumer_surplus": -9.536106547098422,
        "producer_profit": 1.7621228477603217,
        "profit_A": 0.66,
        "profit_B": 1.11
      },
      "9-Tier": {
        "social_welfare": -7.773983699338098,
        "consumer_surplus": -9.717090743273816,
        "producer_profit": 1.9431070439357188,
        "profit_A": 0.6,
        "profit_B": 1.34
      }
    },
    "6-Tier": {
      "Flat": {
        "social_welfare": -7.7739836993381,
        "consumer_surplus": -2.793554661170471,
        "producer_profit": -4.980429038167628,
        "profit_A": 1.13,
        "profit_B": -6.11
      },
      "2-Tier": {
        "social_welfare": -7.7739836993381015,
        "consumer_surplus": -1.066740886828922,
        "producer_profit": -6.707242812509179,
        "profit_A": 1.18,
        "profit_B": -7.89
      },
      "3-Tier": {
        "social_welfare": -7.773983699338101,
        "consumer_surplus": -7.548386484879431,
        "producer_profit": -0.22559721445866976,
        "profit_A": 0.86,
        "profit_B": -1.08
      },
      "4-Tier": {
        "social_welfare": -7.7739836993381,
        "consumer_surplus": -9.746734334461445,
        "producer_profit": 1.972750635123346,
        "profit_A": 1.25,
        "profit_B": 0.73
      },
      "5-Tier": {
        "social_welfare": -7.773983699338099,
        "consumer_surplus": -9.641668245784778,
        "producer_profit": 1.8676845464466796,
        "profit_A": 1.11,
        "profit_B": 0.76
      },
      "6-Tier": {
        "social_welfare": -7.7739836993381,
        "consumer_surplus": -10.138055818869095,
        "producer_profit": 2.364072119530995,
        "profit_A": 1.18,
        "profit_B": 1.18
      },
      "7-Tier": {
        "social_welfare": -7.7739836993381,
        "consumer_surplus": -9.764664319506744,
        "producer_profit": 1.990680620168645,
        "profit_A": 0.94,
        "profit_B": 1.05
      },
      "8-Tier": {
        "social_welfare": -7.7739836993381015,
        "consumer_surplus": -9.891098782270824,
        "producer_profit": 2.1171150829327217,
        "profit_A": 0.96,
        "profit_B": 1.15
      },
      "9-Tier": {
        "social_welfare": -7.7739836993381,
        "consumer_surplus": -9.878182985663443,
        "producer_profit": 2.104199286325344,
        "profit_A": 0.88,
        "profit_B": 1.23
      }
    },
    "7-Tier": {
      "Flat": {
        "social_welfare": -7.7739836993381,
        "consumer_surplus": -2.879833920389402,
        "producer_profit": -4.894149778948697,
        "profit_A": 0.95,
        "profit_B": -5.85
      },
      "2-Tier": {
        "social_welfare": -7.7739836993381,
        "consumer_surplus": -1.1603033861317793,
        "producer_profit": -6.613680313206321,
        "profit_A": 1.13,
        "profit_B": -7.74
      },
      "3-Tier": {
        "social_welfare": -7.773983699338098,
        "consumer_surplus": -7.509045166839265,
        "producer_profit": -0.2649385324988336,
        "profit_A": 1.04,
        "profit_B": -1.3
      },
      "4-Tier": {
        "social_welfare": -7.7739836993381,
        "consumer_surplus": -10.319823627565588,
        "producer_profit": 2.5458399282274886,
        "profit_A": 1.51,
        "profit_B": 1.04
      },
      "5-Tier": {
        "social_welfare": -7.773983699338099,
        "consumer_surplus": -10.118671462871657,
        "producer_profit": 2.3446877635335577,
        "profit_A": 1.3,
        "profit_B": 1.04
      },
      "6-Tier": {
        "social_welfare": -7.773983699338098,
        "consumer_surplus": -9.764664319506743,
        "producer_profit": 1.990680620168645,
        "profit_A": 1.05,
        "profit_B": 0.94
      },
      "7-Tier": {
        "social_welfare": -7.773983699338098,
        "consumer_surplus": -10.995662345751715,
        "producer_profit": 3.221678646413617,
        "profit_A": 1.61,
        "profit_B": 1.61
      },
      "8-Tier": {
        "social_welfare": -7.7739836993381,
        "consumer_surplus": -9.89047384547139,
        "producer_profit": 2.1164901461332906,
        "profit_A": 1.01,
        "profit_B": 1.11
      },
      "9-Tier": {
        "social_welfare": -7.773983699338098,
        "consumer_surplus": -10.295189038665516,
        "producer_profit": 2.521205339327418,
        "profit_A": 1.14,
        "profit_B": 1.38
      }
    },
    "8-Tier": {
      "Flat": {
        "social_welfare": -7.7739836993381,
        "consumer_surplus": -2.621372401357014,
        "producer_profit": -5.152611297981086,
        "profit_A": 1.02,
        "profit_B": -6.17
      },
      "2-Tier": {
        "social_welfare": -7.773983699338098,
        "consumer_surplus": -1.08385827576768,
        "producer_profit": -6.690125423570418,
        "profit_A": 1.27,
        "profit_B": -7.96
      },
      "3-Tier": {
        "social_welfare": -7.773983699338097,
        "consumer_surplus": -7.447992467798701,
        "producer_profit": -0.32599123153939547,
        "profit_A": 0.89,
        "profit_B": -1.21
      },
      "4-Tier": {
        "social_welfare": -7.7739836993381,
        "consumer_surplus": -9.889776354206083,
        "producer_profit": 2.1157926548679824,
        "profit_A": 1.39,
        "profit_B": 0.72
      },
      "5-Tier": {
        "social_welfare": -7.7739836993381,
        "consumer_surplus": -9.536106547098422,
        "producer_profit": 1.7621228477603217,
        "profit_A": 1.11,
        "profit_B": 0.66
      },
      "6-Tier": {
        "social_welfare": -7.773983699338096,
        "consumer_surplus": -9.891098782270818,
        "producer_profit": 2.1171150829327217,
        "profit_A": 1.15,
        "profit_B": 0.96
      },
      "7-Tier": {
        "social_welfare": -7.7739836993381,
        "consumer_surplus": -9.89047384547139,
        "producer_profit": 2.1164901461332906,
        "profit_A": 1.11,
        "profit_B": 1.01
      },
      "8-Tier": {
        "social_welfare": -7.773983699338098,
        "consumer_surplus": -10.137176881937433,
        "producer_profit": 2.363193182599335,
        "profit_A": 1.18,
        "profit_B": 1.18
      },
      "9-Tier": {
        "social_welfare": -7.7739836993381,
        "consumer_surplus": -9.878259297180685,
        "producer_profit": 2.104275597842586,
        "profit_A": 0.98,
        "profit_B": 1.13
      }
    },
    "9-Tier": {
      "Flat": {
        "social_welfare": -7.7739836993381,
        "consumer_surplus": -2.7871204314511533,
        "producer_profit": -4.986863267886946,
        "profit_A": 1.16,
        "profit_B": -6.15
      },
      "2-Tier": {
        "social_welfare": -7.7739836993381,
        "consumer_surplus": -0.8836588064719455,
        "producer_profit": -6.890324892866154,
        "profit_A": 1.07,
        "profit_B": -7.96
      },
      "3-Tier": {
        "social_welfare": -7.773983699338101,
        "consumer_surplus": -7.515882573997358,
        "producer_profit": -0.2581011253407428,
        "profit_A": 1.03,
        "profit_B": -1.29
      },
      "4-Tier": {
        "social_welfare": -7.7739836993381,
        "consumer_surplus": -9.727611887400919,
        "producer_profit": 1.9536281880628183,
        "profit_A": 1.33,
        "profit_B": 0.62
      },
      "5-Tier": {
        "social_welfare": -7.7739836993381015,
        "consumer_surplus": -9.71709074327382,
        "producer_profit": 1.9431070439357188,
        "profit_A": 1.34,
        "profit_B": 0.6
      },
      "6-Tier": {
        "social_welfare": -7.7739836993381,
        "consumer_surplus": -9.878182985663443,
        "producer_profit": 2.104199286325344,
        "profit_A": 1.23,
        "profit_B": 0.88
      },
      "7-Tier": {
        "social_welfare": -7.773983699338096,
        "consumer_surplus": -10.295189038665514,
        "producer_profit": 2.521205339327418,
        "profit_A": 1.38,
        "profit_B": 1.14
      },
      "8-Tier": {
        "social_welfare": -7.773983699338099,
        "consumer_surplus": -9.878259297180685,
        "producer_profit": 2.1042755978425864,
        "profit_A": 1.13,
        "profit_B": 0.98
      },
      "9-Tier": {
        "social_welfare": -7.7739836993381,
        "consumer_surplus": -10.436484651787307,
        "producer_profit": 2.6625009524492067,
        "profit_A": 1.33,
        "profit_B": 1.33
      }
    }
  }
}