{
  "parameters": {
    "P0": 11.103541511772475,
    "gamma": 0.001,
    "beta": 0.3,
    "alpha": 1.6,
    "s0": 0.35,
    "max_tiers": 5
  },
  "strategies": {
    "Flat": {
      "n_tiers": 1,
      "avg_price": 9.565454651136962,
      "min_price": 9.565454651136964,
      "max_price": 9.565454651136964
    },
    "2-Tier": {
      "n_tiers": 2,
      "avg_price": 9.850469428903374,
      "min_price": 4.330366282781267,
      "max_price": 15.439358907064383
    },
    "3-Tier": {
      "n_tiers": 3,
      "avg_price": 10.39697713103812,
      "min_price": 2.8860901129167775,
      "max_price": 15.542280383277863
    },
    "4-Tier": {
      "n_tiers": 4,
      "avg_price": 11.403401305351963,
      "min_price": 2.8332097309907036,
      "max_price": 17.846136645587706
    },
    "5-Tier": {
      "n_tiers": 5,
      "avg_price": 10.870922934985217,
      "min_price": 2.8263164313369082,
      "max_price": 18.38319367537221
    }
  },
  "nash_equilibria": [
    {
      "strategy_A": "Flat",
      "strategy_B": "Flat",
      "profit_A": 3.24,
      "profit_B": 3.24,
      "total_profit": 6.48
    },
    {
      "strategy_A": "4-Tier",
      "strategy_B": "4-Tier",
      "profit_A": 3.34,
      "profit_B": 3.34,
      "total_profit": 6.68
    },
    {
      "strategy_A": "5-Tier",
      "strategy_B": "5-Tier",
      "profit_A": 3.4,
      "profit_B": 3.4,
      "total_profit": 6.8
    }
  ],
  "welfare": {
    "max_total_welfare": {
      "strategy": [
        "Flat",
        "Flat"
      ],
      "consumer_surplus": -22.11488183532603,
      "producer_surplus": 6.4712277863075895,
      "total_welfare": -15.64365404901844,
      "efficiency": -1.2626613442647303
    },
    "max_consumer_surplus": {
      "strategy": [
        "Flat",
        "2-Tier"
      ],
      "consumer_surplus": -9.256966037885302,
      "producer_surplus": -6.38668801113314,
      "total_welfare": -15.643654049018442
    },
    "max_producer_surplus": {
      "strategy": [
        "5-Tier",
        "5-Tier"
      ],
      "consumer_surplus": -22.434662126244344,
      "producer_surplus": 6.791008077225897,
      "total_welfare": -15.643654049018448
    }
  }
}