,Flat,2-Tier,3-Tier,4-Tier,5-Tier,6-Tier
Flat,"(np.float64(0.79), np.float64(0.79))","(np.float64(-6.12), np.float64(-7.06))","(np.float64(-6.24), np.float64(-0.45))","(np.float64(-5.98), np.float64(0.56))","(np.float64(-5.87), np.float64(0.87))","(np.float64(-6.3), np.float64(1.01))"
2-Tier,"(np.float64(-7.06), np.float64(-6.12))","(np.float64(-3.1), np.float64(-3.1))","(np.float64(-7.17), np.float64(-1.07))","(np.float64(-7.71), np.float64(1.01))","(np.float64(-8.0), np.float64(0.75))","(np.float64(-8.12), np.float64(1.06))"
3-Tier,"(np.float64(-0.45), np.float64(-6.24))","(np.float64(-1.07), np.float64(-7.17))","(np.float64(-0.26), np.float64(-0.26))","(np.float64(-1.25), np.float64(0.71))","(np.float64(-1.34), np.float64(0.75))","(np.float64(-1.26), np.float64(0.73))"
4-Tier,"(np.float64(0.56), np.float64(-5.98))","(np.float64(1.01), np.float64(-7.71))","(np.float64(0.71), np.float64(-1.25))","(np.float64(1.3), np.float64(1.3))","(np.float64(0.75), np.float64(1.05))","(np.float64(0.59), np.float64(1.08))"
5-Tier,"(np.float64(0.87), np.float64(-5.87))","(np.float64(0.75), np.float64(-8.0))","(np.float64(0.75), np.float64(-1.34))","(np.float64(1.05), np.float64(0.75))","(np.float64(1.15), np.float64(1.15))","(np.float64(0.62), np.float64(0.94))"
6-Tier,"(np.float64(1.01), np.float64(-6.3))","(np.float64(1.06), np.float64(-8.12))","(np.float64(0.73), np.float64(-1.26))","(np.float64(1.08), np.float64(0.59))","(np.float64(0.94), np.float64(0.62))","(np.float64(1.03), np.float64(1.03))"
