{
  "parameters": {
    "P0": 10.576480467090285,
    "gamma": 0.001,
    "beta": 0.3,
    "alpha": 2.27,
    "s0": 0.35,
    "max_tiers": 9
  },
  "welfare_matrix": {
    "Flat": {
      "Flat": {
        "social_welfare": -12.552865345229165,
        "consumer_surplus": -16.332002017690094,
        "producer_profit": 3.7791366724609294,
        "profit_A": 1.89,
        "profit_B": 1.89
      },
      "2-Tier": {
        "social_welfare": -12.552865345229169,
        "consumer_surplus": -2.3526781778429386,
        "producer_profit": -10.200187167386229,
        "profit_A": -5.42,
        "profit_B": -4.78
      },
      "3-Tier": {
        "social_welfare": -12.552865345229167,
        "consumer_surplus": -8.191493938069906,
        "producer_profit": -4.361371407159261,
        "profit_A": -4.86,
        "profit_B": 0.49
      },
      "4-Tier": {
        "social_welfare": -12.552865345229167,
        "consumer_surplus": -9.44913745406331,
        "producer_profit": -3.1037278911658563,
        "profit_A": -4.64,
        "profit_B": 1.53
      },
      "5-Tier": {
        "social_welfare": -12.552865345229167,
        "consumer_surplus": -9.848646223354748,
        "producer_profit": -2.7042191218744183,
        "profit_A": -4.57,
        "profit_B": 1.86
      },
      "6-Tier": {
        "social_welfare": -12.552865345229167,
        "consumer_surplus": -9.572116612042386,
        "producer_profit": -2.980748733186781,
        "profit_A": -4.94,
        "profit_B": 1.96
      },
      "7-Tier": {
        "social_welfare": -12.552865345229165,
        "consumer_surplus": -9.640252474639265,
        "producer_profit": -2.912612870589901,
        "profit_A": -4.73,
        "profit_B": 1.81
      },
      "8-Tier": {
        "social_welfare": -12.552865345229169,
        "consumer_surplus": -9.40407924428804,
        "producer_profit": -3.148786100941128,
        "profit_A": -5.03,
        "profit_B": 1.88
      },
      "9-Tier": {
        "social_welfare": -12.552865345229167,
        "consumer_surplus": -9.549874572326024,
        "producer_profit": -3.002990772903143,
        "profit_A": -5.0,
        "profit_B": 2.0
      }
    },
    "2-Tier": {
      "Flat": {
        "social_welfare": -12.552865345229169,
        "consumer_surplus": -2.3526781778429386,
        "producer_profit": -10.200187167386229,
        "profit_A": -4.78,
        "profit_B": -5.42
      },
      "2-Tier": {
        "social_welfare": -12.552865345229169,
        "consumer_surplus": -9.34668510771189,
        "producer_profit": -3.2061802375172777,
        "profit_A": -1.6,
        "profit_B": -1.6
      },
      "3-Tier": {
        "social_welfare": -12.552865345229167,
        "consumer_surplus": -7.005150909425903,
        "producer_profit": -5.547714435803264,
        "profit_A": -5.63,
        "profit_B": 0.09
      },
      "4-Tier": {
        "social_welfare": -12.552865345229169,
        "consumer_surplus": -8.573555430591112,
        "producer_profit": -3.9793099146380566,
        "profit_A": -5.85,
        "profit_B": 1.88
      },
      "5-Tier": {
        "social_welfare": -12.552865345229169,
        "consumer_surplus": -8.036670854958766,
        "producer_profit": -4.516194490270402,
        "profit_A": -6.15,
        "profit_B": 1.63
      },
      "6-Tier": {
        "social_welfare": -12.552865345229167,
        "consumer_surplus": -8.198713382950837,
        "producer_profit": -4.35415196227833,
        "profit_A": -6.31,
        "profit_B": 1.95
      },
      "7-Tier": {
        "social_welfare": -12.552865345229169,
        "consumer_surplus": -8.316228614459163,
        "producer_profit": -4.236636730770005,
        "profit_A": -6.1,
        "profit_B": 1.86
      },
      "8-Tier": {
        "social_welfare": -12.552865345229165,
        "consumer_surplus": -8.213959948223554,
        "producer_profit": -4.338905397005611,
        "profit_A": -6.35,
        "profit_B": 2.01
      },
      "9-Tier": {
        "social_welfare": -12.552865345229169,
        "consumer_surplus": -8.04321780073465,
        "producer_profit": -4.509647544494519,
        "profit_A": -6.36,
        "profit_B": 1.85
      }
    },
    "3-Tier": {
      "Flat": {
        "social_welfare": -12.552865345229165,
        "consumer_surplus": -8.191493938069906,
        "producer_profit": -4.36137140715926,
        "profit_A": 0.49,
        "profit_B": -4.86
      },
      "2-Tier": {
        "social_welfare": -12.552865345229169,
        "consumer_surplus": -7.005150909425903,
        "producer_profit": -5.5477144358032655,
        "profit_A": 0.09,
        "profit_B": -5.63
      },
      "3-Tier": {
        "social_welfare": -12.552865345229167,
        "consumer_surplus": -14.333164774315359,
        "producer_profit": 1.7802994290861922,
        "profit_A": 0.89,
        "profit_B": 0.89
      },
      "4-Tier": {
        "social_welfare": -12.552865345229165,
        "consumer_surplus": -14.290010886213564,
        "producer_profit": 1.737145540984398,
        "profit_A": 0.06,
        "profit_B": 1.68
      },
      "5-Tier": {
        "social_welfare": -12.552865345229165,
        "consumer_surplus": -14.25112514835412,
        "producer_profit": 1.6982598031249556,
        "profit_A": -0.01,
        "profit_B": 1.71
      },
      "6-Tier": {
        "social_welfare": -12.552865345229167,
        "consumer_surplus": -14.310023524575888,
        "producer_profit": 1.7571581793467212,
        "profit_A": 0.05,
        "profit_B": 1.71
      },
      "7-Tier": {
        "social_welfare": -12.552865345229167,
        "consumer_surplus": -14.278094727015601,
        "producer_profit": 1.7252293817864346,
        "profit_A": -0.06,
        "profit_B": 1.79
      },
      "8-Tier": {
        "social_welfare": -12.552865345229165,
        "consumer_surplus": -14.211950670839832,
        "producer_profit": 1.6590853256106668,
        "profit_A": -0.06,
        "profit_B": 1.72
      },
      "9-Tier": {
        "social_welfare": -12.552865345229167,
        "consumer_surplus": -14.290770879980963,
        "producer_profit": 1.7379055347517958,
        "profit_A": -0.06,
        "profit_B": 1.79
      }
    },
    "4-Tier": {
      "Flat": {
        "social_welfare": -12.552865345229167,
        "consumer_surplus": -9.44913745406331,
        "producer_profit": -3.1037278911658563,
        "profit_A": 1.53,
        "profit_B": -4.64
      },
      "2-Tier": {
        "social_welfare": -12.552865345229165,
        "consumer_surplus": -8.573555430591108,
        "producer_profit": -3.9793099146380575,
        "profit_A": 1.88,
        "profit_B": -5.85
      },
      "3-Tier": {
        "social_welfare": -12.552865345229167,
        "consumer_surplus": -14.290010886213565,
        "producer_profit": 1.7371455409843983,
        "profit_A": 1.68,
        "profit_B": 0.06
      },
      "4-Tier": {
        "social_welfare": -12.552865345229169,
        "consumer_surplus": -17.445159680042895,
        "producer_profit": 4.8922943348137276,
        "profit_A": 2.45,
        "profit_B": 2.45
      },
      "5-Tier": {
        "social_welfare": -12.552865345229169,
        "consumer_surplus": -16.63583806809971,
        "producer_profit": 4.082972722870541,
        "profit_A": 1.93,
        "profit_B": 2.15
      },
      "6-Tier": {
        "social_welfare": -12.552865345229165,
        "consumer_surplus": -16.462760793492826,
        "producer_profit": 3.9098954482636605,
        "profit_A": 1.62,
        "profit_B": 2.29
      },
      "7-Tier": {
        "social_welfare": -12.552865345229167,
        "consumer_surplus": -17.049838751886426,
        "producer_profit": 4.4969734066572595,
        "profit_A": 2.07,
        "profit_B": 2.43
      },
      "8-Tier": {
        "social_welfare": -12.552865345229169,
        "consumer_surplus": -16.642219696173832,
        "producer_profit": 4.089354350944664,
        "profit_A": 1.63,
        "profit_B": 2.46
      },
      "9-Tier": {
        "social_welfare": -12.552865345229172,
        "consumer_surplus": -16.512795941203084,
        "producer_profit": 3.959930595973913,
        "profit_A": 1.62,
        "profit_B": 2.34
      }
    },
    "5-Tier": {
      "Flat": {
        "social_welfare": -12.552865345229167,
        "consumer_surplus": -9.848646223354748,
        "producer_profit": -2.7042191218744183,
        "profit_A": 1.86,
        "profit_B": -4.57
      },
      "2-Tier": {
        "social_welfare": -12.552865345229169,
        "consumer_surplus": -8.036670854958766,
        "producer_profit": -4.5161944902704025,
        "profit_A": 1.63,
        "profit_B": -6.15
      },
      "3-Tier": {
        "social_welfare": -12.552865345229165,
        "consumer_surplus": -14.25112514835412,
        "producer_profit": 1.6982598031249556,
        "profit_A": 1.71,
        "profit_B": -0.01
      },
      "4-Tier": {
        "social_welfare": -12.552865345229169,
        "consumer_surplus": -16.63583806809971,
        "producer_profit": 4.08297272287054,
        "profit_A": 2.15,
        "profit_B": 1.93
      },
      "5-Tier": {
        "social_welfare": -12.552865345229165,
        "consumer_surplus": -17.10539826933627,
        "producer_profit": 4.552532924107104,
        "profit_A": 2.28,
        "profit_B": 2.28
      },
      "6-Tier": {
        "social_welfare": -12.552865345229169,
        "consumer_surplus": -16.375365830331923,
        "producer_profit": 3.8225004851027533,
        "profit_A": 1.67,
        "profit_B": 2.15
      },
      "7-Tier": {
        "social_welfare": -12.552865345229167,
        "consumer_surplus": -16.8658093859306,
        "producer_profit": 4.312944040701433,
        "profit_A": 2.1,
        "profit_B": 2.21
      },
      "8-Tier": {
        "social_welfare": -12.552865345229172,
        "consumer_surplus": -16.295886429793565,
        "producer_profit": 3.7430210845643934,
        "profit_A": 1.58,
        "profit_B": 2.16
      },
      "9-Tier": {
        "social_welfare": -12.552865345229165,
        "consumer_surplus": -16.523001555835656,
        "producer_profit": 3.9701362106064906,
        "profit_A": 1.64,
        "profit_B": 2.33
      }
    },
    "6-Tier": {
      "Flat": {
        "social_welfare": -12.552865345229167,
        "consumer_surplus": -9.572116612042386,
        "producer_profit": -2.980748733186781,
        "profit_A": 1.96,
        "profit_B": -4.94
      },
      "2-Tier": {
        "social_welfare": -12.552865345229167,
        "consumer_surplus": -8.198713382950837,
        "producer_profit": -4.35415196227833,
        "profit_A": 1.95,
        "profit_B": -6.31
      },
      "3-Tier": {
        "social_welfare": -12.552865345229167,
        "consumer_surplus": -14.310023524575888,
        "producer_profit": 1.7571581793467215,
        "profit_A": 1.71,
        "profit_B": 0.05
      },
      "4-Tier": {
        "social_welfare": -12.552865345229165,
        "consumer_surplus": -16.462760793492826,
        "producer_profit": 3.9098954482636605,
        "profit_A": 2.29,
        "profit_B": 1.62
      },
      "5-Tier": {
        "social_welfare": -12.552865345229169,
        "consumer_surplus": -16.375365830331923,
        "producer_profit": 3.8225004851027533,
        "profit_A": 2.15,
        "profit_B": 1.67
      },
      "6-Tier": {
        "social_welfare": -12.552865345229167,
        "consumer_surplus": -16.82961916326721,
        "producer_profit": 4.276753818038044,
        "profit_A": 2.14,
        "profit_B": 2.14
      },
      "7-Tier": {
        "social_welfare": -12.55286534522917,
        "consumer_surplus": -16.4858343581709,
        "producer_profit": 3.932969012941731,
        "profit_A": 2.04,
        "profit_B": 1.89
      },
      "8-Tier": {
        "social_welfare": -12.552865345229165,
        "consumer_surplus": -16.597385844694525,
        "producer_profit": 4.044520499465359,
        "profit_A": 1.92,
        "profit_B": 2.12
      },
      "9-Tier": {
        "social_welfare": -12.552865345229165,
        "consumer_surplus": -16.612874816212045,
        "producer_profit": 4.06000947098288,
        "profit_A": 1.93,
        "profit_B": 2.13
      }
    },
    "7-Tier": {
      "Flat": {
        "social_welfare": -12.552865345229169,
        "consumer_surplus": -9.640252474639267,
        "producer_profit": -2.912612870589901,
        "profit_A": 1.81,
        "profit_B": -4.73
      },
      "2-Tier": {
        "social_welfare": -12.552865345229169,
        "consumer_surplus": -8.316228614459163,
        "producer_profit": -4.236636730770005,
        "profit_A": 1.86,
        "profit_B": -6.1
      },
      "3-Tier": {
        "social_welfare": -12.552865345229165,
        "consumer_surplus": -14.2780947270156,
        "producer_profit": 1.7252293817864348,
        "profit_A": 1.79,
        "profit_B": -0.06
      },
      "4-Tier": {
        "social_welfare": -12.552865345229167,
        "consumer_surplus": -17.049838751886426,
        "producer_profit": 4.4969734066572595,
        "profit_A": 2.43,
        "profit_B": 2.07
      },
      "5-Tier": {
        "social_welfare": -12.552865345229169,
        "consumer_surplus": -16.8658093859306,
        "producer_profit": 4.312944040701432,
        "profit_A": 2.21,
        "profit_B": 2.1
      },
      "6-Tier": {
        "social_welfare": -12.55286534522917,
        "consumer_surplus": -16.4858343581709,
        "producer_profit": 3.9329690129417316,
        "profit_A": 1.89,
        "profit_B": 2.04
      },
      "7-Tier": {
        "social_welfare": -12.552865345229169,
        "consumer_surplus": -17.67159731878392,
        "producer_profit": 5.118731973554752,
        "profit_A": 2.56,
        "profit_B": 2.56
      },
      "8-Tier": {
        "social_welfare": -12.552865345229165,
        "consumer_surplus": -16.626152116080494,
        "producer_profit": 4.07328677085133,
        "profit_A": 1.87,
        "profit_B": 2.21
      },
      "9-Tier": {
        "social_welfare": -12.552865345229169,
        "consumer_surplus": -17.00895102909782,
        "producer_profit": 4.4560856838686504,
        "profit_A": 2.06,
        "profit_B": 2.4
      }
    },
    "8-Tier": {
      "Flat": {
        "social_welfare": -12.552865345229167,
        "consumer_surplus": -9.404079244288036,
        "producer_profit": -3.14878610094113,
        "profit_A": 1.88,
        "profit_B": -5.03
      },
      "2-Tier": {
        "social_welfare": -12.552865345229163,
        "consumer_surplus": -8.213959948223552,
        "producer_profit": -4.338905397005611,
        "profit_A": 2.01,
        "profit_B": -6.35
      },
      "3-Tier": {
        "social_welfare": -12.552865345229165,
        "consumer_surplus": -14.211950670839832,
        "producer_profit": 1.6590853256106666,
        "profit_A": 1.72,
        "profit_B": -0.06
      },
      "4-Tier": {
        "social_welfare": -12.552865345229169,
        "consumer_surplus": -16.642219696173832,
        "producer_profit": 4.089354350944664,
        "profit_A": 2.46,
        "profit_B": 1.63
      },
      "5-Tier": {
        "social_welfare": -12.552865345229165,
        "consumer_surplus": -16.29588642979356,
        "producer_profit": 3.7430210845643934,
        "profit_A": 2.16,
        "profit_B": 1.58
      },
      "6-Tier": {
        "social_welfare": -12.552865345229165,
        "consumer_surplus": -16.597385844694525,
        "producer_profit": 4.044520499465359,
        "profit_A": 2.12,
        "profit_B": 1.92
      },
      "7-Tier": {
        "social_welfare": -12.552865345229169,
        "consumer_surplus": -16.626152116080497,
        "producer_profit": 4.07328677085133,
        "profit_A": 2.21,
        "profit_B": 1.87
      },
      "8-Tier": {
        "social_welfare": -12.552865345229165,
        "consumer_surplus": -16.868349907767307,
        "producer_profit": 4.315484562538142,
        "profit_A": 2.16,
        "profit_B": 2.16
      },
      "9-Tier": {
        "social_welfare": -12.552865345229169,
        "consumer_surplus": -16.643205692766088,
        "producer_profit": 4.090340347536919,
        "profit_A": 2.06,
        "profit_B": 2.03
      }
    },
    "9-Tier": {
      "Flat": {
        "social_welfare": -12.552865345229167,
        "consumer_surplus": -9.549874572326024,
        "producer_profit": -3.002990772903143,
        "profit_A": 2.0,
        "profit_B": -5.0
      },
      "2-Tier": {
        "social_welfare": -12.552865345229169,
        "consumer_surplus": -8.04321780073465,
        "producer_profit": -4.509647544494517,
        "profit_A": 1.85,
        "profit_B": -6.36
      },
      "3-Tier": {
        "social_welfare": -12.552865345229167,
        "consumer_surplus": -14.290770879980963,
        "producer_profit": 1.7379055347517955,
        "profit_A": 1.79,
        "profit_B": -0.06
      },
      "4-Tier": {
        "social_welfare": -12.552865345229169,
        "consumer_surplus": -16.51279594120308,
        "producer_profit": 3.959930595973913,
        "profit_A": 2.34,
        "profit_B": 1.62
      },
      "5-Tier": {
        "social_welfare": -12.552865345229165,
        "consumer_surplus": -16.523001555835656,
        "producer_profit": 3.97013621060649,
        "profit_A": 2.33,
        "profit_B": 1.64
      },
      "6-Tier": {
        "social_welfare": -12.552865345229169,
        "consumer_surplus": -16.61287481621205,
        "producer_profit": 4.06000947098288,
        "profit_A": 2.13,
        "profit_B": 1.93
      },
      "7-Tier": {
        "social_welfare": -12.552865345229172,
        "consumer_surplus": -17.008951029097823,
        "producer_profit": 4.4560856838686504,
        "profit_A": 2.4,
        "profit_B": 2.06
      },
      "8-Tier": {
        "social_welfare": -12.552865345229165,
        "consumer_surplus": -16.643205692766085,
        "producer_profit": 4.090340347536919,
        "profit_A": 2.03,
        "profit_B": 2.06
      },
      "9-Tier": {
        "social_welfare": -12.552865345229165,
        "consumer_surplus": -17.184772935083732,
        "producer_profit": 4.631907589854566,
        "profit_A": 2.32,
        "profit_B": 2.32
      }
    }
  }
}