,Flat,2-Tier,3-Tier,4-Tier,5-Tier,6-Tier,7-Tier
Flat,"(np.float64(2.63), np.float64(2.63))","(np.float64(-4.95), np.float64(-3.14))","(np.float64(-4.02), np.float64(1.14))","(np.float64(-3.83), np.float64(2.19))","(np.float64(-3.81), np.float64(2.52))","(np.float64(-4.14), np.float64(2.55))","(np.float64(-3.93), np.float64(2.45))"
2-Tier,"(np.float64(-3.14), np.float64(-4.95))","(np.float64(-0.58), np.float64(-0.58))","(np.float64(-4.59), np.float64(0.82))","(np.float64(-4.67), np.float64(2.43))","(np.float64(-4.94), np.float64(2.21))","(np.float64(-5.13), np.float64(2.41))","(np.float64(-4.87), np.float64(2.41))"
3-Tier,"(np.float64(1.14), np.float64(-4.02))","(np.float64(0.82), np.float64(-4.59))","(np.float64(1.71), np.float64(1.71))","(np.float64(0.79), np.float64(2.39))","(np.float64(0.79), np.float64(2.41))","(np.float64(0.81), np.float64(2.43))","(np.float64(0.76), np.float64(2.46))"
4-Tier,"(np.float64(2.19), np.float64(-3.83))","(np.float64(2.43), np.float64(-4.67))","(np.float64(2.39), np.float64(0.79))","(np.float64(3.07), np.float64(3.07))","(np.float64(2.6), np.float64(2.78))","(np.float64(2.21), np.float64(2.82))","(np.float64(2.73), np.float64(3.03))"
5-Tier,"(np.float64(2.52), np.float64(-3.81))","(np.float64(2.21), np.float64(-4.94))","(np.float64(2.41), np.float64(0.79))","(np.float64(2.78), np.float64(2.6))","(np.float64(2.98), np.float64(2.98))","(np.float64(2.28), np.float64(2.76))","(np.float64(2.83), np.float64(2.85))"
6-Tier,"(np.float64(2.55), np.float64(-4.14))","(np.float64(2.41), np.float64(-5.13))","(np.float64(2.43), np.float64(0.81))","(np.float64(2.82), np.float64(2.21))","(np.float64(2.76), np.float64(2.28))","(np.float64(2.7), np.float64(2.7))","(np.float64(2.64), np.float64(2.47))"
7-Tier,"(np.float64(2.45), np.float64(-3.93))","(np.float64(2.41), np.float64(-4.87))","(np.float64(2.46), np.float64(0.76))","(np.float64(3.03), np.float64(2.73))","(np.float64(2.85), np.float64(2.83))","(np.float64(2.47), np.float64(2.64))","(np.float64(3.2), np.float64(3.2))"
