{
  "parameters": {
    "P0": 10.932032230093702,
    "gamma": 0.001,
    "beta": 0.3,
    "alpha": 1.77,
    "s0": 0.35,
    "max_tiers": 7
  },
  "welfare_matrix": {
    "Flat": {
      "Flat": {
        "social_welfare": -14.759282238071226,
        "consumer_surplus": -20.0132888414218,
        "producer_profit": 5.254006603350574,
        "profit_A": 2.63,
        "profit_B": 2.63
      },
      "2-Tier": {
        "social_welfare": -14.759282238071226,
        "consumer_surplus": -6.671397623732687,
        "producer_profit": -8.08788461433854,
        "profit_A": -4.95,
        "profit_B": -3.14
      },
      "3-Tier": {
        "social_welfare": -14.759282238071227,
        "consumer_surplus": -11.879425873556274,
        "producer_profit": -2.879856364514953,
        "profit_A": -4.02,
        "profit_B": 1.14
      },
      "4-Tier": {
        "social_welfare": -14.759282238071224,
        "consumer_surplus": -13.110978892774117,
        "producer_profit": -1.6483033452971068,
        "profit_A": -3.83,
        "profit_B": 2.19
      },
      "5-Tier": {
        "social_welfare": -14.759282238071226,
        "consumer_surplus": -13.4756947349792,
        "producer_profit": -1.2835875030920256,
        "profit_A": -3.81,
        "profit_B": 2.52
      },
      "6-Tier": {
        "social_welfare": -14.759282238071222,
        "consumer_surplus": -13.167630914564409,
        "producer_profit": -1.5916513235068126,
        "profit_A": -4.14,
        "profit_B": 2.55
      },
      "7-Tier": {
        "social_welfare": -14.759282238071222,
        "consumer_surplus": -13.280671220070785,
        "producer_profit": -1.4786110180004384,
        "profit_A": -3.93,
        "profit_B": 2.45
      }
    },
    "2-Tier": {
      "Flat": {
        "social_welfare": -14.75928223807123,
        "consumer_surplus": -6.6713976237326875,
        "producer_profit": -8.087884614338542,
        "profit_A": -3.14,
        "profit_B": -4.95
      },
      "2-Tier": {
        "social_welfare": -14.759282238071224,
        "consumer_surplus": -13.605774896448027,
        "producer_profit": -1.153507341623197,
        "profit_A": -0.58,
        "profit_B": -0.58
      },
      "3-Tier": {
        "social_welfare": -14.759282238071226,
        "consumer_surplus": -10.988349686752398,
        "producer_profit": -3.7709325513188268,
        "profit_A": -4.59,
        "profit_B": 0.82
      },
      "4-Tier": {
        "social_welfare": -14.759282238071224,
        "consumer_surplus": -12.513070322842749,
        "producer_profit": -2.2462119152284754,
        "profit_A": -4.67,
        "profit_B": 2.43
      },
      "5-Tier": {
        "social_welfare": -14.759282238071226,
        "consumer_surplus": -12.0274192608043,
        "producer_profit": -2.731862977266926,
        "profit_A": -4.94,
        "profit_B": 2.21
      },
      "6-Tier": {
        "social_welfare": -14.75928223807122,
        "consumer_surplus": -12.043164206876577,
        "producer_profit": -2.7161180311946427,
        "profit_A": -5.13,
        "profit_B": 2.41
      },
      "7-Tier": {
        "social_welfare": -14.759282238071226,
        "consumer_surplus": -12.292204582053138,
        "producer_profit": -2.4670776560180867,
        "profit_A": -4.87,
        "profit_B": 2.41
      }
    },
    "3-Tier": {
      "Flat": {
        "social_welfare": -14.759282238071227,
        "consumer_surplus": -11.879425873556274,
        "producer_profit": -2.879856364514953,
        "profit_A": 1.14,
        "profit_B": -4.02
      },
      "2-Tier": {
        "social_welfare": -14.759282238071226,
        "consumer_surplus": -10.988349686752398,
        "producer_profit": -3.7709325513188268,
        "profit_A": 0.82,
        "profit_B": -4.59
      },
      "3-Tier": {
        "social_welfare": -14.75928223807123,
        "consumer_surplus": -18.174740178162168,
        "producer_profit": 3.4154579400909393,
        "profit_A": 1.71,
        "profit_B": 1.71
      },
      "4-Tier": {
        "social_welfare": -14.759282238071226,
        "consumer_surplus": -17.941598848313344,
        "producer_profit": 3.1823166102421174,
        "profit_A": 0.79,
        "profit_B": 2.39
      },
      "5-Tier": {
        "social_welfare": -14.759282238071224,
        "consumer_surplus": -17.95809161090843,
        "producer_profit": 3.1988093728372053,
        "profit_A": 0.79,
        "profit_B": 2.41
      },
      "6-Tier": {
        "social_welfare": -14.75928223807123,
        "consumer_surplus": -17.998411303129938,
        "producer_profit": 3.2391290650587097,
        "profit_A": 0.81,
        "profit_B": 2.43
      },
      "7-Tier": {
        "social_welfare": -14.759282238071226,
        "consumer_surplus": -17.972741725794396,
        "producer_profit": 3.2134594877231715,
        "profit_A": 0.76,
        "profit_B": 2.46
      }
    },
    "4-Tier": {
      "Flat": {
        "social_welfare": -14.759282238071224,
        "consumer_surplus": -13.110978892774117,
        "producer_profit": -1.6483033452971072,
        "profit_A": 2.19,
        "profit_B": -3.83
      },
      "2-Tier": {
        "social_welfare": -14.759282238071222,
        "consumer_surplus": -12.513070322842749,
        "producer_profit": -2.246211915228473,
        "profit_A": 2.43,
        "profit_B": -4.67
      },
      "3-Tier": {
        "social_welfare": -14.75928223807123,
        "consumer_surplus": -17.941598848313348,
        "producer_profit": 3.182316610242118,
        "profit_A": 2.39,
        "profit_B": 0.79
      },
      "4-Tier": {
        "social_welfare": -14.759282238071222,
        "consumer_surplus": -20.908142451472788,
        "producer_profit": 6.148860213401565,
        "profit_A": 3.07,
        "profit_B": 3.07
      },
      "5-Tier": {
        "social_welfare": -14.759282238071226,
        "consumer_surplus": -20.14207489540869,
        "producer_profit": 5.382792657337464,
        "profit_A": 2.6,
        "profit_B": 2.78
      },
      "6-Tier": {
        "social_welfare": -14.759282238071226,
        "consumer_surplus": -19.793835344138078,
        "producer_profit": 5.034553106066853,
        "profit_A": 2.21,
        "profit_B": 2.82
      },
      "7-Tier": {
        "social_welfare": -14.759282238071226,
        "consumer_surplus": -20.523560160405744,
        "producer_profit": 5.764277922334518,
        "profit_A": 2.73,
        "profit_B": 3.03
      }
    },
    "5-Tier": {
      "Flat": {
        "social_welfare": -14.759282238071226,
        "consumer_surplus": -13.4756947349792,
        "producer_profit": -1.2835875030920247,
        "profit_A": 2.52,
        "profit_B": -3.81
      },
      "2-Tier": {
        "social_welfare": -14.759282238071224,
        "consumer_surplus": -12.0274192608043,
        "producer_profit": -2.731862977266925,
        "profit_A": 2.21,
        "profit_B": -4.94
      },
      "3-Tier": {
        "social_welfare": -14.759282238071227,
        "consumer_surplus": -17.958091610908433,
        "producer_profit": 3.1988093728372053,
        "profit_A": 2.41,
        "profit_B": 0.79
      },
      "4-Tier": {
        "social_welfare": -14.759282238071226,
        "consumer_surplus": -20.14207489540869,
        "producer_profit": 5.382792657337464,
        "profit_A": 2.78,
        "profit_B": 2.6
      },
      "5-Tier": {
        "social_welfare": -14.75928223807123,
        "consumer_surplus": -20.71411099616097,
        "producer_profit": 5.9548287580897385,
        "profit_A": 2.98,
        "profit_B": 2.98
      },
      "6-Tier": {
        "social_welfare": -14.759282238071226,
        "consumer_surplus": -19.79896895921716,
        "producer_profit": 5.039686721145934,
        "profit_A": 2.28,
        "profit_B": 2.76
      },
      "7-Tier": {
        "social_welfare": -14.759282238071226,
        "consumer_surplus": -20.433068940008905,
        "producer_profit": 5.673786701937679,
        "profit_A": 2.83,
        "profit_B": 2.85
      }
    },
    "6-Tier": {
      "Flat": {
        "social_welfare": -14.759282238071226,
        "consumer_surplus": -13.167630914564413,
        "producer_profit": -1.5916513235068126,
        "profit_A": 2.55,
        "profit_B": -4.14
      },
      "2-Tier": {
        "social_welfare": -14.75928223807122,
        "consumer_surplus": -12.043164206876577,
        "producer_profit": -2.7161180311946427,
        "profit_A": 2.41,
        "profit_B": -5.13
      },
      "3-Tier": {
        "social_welfare": -14.759282238071227,
        "consumer_surplus": -17.998411303129938,
        "producer_profit": 3.2391290650587106,
        "profit_A": 2.43,
        "profit_B": 0.81
      },
      "4-Tier": {
        "social_welfare": -14.759282238071224,
        "consumer_surplus": -19.793835344138078,
        "producer_profit": 5.034553106066854,
        "profit_A": 2.82,
        "profit_B": 2.21
      },
      "5-Tier": {
        "social_welfare": -14.759282238071226,
        "consumer_surplus": -19.79896895921716,
        "producer_profit": 5.039686721145934,
        "profit_A": 2.76,
        "profit_B": 2.28
      },
      "6-Tier": {
        "social_welfare": -14.75928223807123,
        "consumer_surplus": -20.158474360264904,
        "producer_profit": 5.399192122193676,
        "profit_A": 2.7,
        "profit_B": 2.7
      },
      "7-Tier": {
        "social_welfare": -14.759282238071226,
        "consumer_surplus": -19.86830620318533,
        "producer_profit": 5.109023965114106,
        "profit_A": 2.64,
        "profit_B": 2.47
      }
    },
    "7-Tier": {
      "Flat": {
        "social_welfare": -14.75928223807123,
        "consumer_surplus": -13.28067122007079,
        "producer_profit": -1.4786110180004384,
        "profit_A": 2.45,
        "profit_B": -3.93
      },
      "2-Tier": {
        "social_welfare": -14.759282238071222,
        "consumer_surplus": -12.292204582053138,
        "producer_profit": -2.467077656018085,
        "profit_A": 2.41,
        "profit_B": -4.87
      },
      "3-Tier": {
        "social_welfare": -14.759282238071222,
        "consumer_surplus": -17.972741725794393,
        "producer_profit": 3.2134594877231715,
        "profit_A": 2.46,
        "profit_B": 0.76
      },
      "4-Tier": {
        "social_welfare": -14.759282238071226,
        "consumer_surplus": -20.523560160405744,
        "producer_profit": 5.764277922334518,
        "profit_A": 3.03,
        "profit_B": 2.73
      },
      "5-Tier": {
        "social_welfare": -14.759282238071226,
        "consumer_surplus": -20.433068940008905,
        "producer_profit": 5.673786701937679,
        "profit_A": 2.85,
        "profit_B": 2.83
      },
      "6-Tier": {
        "social_welfare": -14.759282238071224,
        "consumer_surplus": -19.86830620318533,
        "producer_profit": 5.1090239651141065,
        "profit_A": 2.47,
        "profit_B": 2.64
      },
      "7-Tier": {
        "social_welfare": -14.759282238071222,
        "consumer_surplus": -21.16528501441271,
        "producer_profit": 6.406002776341488,
        "profit_A": 3.2,
        "profit_B": 3.2
      }
    }
  }
}