,Flat,2-Tier,3-Tier,4-Tier,5-Tier
Flat,"(np.float64(1.74), np.float64(1.74))","(np.float64(-5.52), np.float64(-5.1))","(np.float64(-5.03), np.float64(0.35))","(np.float64(-4.81), np.float64(1.39))","(np.float64(-4.74), np.float64(1.72))"
2-Tier,"(np.float64(-5.1), np.float64(-5.52))","(np.float64(-1.81), np.float64(-1.81))","(np.float64(-5.85), np.float64(-0.07))","(np.float64(-6.11), np.float64(1.76))","(np.float64(-6.41), np.float64(1.51))"
3-Tier,"(np.float64(0.35), np.float64(-5.03))","(np.float64(-0.07), np.float64(-5.85))","(np.float64(0.73), np.float64(0.73))","(np.float64(-0.12), np.float64(1.54))","(np.float64(-0.19), np.float64(1.57))"
4-Tier,"(np.float64(1.39), np.float64(-4.81))","(np.float64(1.76), np.float64(-6.11))","(np.float64(1.54), np.float64(-0.12))","(np.float64(2.29), np.float64(2.29))","(np.float64(1.78), np.float64(2.0))"
5-Tier,"(np.float64(1.72), np.float64(-4.74))","(np.float64(1.51), np.float64(-6.41))","(np.float64(1.57), np.float64(-0.19))","(np.float64(2.0), np.float64(1.78))","(np.float64(2.12), np.float64(2.12))"
