{
  "parameters": {
    "P0": 10.49360617961492,
    "gamma": 0.001,
    "beta": 0.3,
    "alpha": 2.43,
    "s0": 0.35,
    "max_tiers": 5
  },
  "welfare_matrix": {
    "Flat": {
      "Flat": {
        "social_welfare": -11.946945954502642,
        "consumer_surplus": -15.426249600165823,
        "producer_profit": 3.4793036456631805,
        "profit_A": 1.74,
        "profit_B": 1.74
      },
      "2-Tier": {
        "social_welfare": -11.946945954502645,
        "consumer_surplus": -1.3258510976332083,
        "producer_profit": -10.621094856869437,
        "profit_A": -5.52,
        "profit_B": -5.1
      },
      "3-Tier": {
        "social_welfare": -11.946945954502645,
        "consumer_surplus": -7.269502552975233,
        "producer_profit": -4.677443401527413,
        "profit_A": -5.03,
        "profit_B": 0.35
      },
      "4-Tier": {
        "social_welfare": -11.946945954502645,
        "consumer_surplus": -8.531286725522856,
        "producer_profit": -3.4156592289797887,
        "profit_A": -4.81,
        "profit_B": 1.39
      },
      "5-Tier": {
        "social_welfare": -11.946945954502644,
        "consumer_surplus": -8.933445572065546,
        "producer_profit": -3.013500382437097,
        "profit_A": -4.74,
        "profit_B": 1.72
      }
    },
    "2-Tier": {
      "Flat": {
        "social_welfare": -11.946945954502642,
        "consumer_surplus": -1.3258510976332045,
        "producer_profit": -10.621094856869437,
        "profit_A": -5.1,
        "profit_B": -5.52
      },
      "2-Tier": {
        "social_welfare": -11.946945954502645,
        "consumer_surplus": -8.320374484388001,
        "producer_profit": -3.6265714701146434,
        "profit_A": -1.81,
        "profit_B": -1.81
      },
      "3-Tier": {
        "social_welfare": -11.946945954502638,
        "consumer_surplus": -6.026050844285536,
        "producer_profit": -5.920895110217103,
        "profit_A": -5.85,
        "profit_B": -0.07
      },
      "4-Tier": {
        "social_welfare": -11.946945954502642,
        "consumer_surplus": -7.592169687255296,
        "producer_profit": -4.354776267247345,
        "profit_A": -6.11,
        "profit_B": 1.76
      },
      "5-Tier": {
        "social_welfare": -11.946945954502645,
        "consumer_surplus": -7.051758637890323,
        "producer_profit": -4.895187316612322,
        "profit_A": -6.41,
        "profit_B": 1.51
      }
    },
    "3-Tier": {
      "Flat": {
        "social_welfare": -11.946945954502645,
        "consumer_surplus": -7.269502552975234,
        "producer_profit": -4.6774434015274124,
        "profit_A": 0.35,
        "profit_B": -5.03
      },
      "2-Tier": {
        "social_welfare": -11.946945954502642,
        "consumer_surplus": -6.026050844285538,
        "producer_profit": -5.920895110217103,
        "profit_A": -0.07,
        "profit_B": -5.85
      },
      "3-Tier": {
        "social_welfare": -11.946945954502645,
        "consumer_surplus": -13.409526508587707,
        "producer_profit": 1.4625805540850623,
        "profit_A": 0.73,
        "profit_B": 0.73
      },
      "4-Tier": {
        "social_welfare": -11.946945954502645,
        "consumer_surplus": -13.373667332747806,
        "producer_profit": 1.42672137824516,
        "profit_A": -0.12,
        "profit_B": 1.54
      },
      "5-Tier": {
        "social_welfare": -11.946945954502644,
        "consumer_surplus": -13.334220859425308,
        "producer_profit": 1.387274904922664,
        "profit_A": -0.19,
        "profit_B": 1.57
      }
    },
    "4-Tier": {
      "Flat": {
        "social_welfare": -11.946945954502645,
        "consumer_surplus": -8.531286725522856,
        "producer_profit": -3.4156592289797887,
        "profit_A": 1.39,
        "profit_B": -4.81
      },
      "2-Tier": {
        "social_welfare": -11.946945954502642,
        "consumer_surplus": -7.592169687255296,
        "producer_profit": -4.354776267247345,
        "profit_A": 1.76,
        "profit_B": -6.11
      },
      "3-Tier": {
        "social_welfare": -11.946945954502645,
        "consumer_surplus": -13.373667332747806,
        "producer_profit": 1.4267213782451602,
        "profit_A": 1.54,
        "profit_B": -0.12
      },
      "4-Tier": {
        "social_welfare": -11.946945954502645,
        "consumer_surplus": -16.53396927920281,
        "producer_profit": 4.587023324700165,
        "profit_A": 2.29,
        "profit_B": 2.29
      },
      "5-Tier": {
        "social_welfare": -11.946945954502649,
        "consumer_surplus": -15.72510174133775,
        "producer_profit": 3.778155786835103,
        "profit_A": 1.78,
        "profit_B": 2.0
      }
    },
    "5-Tier": {
      "Flat": {
        "social_welfare": -11.946945954502642,
        "consumer_surplus": -8.933445572065544,
        "producer_profit": -3.013500382437097,
        "profit_A": 1.72,
        "profit_B": -4.74
      },
      "2-Tier": {
        "social_welfare": -11.946945954502645,
        "consumer_surplus": -7.051758637890325,
        "producer_profit": -4.895187316612321,
        "profit_A": 1.51,
        "profit_B": -6.41
      },
      "3-Tier": {
        "social_welfare": -11.946945954502644,
        "consumer_surplus": -13.334220859425308,
        "producer_profit": 1.3872749049226638,
        "profit_A": 1.57,
        "profit_B": -0.19
      },
      "4-Tier": {
        "social_welfare": -11.946945954502647,
        "consumer_surplus": -15.725101741337749,
        "producer_profit": 3.7781557868351023,
        "profit_A": 2.0,
        "profit_B": 1.78
      },
      "5-Tier": {
        "social_welfare": -11.94694595450264,
        "consumer_surplus": -16.196895969282554,
        "producer_profit": 4.249950014779914,
        "profit_A": 2.12,
        "profit_B": 2.12
      }
    }
  }
}