,Flat,2-Tier,3-Tier,4-Tier,5-Tier,6-Tier
Flat,"(np.float64(1.13), np.float64(1.13))","(np.float64(-5.91), np.float64(-6.39))","(np.float64(-5.79), np.float64(-0.19))","(np.float64(-5.55), np.float64(0.84))","(np.float64(-5.46), np.float64(1.17))","(np.float64(-5.87), np.float64(1.29))"
2-Tier,"(np.float64(-6.39), np.float64(-5.91))","(np.float64(-2.65), np.float64(-2.65))","(np.float64(-6.72), np.float64(-0.71))","(np.float64(-7.15), np.float64(1.27))","(np.float64(-7.45), np.float64(1.02))","(np.float64(-7.58), np.float64(1.34))"
3-Tier,"(np.float64(-0.19), np.float64(-5.79))","(np.float64(-0.71), np.float64(-6.72))","(np.float64(0.09), np.float64(0.09))","(np.float64(-0.85), np.float64(1.0))","(np.float64(-0.92), np.float64(1.04))","(np.float64(-0.86), np.float64(1.02))"
4-Tier,"(np.float64(0.84), np.float64(-5.55))","(np.float64(1.27), np.float64(-7.15))","(np.float64(1.0), np.float64(-0.85))","(np.float64(1.65), np.float64(1.65))","(np.float64(1.12), np.float64(1.38))","(np.float64(0.9), np.float64(1.46))"
5-Tier,"(np.float64(1.17), np.float64(-5.46))","(np.float64(1.02), np.float64(-7.45))","(np.float64(1.04), np.float64(-0.92))","(np.float64(1.38), np.float64(1.12))","(np.float64(1.5), np.float64(1.5))","(np.float64(0.93), np.float64(1.33))"
6-Tier,"(np.float64(1.29), np.float64(-5.87))","(np.float64(1.34), np.float64(-7.58))","(np.float64(1.02), np.float64(-0.86))","(np.float64(1.46), np.float64(0.9))","(np.float64(1.33), np.float64(0.93))","(np.float64(1.38), np.float64(1.38))"
