,Flat,2-Tier,3-Tier,4-Tier,5-Tier
Flat,"(np.float64(8.26), np.float64(8.26))","(np.float64(-1.04), np.float64(7.03))","(np.float64(1.02), np.float64(5.41))","(np.float64(0.09), np.float64(6.4))","(np.float64(0.64), np.float64(6.42))"
2-Tier,"(np.float64(7.03), np.float64(-1.04))","(np.float64(5.44), np.float64(5.44))","(np.float64(1.57), np.float64(4.09))","(np.float64(1.16), np.float64(5.22))","(np.float64(1.87), np.float64(4.99))"
3-Tier,"(np.float64(5.41), np.float64(1.02))","(np.float64(4.09), np.float64(1.57))","(np.float64(5.7), np.float64(5.7))","(np.float64(2.99), np.float64(5.78))","(np.float64(4.02), np.float64(6.01))"
4-Tier,"(np.float64(6.4), np.float64(0.09))","(np.float64(5.22), np.float64(1.16))","(np.float64(5.78), np.float64(2.99))","(np.float64(5.21), np.float64(5.21))","(np.float64(5.51), np.float64(4.62))"
5-Tier,"(np.float64(6.42), np.float64(0.64))","(np.float64(4.99), np.float64(1.87))","(np.float64(6.01), np.float64(4.02))","(np.float64(4.62), np.float64(5.51))","(np.float64(6.03), np.float64(6.03))"
