{
  "parameters": {
    "P0": 10.150813481784969,
    "gamma": 0.001,
    "beta": 0.3,
    "alpha": 3.43,
    "s0": 0.35,
    "max_tiers": 9
  },
  "welfare_matrix": {
    "Flat": {
      "Flat": {
        "social_welfare": -8.924742710522361,
        "consumer_surplus": -11.176324622721946,
        "producer_profit": 2.251581912199585,
        "profit_A": 1.13,
        "profit_B": 1.13
      },
      "2-Tier": {
        "social_welfare": -8.924742710522365,
        "consumer_surplus": 3.375227665274748,
        "producer_profit": -12.299970375797113,
        "profit_A": -5.91,
        "profit_B": -6.39
      },
      "3-Tier": {
        "social_welfare": -8.924742710522363,
        "consumer_surplus": -2.9441600370317125,
        "producer_profit": -5.98058267349065,
        "profit_A": -5.79,
        "profit_B": -0.19
      },
      "4-Tier": {
        "social_welfare": -8.924742710522363,
        "consumer_surplus": -4.218110184155212,
        "producer_profit": -4.706632526367152,
        "profit_A": -5.55,
        "profit_B": 0.84
      },
      "5-Tier": {
        "social_welfare": -8.924742710522361,
        "consumer_surplus": -4.629724258396602,
        "producer_profit": -4.295018452125759,
        "profit_A": -5.46,
        "profit_B": 1.17
      },
      "6-Tier": {
        "social_welfare": -8.924742710522361,
        "consumer_surplus": -4.343775482876168,
        "producer_profit": -4.580967227646193,
        "profit_A": -5.87,
        "profit_B": 1.29
      },
      "7-Tier": {
        "social_welfare": -8.924742710522363,
        "consumer_surplus": -4.425979893401587,
        "producer_profit": -4.498762817120776,
        "profit_A": -5.62,
        "profit_B": 1.12
      },
      "8-Tier": {
        "social_welfare": -8.924742710522363,
        "consumer_surplus": -4.171603686504208,
        "producer_profit": -4.753139024018154,
        "profit_A": -5.94,
        "profit_B": 1.19
      },
      "9-Tier": {
        "social_welfare": -8.924742710522361,
        "consumer_surplus": -4.333316893256308,
        "producer_profit": -4.591425817266053,
        "profit_A": -5.92,
        "profit_B": 1.32
      }
    },
    "2-Tier": {
      "Flat": {
        "social_welfare": -8.924742710522363,
        "consumer_surplus": 3.3752276652747506,
        "producer_profit": -12.299970375797113,
        "profit_A": -6.39,
        "profit_B": -5.91
      },
      "2-Tier": {
        "social_welfare": -8.92474271052236,
        "consumer_surplus": -3.6171111493770125,
        "producer_profit": -5.307631561145348,
        "profit_A": -2.65,
        "profit_B": -2.65
      },
      "3-Tier": {
        "social_welfare": -8.92474271052236,
        "consumer_surplus": -1.4941203115426598,
        "producer_profit": -7.4306223989797004,
        "profit_A": -6.72,
        "profit_B": -0.71
      },
      "4-Tier": {
        "social_welfare": -8.924742710522361,
        "consumer_surplus": -3.0474147795499644,
        "producer_profit": -5.877327930972397,
        "profit_A": -7.15,
        "profit_B": 1.27
      },
      "5-Tier": {
        "social_welfare": -8.924742710522363,
        "consumer_surplus": -2.4950045931295213,
        "producer_profit": -6.429738117392842,
        "profit_A": -7.45,
        "profit_B": 1.02
      },
      "6-Tier": {
        "social_welfare": -8.924742710522361,
        "consumer_surplus": -2.6831481090325076,
        "producer_profit": -6.241594601489854,
        "profit_A": -7.58,
        "profit_B": 1.34
      },
      "7-Tier": {
        "social_welfare": -8.924742710522361,
        "consumer_surplus": -2.7758177501838226,
        "producer_profit": -6.1489249603385385,
        "profit_A": -7.42,
        "profit_B": 1.27
      },
      "8-Tier": {
        "social_welfare": -8.924742710522361,
        "consumer_surplus": -2.700373754304367,
        "producer_profit": -6.224368956217994,
        "profit_A": -7.64,
        "profit_B": 1.42
      },
      "9-Tier": {
        "social_welfare": -8.92474271052236,
        "consumer_surplus": -2.500192524599562,
        "producer_profit": -6.424550185922798,
        "profit_A": -7.65,
        "profit_B": 1.23
      }
    },
    "3-Tier": {
      "Flat": {
        "social_welfare": -8.924742710522363,
        "consumer_surplus": -2.9441600370317125,
        "producer_profit": -5.98058267349065,
        "profit_A": -0.19,
        "profit_B": -5.79
      },
      "2-Tier": {
        "social_welfare": -8.924742710522366,
        "consumer_surplus": -1.4941203115426662,
        "producer_profit": -7.4306223989797,
        "profit_A": -0.71,
        "profit_B": -6.72
      },
      "3-Tier": {
        "social_welfare": -8.924742710522361,
        "consumer_surplus": -9.09955471620654,
        "producer_profit": 0.17481200568417926,
        "profit_A": 0.09,
        "profit_B": 0.09
      },
      "4-Tier": {
        "social_welfare": -8.92474271052236,
        "consumer_surplus": -9.0811042887012,
        "producer_profit": 0.15636157817884022,
        "profit_A": -0.85,
        "profit_B": 1.0
      },
      "5-Tier": {
        "social_welfare": -8.924742710522363,
        "consumer_surplus": -9.0376592680916,
        "producer_profit": 0.11291655756923757,
        "profit_A": -0.92,
        "profit_B": 1.04
      },
      "6-Tier": {
        "social_welfare": -8.924742710522361,
        "consumer_surplus": -9.091561045676771,
        "producer_profit": 0.16681833515441002,
        "profit_A": -0.86,
        "profit_B": 1.02
      },
      "7-Tier": {
        "social_welfare": -8.924742710522363,
        "consumer_surplus": -9.052122636041114,
        "producer_profit": 0.1273799255187511,
        "profit_A": -1.05,
        "profit_B": 1.18
      },
      "8-Tier": {
        "social_welfare": -8.924742710522361,
        "consumer_surplus": -8.991131971150446,
        "producer_profit": 0.06638926062808492,
        "profit_A": -0.98,
        "profit_B": 1.05
      },
      "9-Tier": {
        "social_welfare": -8.924742710522361,
        "consumer_surplus": -9.060095453610234,
        "producer_profit": 0.13535274308787337,
        "profit_A": -1.04,
        "profit_B": 1.18
      }
    },
    "4-Tier": {
      "Flat": {
        "social_welfare": -8.924742710522361,
        "consumer_surplus": -4.2181101841552096,
        "producer_profit": -4.706632526367152,
        "profit_A": 0.84,
        "profit_B": -5.55
      },
      "2-Tier": {
        "social_welfare": -8.924742710522361,
        "consumer_surplus": -3.0474147795499644,
        "producer_profit": -5.877327930972397,
        "profit_A": 1.27,
        "profit_B": -7.15
      },
      "3-Tier": {
        "social_welfare": -8.924742710522358,
        "consumer_surplus": -9.081104288701198,
        "producer_profit": 0.15636157817884,
        "profit_A": 1.0,
        "profit_B": -0.85
      },
      "4-Tier": {
        "social_welfare": -8.924742710522363,
        "consumer_surplus": -12.222875066961441,
        "producer_profit": 3.2981323564390785,
        "profit_A": 1.65,
        "profit_B": 1.65
      },
      "5-Tier": {
        "social_welfare": -8.924742710522365,
        "consumer_surplus": -11.422876816167928,
        "producer_profit": 2.4981341056455637,
        "profit_A": 1.12,
        "profit_B": 1.38
      },
      "6-Tier": {
        "social_welfare": -8.924742710522363,
        "consumer_surplus": -11.287297206200186,
        "producer_profit": 2.362554495677823,
        "profit_A": 0.9,
        "profit_B": 1.46
      },
      "7-Tier": {
        "social_welfare": -8.924742710522363,
        "consumer_surplus": -11.85982085474514,
        "producer_profit": 2.9350781442227776,
        "profit_A": 1.25,
        "profit_B": 1.69
      },
      "8-Tier": {
        "social_welfare": -8.924742710522363,
        "consumer_surplus": -11.434811314412624,
        "producer_profit": 2.5100686038902618,
        "profit_A": 0.9,
        "profit_B": 1.61
      },
      "9-Tier": {
        "social_welfare": -8.92474271052236,
        "consumer_surplus": -11.271383021379696,
        "producer_profit": 2.346640310857338,
        "profit_A": 0.82,
        "profit_B": 1.53
      }
    },
    "5-Tier": {
      "Flat": {
        "social_welfare": -8.92474271052236,
        "consumer_surplus": -4.6297242583966005,
        "producer_profit": -4.295018452125758,
        "profit_A": 1.17,
        "profit_B": -5.46
      },
      "2-Tier": {
        "social_welfare": -8.924742710522363,
        "consumer_surplus": -2.495004593129522,
        "producer_profit": -6.429738117392842,
        "profit_A": 1.02,
        "profit_B": -7.45
      },
      "3-Tier": {
        "social_welfare": -8.924742710522363,
        "consumer_surplus": -9.0376592680916,
        "producer_profit": 0.11291655756923746,
        "profit_A": 1.04,
        "profit_B": -0.92
      },
      "4-Tier": {
        "social_welfare": -8.924742710522365,
        "consumer_surplus": -11.422876816167928,
        "producer_profit": 2.498134105645564,
        "profit_A": 1.38,
        "profit_B": 1.12
      },
      "5-Tier": {
        "social_welfare": -8.924742710522361,
        "consumer_surplus": -11.915885102754295,
        "producer_profit": 2.991142392231934,
        "profit_A": 1.5,
        "profit_B": 1.5
      },
      "6-Tier": {
        "social_welfare": -8.924742710522363,
        "consumer_surplus": -11.185509000403153,
        "producer_profit": 2.2607662898807894,
        "profit_A": 0.93,
        "profit_B": 1.33
      },
      "7-Tier": {
        "social_welfare": -8.92474271052236,
        "consumer_surplus": -11.663077495617022,
        "producer_profit": 2.738334785094663,
        "profit_A": 1.26,
        "profit_B": 1.48
      },
      "8-Tier": {
        "social_welfare": -8.924742710522361,
        "consumer_surplus": -11.083845749660457,
        "producer_profit": 2.159103039138096,
        "profit_A": 0.83,
        "profit_B": 1.33
      },
      "9-Tier": {
        "social_welfare": -8.92474271052236,
        "consumer_surplus": -11.266568013358189,
        "producer_profit": 2.3418253028358293,
        "profit_A": 0.8,
        "profit_B": 1.54
      }
    },
    "6-Tier": {
      "Flat": {
        "social_welfare": -8.924742710522361,
        "consumer_surplus": -4.343775482876168,
        "producer_profit": -4.580967227646193,
        "profit_A": 1.29,
        "profit_B": -5.87
      },
      "2-Tier": {
        "social_welfare": -8.92474271052236,
        "consumer_surplus": -2.6831481090325076,
        "producer_profit": -6.241594601489853,
        "profit_A": 1.34,
        "profit_B": -7.58
      },
      "3-Tier": {
        "social_welfare": -8.924742710522363,
        "consumer_surplus": -9.091561045676773,
        "producer_profit": 0.16681833515441002,
        "profit_A": 1.02,
        "profit_B": -0.86
      },
      "4-Tier": {
        "social_welfare": -8.924742710522363,
        "consumer_surplus": -11.287297206200186,
        "producer_profit": 2.3625544956778235,
        "profit_A": 1.46,
        "profit_B": 0.9
      },
      "5-Tier": {
        "social_welfare": -8.924742710522361,
        "consumer_surplus": -11.185509000403151,
        "producer_profit": 2.26076628988079,
        "profit_A": 1.33,
        "profit_B": 0.93
      },
      "6-Tier": {
        "social_welfare": -8.924742710522363,
        "consumer_surplus": -11.676134060104975,
        "producer_profit": 2.7513913495826117,
        "profit_A": 1.38,
        "profit_B": 1.38
      },
      "7-Tier": {
        "social_welfare": -8.924742710522358,
        "consumer_surplus": -11.304552476233248,
        "producer_profit": 2.37980976571089,
        "profit_A": 1.17,
        "profit_B": 1.21
      },
      "8-Tier": {
        "social_welfare": -8.92474271052236,
        "consumer_surplus": -11.431679887483142,
        "producer_profit": 2.5069371769607827,
        "profit_A": 1.16,
        "profit_B": 1.35
      },
      "9-Tier": {
        "social_welfare": -8.924742710522363,
        "consumer_surplus": -11.41846308659299,
        "producer_profit": 2.493720376070627,
        "profit_A": 1.09,
        "profit_B": 1.41
      }
    },
    "7-Tier": {
      "Flat": {
        "social_welfare": -8.924742710522361,
        "consumer_surplus": -4.425979893401587,
        "producer_profit": -4.498762817120774,
        "profit_A": 1.12,
        "profit_B": -5.62
      },
      "2-Tier": {
        "social_welfare": -8.92474271052236,
        "consumer_surplus": -2.7758177501838213,
        "producer_profit": -6.1489249603385385,
        "profit_A": 1.27,
        "profit_B": -7.42
      },
      "3-Tier": {
        "social_welfare": -8.924742710522361,
        "consumer_surplus": -9.052122636041112,
        "producer_profit": 0.12737992551875132,
        "profit_A": 1.18,
        "profit_B": -1.05
      },
      "4-Tier": {
        "social_welfare": -8.924742710522363,
        "consumer_surplus": -11.85982085474514,
        "producer_profit": 2.9350781442227776,
        "profit_A": 1.69,
        "profit_B": 1.25
      },
      "5-Tier": {
        "social_welfare": -8.924742710522361,
        "consumer_surplus": -11.663077495617024,
        "producer_profit": 2.738334785094663,
        "profit_A": 1.48,
        "profit_B": 1.26
      },
      "6-Tier": {
        "social_welfare": -8.924742710522358,
        "consumer_surplus": -11.304552476233248,
        "producer_profit": 2.3798097657108896,
        "profit_A": 1.21,
        "profit_B": 1.17
      },
      "7-Tier": {
        "social_welfare": -8.924742710522361,
        "consumer_surplus": -12.527114894630309,
        "producer_profit": 3.6023721841079475,
        "profit_A": 1.8,
        "profit_B": 1.8
      },
      "8-Tier": {
        "social_welfare": -8.924742710522363,
        "consumer_surplus": -11.434243023001715,
        "producer_profit": 2.509500312479351,
        "profit_A": 1.17,
        "profit_B": 1.33
      },
      "9-Tier": {
        "social_welfare": -8.924742710522365,
        "consumer_surplus": -11.831390264181186,
        "producer_profit": 2.9066475536588214,
        "profit_A": 1.32,
        "profit_B": 1.59
      }
    },
    "8-Tier": {
      "Flat": {
        "social_welfare": -8.924742710522363,
        "consumer_surplus": -4.171603686504208,
        "producer_profit": -4.753139024018154,
        "profit_A": 1.19,
        "profit_B": -5.94
      },
      "2-Tier": {
        "social_welfare": -8.924742710522361,
        "consumer_surplus": -2.7003737543043678,
        "producer_profit": -6.224368956217994,
        "profit_A": 1.42,
        "profit_B": -7.64
      },
      "3-Tier": {
        "social_welfare": -8.924742710522361,
        "consumer_surplus": -8.991131971150446,
        "producer_profit": 0.06638926062808492,
        "profit_A": 1.05,
        "profit_B": -0.98
      },
      "4-Tier": {
        "social_welfare": -8.924742710522363,
        "consumer_surplus": -11.434811314412624,
        "producer_profit": 2.5100686038902613,
        "profit_A": 1.61,
        "profit_B": 0.9
      },
      "5-Tier": {
        "social_welfare": -8.92474271052236,
        "consumer_surplus": -11.083845749660455,
        "producer_profit": 2.159103039138096,
        "profit_A": 1.33,
        "profit_B": 0.83
      },
      "6-Tier": {
        "social_welfare": -8.92474271052236,
        "consumer_surplus": -11.431679887483142,
        "producer_profit": 2.5069371769607827,
        "profit_A": 1.35,
        "profit_B": 1.16
      },
      "7-Tier": {
        "social_welfare": -8.924742710522363,
        "consumer_surplus": -11.434243023001715,
        "producer_profit": 2.509500312479351,
        "profit_A": 1.33,
        "profit_B": 1.17
      },
      "8-Tier": {
        "social_welfare": -8.924742710522361,
        "consumer_surplus": -11.681495876809532,
        "producer_profit": 2.7567531662871705,
        "profit_A": 1.38,
        "profit_B": 1.38
      },
      "9-Tier": {
        "social_welfare": -8.924742710522365,
        "consumer_surplus": -11.422921275709909,
        "producer_profit": 2.498178565187544,
        "profit_A": 1.19,
        "profit_B": 1.31
      }
    },
    "9-Tier": {
      "Flat": {
        "social_welfare": -8.924742710522361,
        "consumer_surplus": -4.333316893256308,
        "producer_profit": -4.591425817266053,
        "profit_A": 1.32,
        "profit_B": -5.92
      },
      "2-Tier": {
        "social_welfare": -8.924742710522363,
        "consumer_surplus": -2.500192524599563,
        "producer_profit": -6.424550185922799,
        "profit_A": 1.23,
        "profit_B": -7.65
      },
      "3-Tier": {
        "social_welfare": -8.924742710522361,
        "consumer_surplus": -9.060095453610234,
        "producer_profit": 0.13535274308787337,
        "profit_A": 1.18,
        "profit_B": -1.04
      },
      "4-Tier": {
        "social_welfare": -8.92474271052236,
        "consumer_surplus": -11.271383021379696,
        "producer_profit": 2.346640310857338,
        "profit_A": 1.53,
        "profit_B": 0.82
      },
      "5-Tier": {
        "social_welfare": -8.924742710522363,
        "consumer_surplus": -11.266568013358192,
        "producer_profit": 2.3418253028358293,
        "profit_A": 1.54,
        "profit_B": 0.8
      },
      "6-Tier": {
        "social_welfare": -8.924742710522363,
        "consumer_surplus": -11.41846308659299,
        "producer_profit": 2.4937203760706272,
        "profit_A": 1.41,
        "profit_B": 1.09
      },
      "7-Tier": {
        "social_welfare": -8.924742710522363,
        "consumer_surplus": -11.831390264181184,
        "producer_profit": 2.9066475536588214,
        "profit_A": 1.59,
        "profit_B": 1.32
      },
      "8-Tier": {
        "social_welfare": -8.924742710522361,
        "consumer_surplus": -11.422921275709905,
        "producer_profit": 2.498178565187544,
        "profit_A": 1.31,
        "profit_B": 1.19
      },
      "9-Tier": {
        "social_welfare": -8.924742710522363,
        "consumer_surplus": -11.973789400402191,
        "producer_profit": 3.049046689879829,
        "profit_A": 1.52,
        "profit_B": 1.52
      }
    }
  }
}