{
  "parameters": {
    "P0": 10.044835586654335,
    "gamma": 0.001,
    "beta": 0.3,
    "alpha": 3.93,
    "s0": 0.35,
    "max_tiers": 6
  },
  "strategy_details": {
    "Flat": {
      "n_tiers": 1,
      "overall_metrics": {
        "unit_cost": 9.317827226058188,
        "total_cost": 28.03308381977619,
        "unit_price": 8.291017215439808,
        "total_price": 29.90718705659607
      },
      "tiers": {
        "tier_0": {
          "tier_name": "Universal",
          "unit_cost": 9.317827226058188,
          "total_cost": 28.03308381977619,
          "unit_price": 8.291017215439805,
          "total_price": 29.90718705659607,
          "distances": {
            "min_distance": 0.0,
            "max_distance": 19308.860309272983,
            "avg_distance": 9017.827226058189
          },
          "volume": {
            "total_volume_tb": 3.6071794665800376,
            "num_flows": 13566
          }
        }
      }
    },
    "2-Tier": {
      "n_tiers": 2,
      "overall_metrics": {
        "unit_cost": 9.317827226058188,
        "total_cost": 28.03308381977619,
        "unit_price": 8.30530157174028,
        "total_price": 22.221982201512883
      },
      "tiers": {
        "tier_1": {
          "tier_name": "Long-Haul",
          "unit_cost": 13.761522941920761,
          "total_cost": 15.569590604290672,
          "unit_price": 14.367932099575096,
          "total_price": 16.5289256636695,
          "distances": {
            "min_distance": 9659.111401340511,
            "max_distance": 19308.860309272983,
            "avg_distance": 13461.522941920757
          },
          "volume": {
            "total_volume_tb": 1.1504039376799609,
            "num_flows": 6741
          }
        },
        "tier_0": {
          "tier_name": "Local",
          "unit_cost": 4.928823149775465,
          "total_cost": 12.463493215485515,
          "unit_price": 2.317288035017275,
          "total_price": 5.693056537843385,
          "distances": {
            "min_distance": 0.0,
            "max_distance": 9650.276520950458,
            "avg_distance": 4628.823149775465
          },
          "volume": {
            "total_volume_tb": 2.456775528900077,
            "num_flows": 6825
          }
        }
      }
    },
    "3-Tier": {
      "n_tiers": 3,
      "overall_metrics": {
        "unit_cost": 9.317827226058188,
        "total_cost": 28.03308381977619,
        "unit_price": 9.040712350456825,
        "total_price": 27.813580888053323
      },
      "tiers": {
        "tier_1": {
          "tier_name": "Regional",
          "unit_cost": 9.392582423950339,
          "total_cost": 12.961119918269832,
          "unit_price": 8.89074165737011,
          "total_price": 12.840370466231938,
          "distances": {
            "min_distance": 6460.242389432733,
            "max_distance": 12872.273504325609,
            "avg_distance": 9092.582423950338
          },
          "volume": {
            "total_volume_tb": 1.4442406450521172,
            "num_flows": 5817
          }
        },
        "tier_2": {
          "tier_name": "Intercontinental",
          "unit_cost": 14.878977265388245,
          "total_cost": 12.469915481530926,
          "unit_price": 14.368131506810776,
          "total_price": 12.702616077808802,
          "distances": {
            "min_distance": 12873.912180345493,
            "max_distance": 19308.860309272983,
            "avg_distance": 14578.977265388245
          },
          "volume": {
            "total_volume_tb": 0.8840826708599873,
            "num_flows": 4540
          }
        },
        "tier_0": {
          "tier_name": "Metro",
          "unit_cost": 1.3145638528275607,
          "total_cost": 2.602048419975431,
          "unit_price": 1.7754884650839555,
          "total_price": 2.2705943440125846,
          "distances": {
            "min_distance": 0.0,
            "max_distance": 6429.45591263573,
            "avg_distance": 1014.5638528275604
          },
          "volume": {
            "total_volume_tb": 1.2788561506679335,
            "num_flows": 3209
          }
        }
      }
    },
    "4-Tier": {
      "n_tiers": 4,
      "overall_metrics": {
        "unit_cost": 9.317827226058188,
        "total_cost": 28.03308381977619,
        "unit_price": 10.318730297073417,
        "total_price": 30.93958685724249
      },
      "tiers": {
        "tier_2": {
          "tier_name": "National",
          "unit_cost": 12.723004321951315,
          "total_cost": 13.183883442295743,
          "unit_price": 14.367931595515866,
          "total_price": 14.390756579924705,
          "distances": {
            "min_distance": 9659.111401340511,
            "max_distance": 14481.173464114854,
            "avg_distance": 12423.004321951314
          },
          "volume": {
            "total_volume_tb": 1.0015886061439743,
            "num_flows": 4644
          }
        },
        "tier_1": {
          "tier_name": "Regional",
          "unit_cost": 8.051928792490164,
          "total_cost": 11.13010567517316,
          "unit_price": 8.869871511843824,
          "total_price": 12.192408813359275,
          "distances": {
            "min_distance": 4828.282403525929,
            "max_distance": 9650.276520950458,
            "avg_distance": 7751.928792490164
          },
          "volume": {
            "total_volume_tb": 1.3745868581161422,
            "num_flows": 3775
          }
        },
        "tier_3": {
          "tier_name": "Intercontinental",
          "unit_cost": 16.061418254814466,
          "total_cost": 2.3857071619949304,
          "unit_price": 16.391115794472856,
          "total_price": 2.4392493311992274,
          "distances": {
            "min_distance": 14482.156915187188,
            "max_distance": 19308.860309272983,
            "avg_distance": 15761.418254814467
          },
          "volume": {
            "total_volume_tb": 0.1488153315359868,
            "num_flows": 2097
          }
        },
        "tier_0": {
          "tier_name": "Metro",
          "unit_cost": 1.0633399362515357,
          "total_cost": 1.3333875403123534,
          "unit_price": 1.7715692138696015,
          "total_price": 1.9171721327592852,
          "distances": {
            "min_distance": 0.0,
            "max_distance": 4823.464533529197,
            "avg_distance": 763.3399362515356
          },
          "volume": {
            "total_volume_tb": 1.0821886707839352,
            "num_flows": 3050
          }
        }
      }
    },
    "5-Tier": {
      "n_tiers": 5,
      "overall_metrics": {
        "unit_cost": 9.317827226058188,
        "total_cost": 28.03308381977619,
        "unit_price": 9.650891595537542,
        "total_price": 30.63697279459548
      },
      "tiers": {
        "tier_2": {
          "tier_name": "Regional",
          "unit_cost": 9.665159190883466,
          "total_cost": 7.405522337670113,
          "unit_price": 9.015481237743328,
          "total_price": 7.396892244254658,
          "distances": {
            "min_distance": 7723.623828937612,
            "max_distance": 11582.765661324194,
            "avg_distance": 9365.159190883462
          },
          "volume": {
            "total_volume_tb": 0.82046560235604,
            "num_flows": 3616
          }
        },
        "tier_1": {
          "tier_name": "Metro",
          "unit_cost": 7.364497467603178,
          "total_cost": 5.210180055581664,
          "unit_price": 8.611509495609019,
          "total_price": 6.248679794142048,
          "distances": {
            "min_distance": 3866.783063402461,
            "max_distance": 7723.371249583729,
            "avg_distance": 7064.497467603178
          },
          "volume": {
            "total_volume_tb": 0.7256195673160707,
            "num_flows": 1820
          }
        },
        "tier_4": {
          "tier_name": "Intercontinental",
          "unit_cost": 16.598925460525006,
          "total_cost": 1.3828700732561323,
          "unit_price": 17.08589787970242,
          "total_price": 1.4322567303599958,
          "distances": {
            "min_distance": 15447.533155849653,
            "max_distance": 19308.860309272983,
            "avg_distance": 16298.925460525004
          },
          "volume": {
            "total_volume_tb": 0.0838268342959885,
            "num_flows": 1261
          }
        },
        "tier_0": {
          "tier_name": "Local",
          "unit_cost": 0.9831092557218192,
          "total_cost": 1.0356221409610848,
          "unit_price": 1.7715598270785375,
          "total_price": 1.8072443029615788,
          "distances": {
            "min_distance": 0.0,
            "max_distance": 3839.1275345135577,
            "avg_distance": 683.1092557218191
          },
          "volume": {
            "total_volume_tb": 1.020142969679939,
            "num_flows": 2984
          }
        },
        "tier_3": {
          "tier_name": "National",
          "unit_cost": 13.948056653445835,
          "total_cost": 12.998889212307194,
          "unit_price": 14.367932097057121,
          "total_price": 13.751899722877207,
          "distances": {
            "min_distance": 11588.198373221116,
            "max_distance": 15446.185811311228,
            "avg_distance": 13648.056653445832
          },
          "volume": {
            "total_volume_tb": 0.957124492932,
            "num_flows": 3885
          }
        }
      }
    },
    "6-Tier": {
      "n_tiers": 6,
      "overall_metrics": {
        "unit_cost": 9.317827226058188,
        "total_cost": 28.03308381977619,
        "unit_price": 9.97903071385354,
        "total_price": 30.397155939307186
      },
      "tiers": {
        "tier_3": {
          "tier_name": "National",
          "unit_cost": 11.456551279702504,
          "total_cost": 3.099675122759748,
          "unit_price": 12.8696104993941,
          "total_price": 3.4274509716782715,
          "distances": {
            "min_distance": 9659.111401340511,
            "max_distance": 12872.273504325609,
            "avg_distance": 11156.5512797025
          },
          "volume": {
            "total_volume_tb": 0.26632126681997376,
            "num_flows": 2201
          }
        },
        "tier_2": {
          "tier_name": "Regional",
          "unit_cost": 8.136278372094555,
          "total_cost": 9.861444795510083,
          "unit_price": 8.883913008542597,
          "total_price": 10.464533287290946,
          "distances": {
            "min_distance": 6460.242389432733,
            "max_distance": 9650.276520950458,
            "avg_distance": 7836.278372094555
          },
          "volume": {
            "total_volume_tb": 1.1779193782321438,
            "num_flows": 3616
          }
        },
        "tier_5": {
          "tier_name": "Intercontinental",
          "unit_cost": 16.89844788673936,
          "total_cost": 0.6303996897924188,
          "unit_price": 17.58069906292339,
          "total_price": 0.6586039941165085,
          "distances": {
            "min_distance": 16091.145505720417,
            "max_distance": 19308.860309272983,
            "avg_distance": 16598.44788673936
          },
          "volume": {
            "total_volume_tb": 0.03746176370798949,
            "num_flows": 805
          }
        },
        "tier_0": {
          "tier_name": "Local",
          "unit_cost": 0.9487183422491557,
          "total_cost": 1.0350607057285346,
          "unit_price": 1.7715598270738213,
          "total_price": 1.8069982007851209,
          "distances": {
            "min_distance": 0.0,
            "max_distance": 3212.9334515868877,
            "avg_distance": 648.7183422491559
          },
          "volume": {
            "total_volume_tb": 1.0200040513279391,
            "num_flows": 2949
          }
        },
        "tier_1": {
          "tier_name": "Metro",
          "unit_cost": 5.464096201657234,
          "total_cost": 1.5669877142468962,
          "unit_price": 7.244325918816073,
          "total_price": 1.8752089723886758,
          "distances": {
            "min_distance": 3226.613167407512,
            "max_distance": 6429.45591263573,
            "avg_distance": 5164.096201657233
          },
          "volume": {
            "total_volume_tb": 0.25885209933999465,
            "num_flows": 260
          }
        },
        "tier_4": {
          "tier_name": "Continental",
          "unit_cost": 14.443723222499987,
          "total_cost": 11.839515791738505,
          "unit_price": 14.368131486343906,
          "total_price": 12.164360513047656,
          "distances": {
            "min_distance": 12873.912180345493,
            "max_distance": 16089.604096802374,
            "avg_distance": 14143.723222499983
          },
          "volume": {
            "total_volume_tb": 0.8466209071519976,
            "num_flows": 3735
          }
        }
      }
    }
  }
}