{
  "parameters": {
    "P0": 10.239486212233304,
    "gamma": 0.001,
    "beta": 0.3,
    "alpha": 3.1,
    "s0": 0.35,
    "max_tiers": 2
  },
  "strategies": {
    "Flat": {
      "n_tiers": 1,
      "avg_price": 8.483414866947758,
      "min_price": 8.48341486694776,
      "max_price": 8.48341486694776
    },
    "2-Tier": {
      "n_tiers": 2,
      "avg_price": 8.54666712063481,
      "min_price": 2.6049738380595944,
      "max_price": 14.562400194893206
    }
  },
  "nash_equilibria": [
    {
      "strategy_A": "Flat",
      "strategy_B": "Flat",
      "profit_A": 1.28,
      "profit_B": 1.28,
      "total_profit": 2.56
    },
    {
      "strategy_A": "2-Tier",
      "strategy_B": "2-Tier",
      "profit_A": -2.44,
      "profit_B": -2.44,
      "total_profit": -4.88
    }
  ],
  "welfare": {
    "max_total_welfare": {
      "strategy": [
        "Flat",
        "2-Tier"
      ],
      "consumer_surplus": 2.074544764492461,
      "producer_surplus": -11.873893751382186,
      "total_welfare": -9.799348986889726,
      "efficiency": -0.5374296092765136
    },
    "max_consumer_surplus": {
      "strategy": [
        "Flat",
        "2-Tier"
      ],
      "consumer_surplus": 2.074544764492461,
      "producer_surplus": -11.873893751382186,
      "total_welfare": -9.799348986889726
    },
    "max_producer_surplus": {
      "strategy": [
        "Flat",
        "Flat"
      ],
      "consumer_surplus": -12.367465081647323,
      "producer_surplus": 2.568116094757596,
      "total_welfare": -9.799348986889727
    }
  }
}