,Flat,2-Tier,3-Tier,4-Tier
Flat,"(np.float64(0.71), np.float64(0.71))","(np.float64(-6.18), np.float64(-7.22))","(np.float64(-6.35), np.float64(-0.51))","(np.float64(-6.09), np.float64(0.5))"
2-Tier,"(np.float64(-7.22), np.float64(-6.18))","(np.float64(-3.2), np.float64(-3.2))","(np.float64(-7.28), np.float64(-1.16))","(np.float64(-7.84), np.float64(0.95))"
3-Tier,"(np.float64(-0.51), np.float64(-6.35))","(np.float64(-1.16), np.float64(-7.28))","(np.float64(-0.35), np.float64(-0.35))","(np.float64(-1.35), np.float64(0.64))"
4-Tier,"(np.float64(0.5), np.float64(-6.09))","(np.float64(0.95), np.float64(-7.84))","(np.float64(0.64), np.float64(-1.35))","(np.float64(1.22), np.float64(1.22))"
