{
  "parameters": {
    "P0": 9.916808957115391,
    "gamma": 0.001,
    "beta": 0.3,
    "alpha": 4.77,
    "s0": 0.35,
    "max_tiers": 4
  },
  "welfare_matrix": {
    "Flat": {
      "Flat": {
        "social_welfare": -6.2025014364275215,
        "consumer_surplus": -7.621773797841411,
        "producer_profit": 1.4192723614138893,
        "profit_A": 0.71,
        "profit_B": 0.71
      },
      "2-Tier": {
        "social_welfare": -6.202501436427521,
        "consumer_surplus": 7.195746404897204,
        "producer_profit": -13.398247841324725,
        "profit_A": -6.18,
        "profit_B": -7.22
      },
      "3-Tier": {
        "social_welfare": -6.202501436427518,
        "consumer_surplus": 0.6663688236101668,
        "producer_profit": -6.868870260037685,
        "profit_A": -6.35,
        "profit_B": -0.51
      },
      "4-Tier": {
        "social_welfare": -6.20250143642752,
        "consumer_surplus": -0.6123580976751968,
        "producer_profit": -5.5901433387523225,
        "profit_A": -6.09,
        "profit_B": 0.5
      }
    },
    "2-Tier": {
      "Flat": {
        "social_welfare": -6.202501436427521,
        "consumer_surplus": 7.195746404897204,
        "producer_profit": -13.398247841324725,
        "profit_A": -7.22,
        "profit_B": -6.18
      },
      "2-Tier": {
        "social_welfare": -6.20250143642752,
        "consumer_surplus": 0.20698278805417558,
        "producer_profit": -6.409484224481695,
        "profit_A": -3.2,
        "profit_B": -3.2
      },
      "3-Tier": {
        "social_welfare": -6.2025014364275215,
        "consumer_surplus": 2.2353869368091566,
        "producer_profit": -8.437888373236678,
        "profit_A": -7.28,
        "profit_B": -1.16
      },
      "4-Tier": {
        "social_welfare": -6.2025014364275215,
        "consumer_surplus": 0.6906511541153817,
        "producer_profit": -6.893152590542903,
        "profit_A": -7.84,
        "profit_B": 0.95
      }
    },
    "3-Tier": {
      "Flat": {
        "social_welfare": -6.202501436427516,
        "consumer_surplus": 0.666368823610169,
        "producer_profit": -6.868870260037685,
        "profit_A": -0.51,
        "profit_B": -6.35
      },
      "2-Tier": {
        "social_welfare": -6.2025014364275215,
        "consumer_surplus": 2.2353869368091566,
        "producer_profit": -8.437888373236678,
        "profit_A": -1.16,
        "profit_B": -7.28
      },
      "3-Tier": {
        "social_welfare": -6.202501436427521,
        "consumer_surplus": -5.508395432940257,
        "producer_profit": -0.6941060034872635,
        "profit_A": -0.35,
        "profit_B": -0.35
      },
      "4-Tier": {
        "social_welfare": -6.202501436427521,
        "consumer_surplus": -5.497036424187339,
        "producer_profit": -0.7054650122401815,
        "profit_A": -1.35,
        "profit_B": 0.64
      }
    },
    "4-Tier": {
      "Flat": {
        "social_welfare": -6.202501436427519,
        "consumer_surplus": -0.6123580976751966,
        "producer_profit": -5.5901433387523225,
        "profit_A": 0.5,
        "profit_B": -6.09
      },
      "2-Tier": {
        "social_welfare": -6.202501436427519,
        "consumer_surplus": 0.6906511541153817,
        "producer_profit": -6.8931525905429005,
        "profit_A": 0.95,
        "profit_B": -7.84
      },
      "3-Tier": {
        "social_welfare": -6.202501436427519,
        "consumer_surplus": -5.497036424187337,
        "producer_profit": -0.7054650122401813,
        "profit_A": 0.64,
        "profit_B": -1.35
      },
      "4-Tier": {
        "social_welfare": -6.20250143642752,
        "consumer_surplus": -8.637291392707645,
        "producer_profit": 2.434789956280125,
        "profit_A": 1.22,
        "profit_B": 1.22
      }
    }
  }
}