{
  "parameters": {
    "P0": 20.617262254306773,
    "gamma": 0.001,
    "beta": 0.3,
    "alpha": 1.77,
    "s0": 0.05,
    "max_tiers": 1
  },
  "strategies": {
    "Flat": {
      "n_tiers": 1,
      "avg_price": 18.9609930772649,
      "min_price": 18.960993077264895,
      "max_price": 18.960993077264895
    }
  },
  "nash_equilibria": [
    {
      "strategy_A": "Flat",
      "strategy_B": "Flat",
      "profit_A": 20.18,
      "profit_B": 20.18,
      "total_profit": 40.36
    }
  ],
  "welfare": {
    "max_total_welfare": {
      "strategy": [
        "Flat",
        "Flat"
      ],
      "consumer_surplus": -43.36198357315842,
      "producer_surplus": 40.36262107449999,
      "total_welfare": -2.999362498658428,
      "efficiency": -0.1198128899888427
    },
    "max_consumer_surplus": {
      "strategy": [
        "Flat",
        "Flat"
      ],
      "consumer_surplus": -43.36198357315842,
      "producer_surplus": 40.36262107449999,
      "total_welfare": -2.999362498658428
    },
    "max_producer_surplus": {
      "strategy": [
        "Flat",
        "Flat"
      ],
      "consumer_surplus": -43.36198357315842,
      "producer_surplus": 40.36262107449999,
      "total_welfare": -2.999362498658428
    }
  }
}