,Flat,2-Tier,3-Tier,4-Tier,5-Tier,6-Tier,7-Tier
Flat,"(np.float64(9.46), np.float64(9.46))","(np.float64(0.07), np.float64(8.59))","(np.float64(2.09), np.float64(6.75))","(np.float64(1.3), np.float64(7.7))","(np.float64(1.84), np.float64(7.7))","(np.float64(1.05), np.float64(7.61))","(np.float64(1.48), np.float64(7.76))"
2-Tier,"(np.float64(8.59), np.float64(0.07))","(np.float64(6.63), np.float64(6.63))","(np.float64(2.93), np.float64(5.33))","(np.float64(2.59), np.float64(6.4))","(np.float64(3.29), np.float64(6.14))","(np.float64(3.13), np.float64(6.32))","(np.float64(2.71), np.float64(6.37))"
3-Tier,"(np.float64(6.75), np.float64(2.09))","(np.float64(5.33), np.float64(2.93))","(np.float64(6.87), np.float64(6.87))","(np.float64(4.25), np.float64(6.98))","(np.float64(5.32), np.float64(7.12))","(np.float64(5.04), np.float64(7.35))","(np.float64(4.52), np.float64(7.14))"
4-Tier,"(np.float64(7.7), np.float64(1.3))","(np.float64(6.4), np.float64(2.59))","(np.float64(6.98), np.float64(4.25))","(np.float64(6.36), np.float64(6.36))","(np.float64(6.78), np.float64(5.77))","(np.float64(6.12), np.float64(6.03))","(np.float64(6.3), np.float64(6.26))"
5-Tier,"(np.float64(7.7), np.float64(1.84))","(np.float64(6.14), np.float64(3.29))","(np.float64(7.12), np.float64(5.32))","(np.float64(5.77), np.float64(6.78))","(np.float64(7.18), np.float64(7.18))","(np.float64(6.1), np.float64(6.93))","(np.float64(6.11), np.float64(7.16))"
6-Tier,"(np.float64(7.61), np.float64(1.05))","(np.float64(6.32), np.float64(3.13))","(np.float64(7.35), np.float64(5.04))","(np.float64(6.03), np.float64(6.12))","(np.float64(6.93), np.float64(6.1))","(np.float64(6.61), np.float64(6.61))","(np.float64(6.16), np.float64(6.34))"
7-Tier,"(np.float64(7.76), np.float64(1.48))","(np.float64(6.37), np.float64(2.71))","(np.float64(7.14), np.float64(4.52))","(np.float64(6.26), np.float64(6.3))","(np.float64(7.16), np.float64(6.11))","(np.float64(6.34), np.float64(6.16))","(np.float64(6.64), np.float64(6.64))"
