{
  "parameters": {
    "P0": 13.028402365204757,
    "gamma": 0.001,
    "beta": 0.3,
    "alpha": 0.77,
    "s0": 0.35,
    "max_tiers": 7
  },
  "welfare_matrix": {
    "Flat": {
      "Flat": {
        "social_welfare": -21.56380958928028,
        "consumer_surplus": -40.48652893906744,
        "producer_profit": 18.92271934978716,
        "profit_A": 9.46,
        "profit_B": 9.46
      },
      "2-Tier": {
        "social_welfare": -21.563809589280268,
        "consumer_surplus": -30.221579766569846,
        "producer_profit": 8.657770177289576,
        "profit_A": 0.07,
        "profit_B": 8.59
      },
      "3-Tier": {
        "social_welfare": -21.563809589280268,
        "consumer_surplus": -30.412697456941594,
        "producer_profit": 8.848887867661325,
        "profit_A": 2.09,
        "profit_B": 6.75
      },
      "4-Tier": {
        "social_welfare": -21.563809589280275,
        "consumer_surplus": -30.567327423790786,
        "producer_profit": 9.003517834510511,
        "profit_A": 1.3,
        "profit_B": 7.7
      },
      "5-Tier": {
        "social_welfare": -21.563809589280275,
        "consumer_surplus": -31.10859946692012,
        "producer_profit": 9.544789877639845,
        "profit_A": 1.84,
        "profit_B": 7.7
      },
      "6-Tier": {
        "social_welfare": -21.563809589280265,
        "consumer_surplus": -30.227063587268013,
        "producer_profit": 8.663253997987749,
        "profit_A": 1.05,
        "profit_B": 7.61
      },
      "7-Tier": {
        "social_welfare": -21.563809589280265,
        "consumer_surplus": -30.795633509297236,
        "producer_profit": 9.231823920016971,
        "profit_A": 1.48,
        "profit_B": 7.76
      }
    },
    "2-Tier": {
      "Flat": {
        "social_welfare": -21.563809589280268,
        "consumer_surplus": -30.221579766569842,
        "producer_profit": 8.657770177289576,
        "profit_A": 8.59,
        "profit_B": 0.07
      },
      "2-Tier": {
        "social_welfare": -21.563809589280268,
        "consumer_surplus": -34.82934034132645,
        "producer_profit": 13.26553075204618,
        "profit_A": 6.63,
        "profit_B": 6.63
      },
      "3-Tier": {
        "social_welfare": -21.563809589280268,
        "consumer_surplus": -29.822077009278487,
        "producer_profit": 8.25826741999822,
        "profit_A": 2.93,
        "profit_B": 5.33
      },
      "4-Tier": {
        "social_welfare": -21.563809589280268,
        "consumer_surplus": -30.553787019749286,
        "producer_profit": 8.989977430469018,
        "profit_A": 2.59,
        "profit_B": 6.4
      },
      "5-Tier": {
        "social_welfare": -21.563809589280275,
        "consumer_surplus": -30.995692517489537,
        "producer_profit": 9.431882928209264,
        "profit_A": 3.29,
        "profit_B": 6.14
      },
      "6-Tier": {
        "social_welfare": -21.56380958928027,
        "consumer_surplus": -31.011562652938075,
        "producer_profit": 9.447753063657803,
        "profit_A": 3.13,
        "profit_B": 6.32
      },
      "7-Tier": {
        "social_welfare": -21.563809589280265,
        "consumer_surplus": -30.64349850013091,
        "producer_profit": 9.079688910850646,
        "profit_A": 2.71,
        "profit_B": 6.37
      }
    },
    "3-Tier": {
      "Flat": {
        "social_welfare": -21.563809589280268,
        "consumer_surplus": -30.412697456941594,
        "producer_profit": 8.848887867661325,
        "profit_A": 6.75,
        "profit_B": 2.09
      },
      "2-Tier": {
        "social_welfare": -21.563809589280268,
        "consumer_surplus": -29.822077009278487,
        "producer_profit": 8.25826741999822,
        "profit_A": 5.33,
        "profit_B": 2.93
      },
      "3-Tier": {
        "social_welfare": -21.563809589280268,
        "consumer_surplus": -35.30460363054681,
        "producer_profit": 13.740794041266538,
        "profit_A": 6.87,
        "profit_B": 6.87
      },
      "4-Tier": {
        "social_welfare": -21.563809589280275,
        "consumer_surplus": -32.79551529363986,
        "producer_profit": 11.231705704359584,
        "profit_A": 4.25,
        "profit_B": 6.98
      },
      "5-Tier": {
        "social_welfare": -21.56380958928027,
        "consumer_surplus": -34.002352892473276,
        "producer_profit": 12.438543303193004,
        "profit_A": 5.32,
        "profit_B": 7.12
      },
      "6-Tier": {
        "social_welfare": -21.563809589280268,
        "consumer_surplus": -33.95857679574406,
        "producer_profit": 12.39476720646379,
        "profit_A": 5.04,
        "profit_B": 7.35
      },
      "7-Tier": {
        "social_welfare": -21.563809589280265,
        "consumer_surplus": -33.22485652430884,
        "producer_profit": 11.661046935028576,
        "profit_A": 4.52,
        "profit_B": 7.14
      }
    },
    "4-Tier": {
      "Flat": {
        "social_welfare": -21.563809589280275,
        "consumer_surplus": -30.567327423790786,
        "producer_profit": 9.003517834510511,
        "profit_A": 7.7,
        "profit_B": 1.3
      },
      "2-Tier": {
        "social_welfare": -21.563809589280268,
        "consumer_surplus": -30.553787019749286,
        "producer_profit": 8.989977430469018,
        "profit_A": 6.4,
        "profit_B": 2.59
      },
      "3-Tier": {
        "social_welfare": -21.563809589280275,
        "consumer_surplus": -32.79551529363986,
        "producer_profit": 11.231705704359584,
        "profit_A": 6.98,
        "profit_B": 4.25
      },
      "4-Tier": {
        "social_welfare": -21.563809589280268,
        "consumer_surplus": -34.27478424748137,
        "producer_profit": 12.710974658201103,
        "profit_A": 6.36,
        "profit_B": 6.36
      },
      "5-Tier": {
        "social_welfare": -21.563809589280268,
        "consumer_surplus": -34.10754239679243,
        "producer_profit": 12.543732807512164,
        "profit_A": 6.78,
        "profit_B": 5.77
      },
      "6-Tier": {
        "social_welfare": -21.563809589280268,
        "consumer_surplus": -33.71421149625508,
        "producer_profit": 12.150401906974816,
        "profit_A": 6.12,
        "profit_B": 6.03
      },
      "7-Tier": {
        "social_welfare": -21.563809589280275,
        "consumer_surplus": -34.124846332145786,
        "producer_profit": 12.561036742865511,
        "profit_A": 6.3,
        "profit_B": 6.26
      }
    },
    "5-Tier": {
      "Flat": {
        "social_welfare": -21.56380958928027,
        "consumer_surplus": -31.108599466920115,
        "producer_profit": 9.544789877639843,
        "profit_A": 7.7,
        "profit_B": 1.84
      },
      "2-Tier": {
        "social_welfare": -21.563809589280275,
        "consumer_surplus": -30.995692517489537,
        "producer_profit": 9.431882928209262,
        "profit_A": 6.14,
        "profit_B": 3.29
      },
      "3-Tier": {
        "social_welfare": -21.56380958928027,
        "consumer_surplus": -34.002352892473276,
        "producer_profit": 12.438543303193004,
        "profit_A": 7.12,
        "profit_B": 5.32
      },
      "4-Tier": {
        "social_welfare": -21.563809589280268,
        "consumer_surplus": -34.10754239679243,
        "producer_profit": 12.543732807512164,
        "profit_A": 5.77,
        "profit_B": 6.78
      },
      "5-Tier": {
        "social_welfare": -21.563809589280268,
        "consumer_surplus": -35.92926554347439,
        "producer_profit": 14.365455954194127,
        "profit_A": 7.18,
        "profit_B": 7.18
      },
      "6-Tier": {
        "social_welfare": -21.563809589280268,
        "consumer_surplus": -34.593584905708475,
        "producer_profit": 13.029775316428209,
        "profit_A": 6.1,
        "profit_B": 6.93
      },
      "7-Tier": {
        "social_welfare": -21.563809589280275,
        "consumer_surplus": -34.83790773855969,
        "producer_profit": 13.274098149279418,
        "profit_A": 6.11,
        "profit_B": 7.16
      }
    },
    "6-Tier": {
      "Flat": {
        "social_welfare": -21.563809589280268,
        "consumer_surplus": -30.227063587268013,
        "producer_profit": 8.663253997987747,
        "profit_A": 7.61,
        "profit_B": 1.05
      },
      "2-Tier": {
        "social_welfare": -21.56380958928027,
        "consumer_surplus": -31.011562652938075,
        "producer_profit": 9.447753063657803,
        "profit_A": 6.32,
        "profit_B": 3.13
      },
      "3-Tier": {
        "social_welfare": -21.563809589280268,
        "consumer_surplus": -33.95857679574406,
        "producer_profit": 12.39476720646379,
        "profit_A": 7.35,
        "profit_B": 5.04
      },
      "4-Tier": {
        "social_welfare": -21.563809589280268,
        "consumer_surplus": -33.71421149625508,
        "producer_profit": 12.150401906974816,
        "profit_A": 6.03,
        "profit_B": 6.12
      },
      "5-Tier": {
        "social_welfare": -21.563809589280265,
        "consumer_surplus": -34.593584905708475,
        "producer_profit": 13.02977531642821,
        "profit_A": 6.93,
        "profit_B": 6.1
      },
      "6-Tier": {
        "social_welfare": -21.56380958928026,
        "consumer_surplus": -34.791659975291495,
        "producer_profit": 13.227850386011234,
        "profit_A": 6.61,
        "profit_B": 6.61
      },
      "7-Tier": {
        "social_welfare": -21.563809589280268,
        "consumer_surplus": -34.06578630318196,
        "producer_profit": 12.50197671390169,
        "profit_A": 6.16,
        "profit_B": 6.34
      }
    },
    "7-Tier": {
      "Flat": {
        "social_welfare": -21.56380958928026,
        "consumer_surplus": -30.795633509297236,
        "producer_profit": 9.231823920016973,
        "profit_A": 7.76,
        "profit_B": 1.48
      },
      "2-Tier": {
        "social_welfare": -21.563809589280268,
        "consumer_surplus": -30.643498500130914,
        "producer_profit": 9.079688910850647,
        "profit_A": 6.37,
        "profit_B": 2.71
      },
      "3-Tier": {
        "social_welfare": -21.56380958928027,
        "consumer_surplus": -33.22485652430885,
        "producer_profit": 11.661046935028576,
        "profit_A": 7.14,
        "profit_B": 4.52
      },
      "4-Tier": {
        "social_welfare": -21.563809589280268,
        "consumer_surplus": -34.12484633214578,
        "producer_profit": 12.56103674286551,
        "profit_A": 6.26,
        "profit_B": 6.3
      },
      "5-Tier": {
        "social_welfare": -21.563809589280275,
        "consumer_surplus": -34.83790773855969,
        "producer_profit": 13.274098149279418,
        "profit_A": 7.16,
        "profit_B": 6.11
      },
      "6-Tier": {
        "social_welfare": -21.563809589280268,
        "consumer_surplus": -34.06578630318196,
        "producer_profit": 12.50197671390169,
        "profit_A": 6.34,
        "profit_B": 6.16
      },
      "7-Tier": {
        "social_welfare": -21.563809589280282,
        "consumer_surplus": -34.848279812631105,
        "producer_profit": 13.284470223350825,
        "profit_A": 6.64,
        "profit_B": 6.64
      }
    }
  }
}