{
  "parameters": {
    "P0": 9.986947333117406,
    "gamma": 0.001,
    "beta": 0.3,
    "alpha": 4.27,
    "s0": 0.35,
    "max_tiers": 6
  },
  "welfare_matrix": {
    "Flat": {
      "Flat": {
        "social_welfare": -7.090187903448462,
        "consumer_surplus": -8.758477440442634,
        "producer_profit": 1.6682895369941726,
        "profit_A": 0.83,
        "profit_B": 0.83
      },
      "2-Tier": {
        "social_welfare": -7.090187903448461,
        "consumer_surplus": 5.982788641740646,
        "producer_profit": -13.072976545189107,
        "profit_A": -6.1,
        "profit_B": -6.98
      },
      "3-Tier": {
        "social_welfare": -7.090187903448464,
        "consumer_surplus": -0.48703261054721186,
        "producer_profit": -6.603155292901252,
        "profit_A": -6.18,
        "profit_B": -0.42
      },
      "4-Tier": {
        "social_welfare": -7.090187903448464,
        "consumer_surplus": -1.7645559638345107,
        "producer_profit": -5.325631939613953,
        "profit_A": -5.92,
        "profit_B": 0.6
      },
      "5-Tier": {
        "social_welfare": -7.090187903448465,
        "consumer_surplus": -2.1801765527503103,
        "producer_profit": -4.910011350698154,
        "profit_A": -5.82,
        "profit_B": 0.91
      },
      "6-Tier": {
        "social_welfare": -7.090187903448463,
        "consumer_surplus": -1.8918665584120418,
        "producer_profit": -5.198321345036422,
        "profit_A": -6.24,
        "profit_B": 1.04
      }
    },
    "2-Tier": {
      "Flat": {
        "social_welfare": -7.090187903448464,
        "consumer_surplus": 5.982788641740643,
        "producer_profit": -13.072976545189107,
        "profit_A": -6.98,
        "profit_B": -6.1
      },
      "2-Tier": {
        "social_welfare": -7.090187903448462,
        "consumer_surplus": -1.0072038353830222,
        "producer_profit": -6.08298406806544,
        "profit_A": -3.04,
        "profit_B": -3.04
      },
      "3-Tier": {
        "social_welfare": -7.090187903448461,
        "consumer_surplus": 1.0475958130322076,
        "producer_profit": -8.13778371648067,
        "profit_A": -7.11,
        "profit_B": -1.02
      },
      "4-Tier": {
        "social_welfare": -7.090187903448464,
        "consumer_surplus": -0.49959215901287984,
        "producer_profit": -6.590595744435584,
        "profit_A": -7.64,
        "profit_B": 1.04
      },
      "5-Tier": {
        "social_welfare": -7.090187903448461,
        "consumer_surplus": 0.057738840269259614,
        "producer_profit": -7.147926743717721,
        "profit_A": -7.93,
        "profit_B": 0.78
      },
      "6-Tier": {
        "social_welfare": -7.090187903448464,
        "consumer_surplus": -0.13043685596944768,
        "producer_profit": -6.959751047479016,
        "profit_A": -8.05,
        "profit_B": 1.09
      }
    },
    "3-Tier": {
      "Flat": {
        "social_welfare": -7.090187903448461,
        "consumer_surplus": -0.4870326105472098,
        "producer_profit": -6.603155292901252,
        "profit_A": -0.42,
        "profit_B": -6.18
      },
      "2-Tier": {
        "social_welfare": -7.090187903448462,
        "consumer_surplus": 1.0475958130322074,
        "producer_profit": -8.13778371648067,
        "profit_A": -1.02,
        "profit_B": -7.11
      },
      "3-Tier": {
        "social_welfare": -7.090187903448463,
        "consumer_surplus": -6.655865590351877,
        "producer_profit": -0.43432231309658625,
        "profit_A": -0.22,
        "profit_B": -0.22
      },
      "4-Tier": {
        "social_welfare": -7.090187903448465,
        "consumer_surplus": -6.6426618485712865,
        "producer_profit": -0.4475260548771779,
        "profit_A": -1.2,
        "profit_B": 0.75
      },
      "5-Tier": {
        "social_welfare": -7.090187903448465,
        "consumer_surplus": -6.594727358260225,
        "producer_profit": -0.4954605451882401,
        "profit_A": -1.28,
        "profit_B": 0.79
      },
      "6-Tier": {
        "social_welfare": -7.090187903448465,
        "consumer_surplus": -6.650639103716432,
        "producer_profit": -0.4395487997320324,
        "profit_A": -1.21,
        "profit_B": 0.77
      }
    },
    "4-Tier": {
      "Flat": {
        "social_welfare": -7.090187903448463,
        "consumer_surplus": -1.7645559638345119,
        "producer_profit": -5.3256319396139515,
        "profit_A": 0.6,
        "profit_B": -5.92
      },
      "2-Tier": {
        "social_welfare": -7.090187903448464,
        "consumer_surplus": -0.49959215901287984,
        "producer_profit": -6.590595744435584,
        "profit_A": 1.04,
        "profit_B": -7.64
      },
      "3-Tier": {
        "social_welfare": -7.090187903448462,
        "consumer_surplus": -6.642661848571285,
        "producer_profit": -0.44752605487717767,
        "profit_A": 0.75,
        "profit_B": -1.2
      },
      "4-Tier": {
        "social_welfare": -7.090187903448463,
        "consumer_surplus": -9.783273930174596,
        "producer_profit": 2.693086026726133,
        "profit_A": 1.35,
        "profit_B": 1.35
      },
      "5-Tier": {
        "social_welfare": -7.090187903448462,
        "consumer_surplus": -8.979143028690741,
        "producer_profit": 1.8889551252422787,
        "profit_A": 0.8,
        "profit_B": 1.09
      },
      "6-Tier": {
        "social_welfare": -7.090187903448463,
        "consumer_surplus": -8.850523294809477,
        "producer_profit": 1.7603353913610138,
        "profit_A": 0.63,
        "profit_B": 1.13
      }
    },
    "5-Tier": {
      "Flat": {
        "social_welfare": -7.090187903448465,
        "consumer_surplus": -2.180176552750311,
        "producer_profit": -4.910011350698153,
        "profit_A": 0.91,
        "profit_B": -5.82
      },
      "2-Tier": {
        "social_welfare": -7.090187903448461,
        "consumer_surplus": 0.057738840269259614,
        "producer_profit": -7.147926743717721,
        "profit_A": 0.78,
        "profit_B": -7.93
      },
      "3-Tier": {
        "social_welfare": -7.090187903448465,
        "consumer_surplus": -6.594727358260225,
        "producer_profit": -0.49546054518824,
        "profit_A": 0.79,
        "profit_B": -1.28
      },
      "4-Tier": {
        "social_welfare": -7.090187903448462,
        "consumer_surplus": -8.979143028690741,
        "producer_profit": 1.8889551252422787,
        "profit_A": 1.09,
        "profit_B": 0.8
      },
      "5-Tier": {
        "social_welfare": -7.090187903448465,
        "consumer_surplus": -9.482667715850596,
        "producer_profit": 2.3924798124021316,
        "profit_A": 1.2,
        "profit_B": 1.2
      },
      "6-Tier": {
        "social_welfare": -7.090187903448459,
        "consumer_surplus": -8.74318726670669,
        "producer_profit": 1.65299936325823,
        "profit_A": 0.66,
        "profit_B": 0.99
      }
    },
    "6-Tier": {
      "Flat": {
        "social_welfare": -7.090187903448463,
        "consumer_surplus": -1.8918665584120402,
        "producer_profit": -5.1983213450364225,
        "profit_A": 1.04,
        "profit_B": -6.24
      },
      "2-Tier": {
        "social_welfare": -7.090187903448463,
        "consumer_surplus": -0.13043685596944887,
        "producer_profit": -6.959751047479014,
        "profit_A": 1.09,
        "profit_B": -8.05
      },
      "3-Tier": {
        "social_welfare": -7.090187903448462,
        "consumer_surplus": -6.65063910371643,
        "producer_profit": -0.4395487997320323,
        "profit_A": 0.77,
        "profit_B": -1.21
      },
      "4-Tier": {
        "social_welfare": -7.090187903448464,
        "consumer_surplus": -8.850523294809477,
        "producer_profit": 1.7603353913610134,
        "profit_A": 1.13,
        "profit_B": 0.63
      },
      "5-Tier": {
        "social_welfare": -7.090187903448459,
        "consumer_surplus": -8.74318726670669,
        "producer_profit": 1.65299936325823,
        "profit_A": 0.99,
        "profit_B": 0.66
      },
      "6-Tier": {
        "social_welfare": -7.090187903448465,
        "consumer_surplus": -9.242692277269642,
        "producer_profit": 2.1525043738211767,
        "profit_A": 1.08,
        "profit_B": 1.08
      }
    }
  }
}