,Flat,2-Tier,3-Tier,4-Tier,5-Tier,6-Tier,7-Tier,8-Tier
Flat,"(np.float64(8.26), np.float64(8.26))","(np.float64(-1.04), np.float64(7.03))","(np.float64(1.02), np.float64(5.41))","(np.float64(0.09), np.float64(6.4))","(np.float64(0.64), np.float64(6.42))","(np.float64(-0.11), np.float64(6.3))","(np.float64(0.27), np.float64(6.46))","(np.float64(0.08), np.float64(6.48))"
2-Tier,"(np.float64(7.03), np.float64(-1.04))","(np.float64(5.44), np.float64(5.44))","(np.float64(1.57), np.float64(4.09))","(np.float64(1.16), np.float64(5.22))","(np.float64(1.87), np.float64(4.99))","(np.float64(1.73), np.float64(5.12))","(np.float64(1.3), np.float64(5.21))","(np.float64(1.4), np.float64(5.16))"
3-Tier,"(np.float64(5.41), np.float64(1.02))","(np.float64(4.09), np.float64(1.57))","(np.float64(5.7), np.float64(5.7))","(np.float64(2.99), np.float64(5.78))","(np.float64(4.02), np.float64(6.01))","(np.float64(3.72), np.float64(6.24))","(np.float64(3.24), np.float64(5.98))","(np.float64(3.44), np.float64(6.27))"
4-Tier,"(np.float64(6.4), np.float64(0.09))","(np.float64(5.22), np.float64(1.16))","(np.float64(5.78), np.float64(2.99))","(np.float64(5.21), np.float64(5.21))","(np.float64(5.51), np.float64(4.62))","(np.float64(4.89), np.float64(4.87))","(np.float64(5.09), np.float64(5.13))","(np.float64(5.04), np.float64(5.17))"
5-Tier,"(np.float64(6.42), np.float64(0.64))","(np.float64(4.99), np.float64(1.87))","(np.float64(6.01), np.float64(4.02))","(np.float64(4.62), np.float64(5.51))","(np.float64(6.03), np.float64(6.03))","(np.float64(4.94), np.float64(5.68))","(np.float64(4.96), np.float64(5.95))","(np.float64(4.84), np.float64(5.89))"
6-Tier,"(np.float64(6.3), np.float64(-0.11))","(np.float64(5.12), np.float64(1.73))","(np.float64(6.24), np.float64(3.72))","(np.float64(4.87), np.float64(4.89))","(np.float64(5.68), np.float64(4.94))","(np.float64(5.46), np.float64(5.46))","(np.float64(4.94), np.float64(5.16))","(np.float64(5.16), np.float64(5.43))"
7-Tier,"(np.float64(6.46), np.float64(0.27))","(np.float64(5.21), np.float64(1.3))","(np.float64(5.98), np.float64(3.24))","(np.float64(5.13), np.float64(5.09))","(np.float64(5.95), np.float64(4.96))","(np.float64(5.16), np.float64(4.94))","(np.float64(5.5), np.float64(5.5))","(np.float64(5.21), np.float64(5.24))"
8-Tier,"(np.float64(6.48), np.float64(0.08))","(np.float64(5.16), np.float64(1.4))","(np.float64(6.27), np.float64(3.44))","(np.float64(5.17), np.float64(5.04))","(np.float64(5.89), np.float64(4.84))","(np.float64(5.43), np.float64(5.16))","(np.float64(5.24), np.float64(5.21))","(np.float64(5.43), np.float64(5.43))"
