{
  "parameters": {
    "P0": 12.390023846641906,
    "gamma": 0.001,
    "beta": 0.3,
    "alpha": 0.93,
    "s0": 0.35,
    "max_tiers": 8
  },
  "strategies": {
    "Flat": {
      "n_tiers": 1,
      "avg_price": 12.350898895726017,
      "min_price": 12.350898895726019,
      "max_price": 12.350898895726019
    },
    "2-Tier": {
      "n_tiers": 2,
      "avg_price": 12.366471091877928,
      "min_price": 7.956886460312441,
      "max_price": 16.831003818540808
    },
    "3-Tier": {
      "n_tiers": 3,
      "avg_price": 12.374769093536505,
      "min_price": 4.384176186508514,
      "max_price": 17.91794733971688
    },
    "4-Tier": {
      "n_tiers": 4,
      "avg_price": 12.398589067790649,
      "min_price": 4.135642391451464,
      "max_price": 19.133585033902108
    },
    "5-Tier": {
      "n_tiers": 5,
      "avg_price": 12.385246925432133,
      "min_price": 4.057758190043744,
      "max_price": 19.671063367773463
    },
    "6-Tier": {
      "n_tiers": 6,
      "avg_price": 12.38468985405495,
      "min_price": 4.024800515430493,
      "max_price": 19.970620489665542
    },
    "7-Tier": {
      "n_tiers": 7,
      "avg_price": 12.39622845132723,
      "min_price": 4.014285051464873,
      "max_price": 20.452729488451656
    },
    "8-Tier": {
      "n_tiers": 8,
      "avg_price": 12.390169143127201,
      "min_price": 4.003937043034371,
      "max_price": 20.9915597812722
    }
  },
  "nash_equilibria": [
    {
      "strategy_A": "Flat",
      "strategy_B": "Flat",
      "profit_A": 8.26,
      "profit_B": 8.26,
      "total_profit": 16.52
    },
    {
      "strategy_A": "2-Tier",
      "strategy_B": "2-Tier",
      "profit_A": 5.44,
      "profit_B": 5.44,
      "total_profit": 10.88
    },
    {
      "strategy_A": "4-Tier",
      "strategy_B": "4-Tier",
      "profit_A": 5.21,
      "profit_B": 5.21,
      "total_profit": 10.42
    },
    {
      "strategy_A": "5-Tier",
      "strategy_B": "5-Tier",
      "profit_A": 6.03,
      "profit_B": 6.03,
      "total_profit": 12.06
    },
    {
      "strategy_A": "6-Tier",
      "strategy_B": "6-Tier",
      "profit_A": 5.46,
      "profit_B": 5.46,
      "total_profit": 10.92
    },
    {
      "strategy_A": "7-Tier",
      "strategy_B": "7-Tier",
      "profit_A": 5.5,
      "profit_B": 5.5,
      "total_profit": 11.0
    },
    {
      "strategy_A": "8-Tier",
      "strategy_B": "8-Tier",
      "profit_A": 5.43,
      "profit_B": 5.43,
      "total_profit": 10.86
    }
  ],
  "welfare": {
    "max_total_welfare": {
      "strategy": [
        "Flat",
        "3-Tier"
      ],
      "consumer_surplus": -26.580711793993288,
      "producer_surplus": 6.436872432033539,
      "total_welfare": -20.14383936195975,
      "efficiency": -2.55332934220359
    },
    "max_consumer_surplus": {
      "strategy": [
        "2-Tier",
        "3-Tier"
      ],
      "consumer_surplus": -25.802001713753164,
      "producer_surplus": 5.6581623517934085,
      "total_welfare": -20.143839361959756
    },
    "max_producer_surplus": {
      "strategy": [
        "Flat",
        "Flat"
      ],
      "consumer_surplus": -36.66266443265253,
      "producer_surplus": 16.51882507069277,
      "total_welfare": -20.143839361959756
    }
  }
}