,Flat,2-Tier,3-Tier,4-Tier,5-Tier,6-Tier,7-Tier,8-Tier,9-Tier
Flat,"(np.float64(20.18), np.float64(20.18))","(np.float64(6.24), np.float64(18.14))","(np.float64(14.35), np.float64(17.76))","(np.float64(16.62), np.float64(16.78))","(np.float64(16.51), np.float64(17.29))","(np.float64(15.32), np.float64(18.2))","(np.float64(17.24), np.float64(16.36))","(np.float64(14.81), np.float64(18.53))","(np.float64(15.94), np.float64(17.56))"
2-Tier,"(np.float64(18.14), np.float64(6.24))","(np.float64(15.63), np.float64(15.63))","(np.float64(15.6), np.float64(14.12))","(np.float64(18.66), np.float64(12.54))","(np.float64(17.86), np.float64(12.75))","(np.float64(16.89), np.float64(13.94))","(np.float64(18.52), np.float64(12.39))","(np.float64(17.43), np.float64(13.41))","(np.float64(17.28), np.float64(13.36))"
3-Tier,"(np.float64(17.76), np.float64(14.35))","(np.float64(14.12), np.float64(15.6))","(np.float64(18.93), np.float64(18.93))","(np.float64(21.16), np.float64(16.71))","(np.float64(20.5), np.float64(17.34))","(np.float64(20.92), np.float64(16.95))","(np.float64(22.64), np.float64(15.27))","(np.float64(21.08), np.float64(16.7))","(np.float64(22.42), np.float64(15.48))"
4-Tier,"(np.float64(16.78), np.float64(16.62))","(np.float64(12.54), np.float64(18.66))","(np.float64(16.71), np.float64(21.16))","(np.float64(20.54), np.float64(20.54))","(np.float64(19.42), np.float64(20.87))","(np.float64(17.62), np.float64(22.53))","(np.float64(21.32), np.float64(19.43))","(np.float64(17.78), np.float64(22.54))","(np.float64(19.2), np.float64(21.02))"
5-Tier,"(np.float64(17.29), np.float64(16.51))","(np.float64(12.75), np.float64(17.86))","(np.float64(17.34), np.float64(20.5))","(np.float64(20.87), np.float64(19.42))","(np.float64(20.36), np.float64(20.36))","(np.float64(18.5), np.float64(21.54))","(np.float64(22.17), np.float64(18.39))","(np.float64(18.39), np.float64(21.56))","(np.float64(19.96), np.float64(20.26))"
6-Tier,"(np.float64(18.2), np.float64(15.32))","(np.float64(13.94), np.float64(16.89))","(np.float64(16.95), np.float64(20.92))","(np.float64(22.53), np.float64(17.62))","(np.float64(21.54), np.float64(18.5))","(np.float64(20.23), np.float64(20.23))","(np.float64(23.05), np.float64(17.16))","(np.float64(19.95), np.float64(20.29))","(np.float64(21.29), np.float64(19.01))"
7-Tier,"(np.float64(16.36), np.float64(17.24))","(np.float64(12.39), np.float64(18.52))","(np.float64(15.27), np.float64(22.64))","(np.float64(19.43), np.float64(21.32))","(np.float64(18.39), np.float64(22.17))","(np.float64(17.16), np.float64(23.05))","(np.float64(20.69), np.float64(20.69))","(np.float64(17.22), np.float64(23.12))","(np.float64(18.81), np.float64(21.93))"
8-Tier,"(np.float64(18.53), np.float64(14.81))","(np.float64(13.41), np.float64(17.43))","(np.float64(16.7), np.float64(21.08))","(np.float64(22.54), np.float64(17.78))","(np.float64(21.56), np.float64(18.39))","(np.float64(20.29), np.float64(19.95))","(np.float64(23.12), np.float64(17.22))","(np.float64(20.25), np.float64(20.25))","(np.float64(21.59), np.float64(18.73))"
9-Tier,"(np.float64(17.56), np.float64(15.94))","(np.float64(13.36), np.float64(17.28))","(np.float64(15.48), np.float64(22.42))","(np.float64(21.02), np.float64(19.2))","(np.float64(20.26), np.float64(19.96))","(np.float64(19.01), np.float64(21.29))","(np.float64(21.93), np.float64(18.81))","(np.float64(18.73), np.float64(21.59))","(np.float64(20.44), np.float64(20.44))"
