{
  "parameters": {
    "P0": 20.617262254306773,
    "gamma": 0.001,
    "beta": 0.3,
    "alpha": 1.77,
    "s0": 0.05,
    "max_tiers": 9
  },
  "welfare_matrix": {
    "Flat": {
      "Flat": {
        "social_welfare": -2.999362498658428,
        "consumer_surplus": -43.36198357315842,
        "producer_profit": 40.36262107449999,
        "profit_A": 20.18,
        "profit_B": 20.18
      },
      "2-Tier": {
        "social_welfare": -2.9993624986584244,
        "consumer_surplus": -27.38608870476847,
        "producer_profit": 24.386726206110044,
        "profit_A": 6.24,
        "profit_B": 18.14
      },
      "3-Tier": {
        "social_welfare": -2.999362498658435,
        "consumer_surplus": -35.106403681487485,
        "producer_profit": 32.10704118282905,
        "profit_A": 14.35,
        "profit_B": 17.76
      },
      "4-Tier": {
        "social_welfare": -2.999362498658421,
        "consumer_surplus": -36.39634717196781,
        "producer_profit": 33.39698467330939,
        "profit_A": 16.62,
        "profit_B": 16.78
      },
      "5-Tier": {
        "social_welfare": -2.999362498658428,
        "consumer_surplus": -36.80660707954404,
        "producer_profit": 33.80724458088561,
        "profit_A": 16.51,
        "profit_B": 17.29
      },
      "6-Tier": {
        "social_welfare": -2.999362498658435,
        "consumer_surplus": -36.51924146565069,
        "producer_profit": 33.51987896699225,
        "profit_A": 15.32,
        "profit_B": 18.2
      },
      "7-Tier": {
        "social_welfare": -2.999362498658428,
        "consumer_surplus": -36.59853433347349,
        "producer_profit": 33.59917183481506,
        "profit_A": 17.24,
        "profit_B": 16.36
      },
      "8-Tier": {
        "social_welfare": -2.999362498658435,
        "consumer_surplus": -36.33337087382498,
        "producer_profit": 33.33400837516655,
        "profit_A": 14.81,
        "profit_B": 18.53
      },
      "9-Tier": {
        "social_welfare": -2.999362498658428,
        "consumer_surplus": -36.50442496834582,
        "producer_profit": 33.505062469687395,
        "profit_A": 15.94,
        "profit_B": 17.56
      }
    },
    "2-Tier": {
      "Flat": {
        "social_welfare": -2.9993624986584244,
        "consumer_surplus": -27.38608870476847,
        "producer_profit": 24.386726206110044,
        "profit_A": 18.14,
        "profit_B": 6.24
      },
      "2-Tier": {
        "social_welfare": -2.9993624986584315,
        "consumer_surplus": -34.26465636638909,
        "producer_profit": 31.26529386773066,
        "profit_A": 15.63,
        "profit_B": 15.63
      },
      "3-Tier": {
        "social_welfare": -2.9993624986584244,
        "consumer_surplus": -32.71775179974502,
        "producer_profit": 29.718389301086592,
        "profit_A": 15.6,
        "profit_B": 14.12
      },
      "4-Tier": {
        "social_welfare": -2.999362498658428,
        "consumer_surplus": -34.201894450150505,
        "producer_profit": 31.202531951492077,
        "profit_A": 18.66,
        "profit_B": 12.54
      },
      "5-Tier": {
        "social_welfare": -2.999362498658428,
        "consumer_surplus": -33.61004545549625,
        "producer_profit": 30.61068295683782,
        "profit_A": 17.86,
        "profit_B": 12.75
      },
      "6-Tier": {
        "social_welfare": -2.999362498658428,
        "consumer_surplus": -33.82180015115234,
        "producer_profit": 30.82243765249391,
        "profit_A": 16.89,
        "profit_B": 13.94
      },
      "7-Tier": {
        "social_welfare": -2.999362498658428,
        "consumer_surplus": -33.90625311976016,
        "producer_profit": 30.90689062110173,
        "profit_A": 18.52,
        "profit_B": 12.39
      },
      "8-Tier": {
        "social_welfare": -2.999362498658421,
        "consumer_surplus": -33.84288189458178,
        "producer_profit": 30.84351939592336,
        "profit_A": 17.43,
        "profit_B": 13.41
      },
      "9-Tier": {
        "social_welfare": -2.9993624986584244,
        "consumer_surplus": -33.640844611404844,
        "producer_profit": 30.64148211274642,
        "profit_A": 17.28,
        "profit_B": 13.36
      }
    },
    "3-Tier": {
      "Flat": {
        "social_welfare": -2.999362498658428,
        "consumer_surplus": -35.10640368148748,
        "producer_profit": 32.10704118282905,
        "profit_A": 17.76,
        "profit_B": 14.35
      },
      "2-Tier": {
        "social_welfare": -2.9993624986584244,
        "consumer_surplus": -32.71775179974502,
        "producer_profit": 29.718389301086592,
        "profit_A": 14.12,
        "profit_B": 15.6
      },
      "3-Tier": {
        "social_welfare": -2.999362498658428,
        "consumer_surplus": -40.867364114394576,
        "producer_profit": 37.86800161573615,
        "profit_A": 18.93,
        "profit_B": 18.93
      },
      "4-Tier": {
        "social_welfare": -2.999362498658428,
        "consumer_surplus": -40.868603662168425,
        "producer_profit": 37.86924116351,
        "profit_A": 21.16,
        "profit_B": 16.71
      },
      "5-Tier": {
        "social_welfare": -2.999362498658428,
        "consumer_surplus": -40.84223762464742,
        "producer_profit": 37.84287512598899,
        "profit_A": 20.5,
        "profit_B": 17.34
      },
      "6-Tier": {
        "social_welfare": -2.999362498658435,
        "consumer_surplus": -40.86748710013044,
        "producer_profit": 37.868124601472005,
        "profit_A": 20.92,
        "profit_B": 16.95
      },
      "7-Tier": {
        "social_welfare": -2.999362498658428,
        "consumer_surplus": -40.90970440522097,
        "producer_profit": 37.91034190656254,
        "profit_A": 22.64,
        "profit_B": 15.27
      },
      "8-Tier": {
        "social_welfare": -2.999362498658421,
        "consumer_surplus": -40.779724304625255,
        "producer_profit": 37.780361805966834,
        "profit_A": 21.08,
        "profit_B": 16.7
      },
      "9-Tier": {
        "social_welfare": -2.999362498658421,
        "consumer_surplus": -40.903207696978505,
        "producer_profit": 37.903845198320084,
        "profit_A": 22.42,
        "profit_B": 15.48
      }
    },
    "4-Tier": {
      "Flat": {
        "social_welfare": -2.999362498658428,
        "consumer_surplus": -36.39634717196782,
        "producer_profit": 33.39698467330939,
        "profit_A": 16.78,
        "profit_B": 16.62
      },
      "2-Tier": {
        "social_welfare": -2.999362498658421,
        "consumer_surplus": -34.20189445015049,
        "producer_profit": 31.20253195149207,
        "profit_A": 12.54,
        "profit_B": 18.66
      },
      "3-Tier": {
        "social_welfare": -2.999362498658428,
        "consumer_surplus": -40.868603662168425,
        "producer_profit": 37.86924116351,
        "profit_A": 16.71,
        "profit_B": 21.16
      },
      "4-Tier": {
        "social_welfare": -2.999362498658421,
        "consumer_surplus": -44.07388087121433,
        "producer_profit": 41.07451837255591,
        "profit_A": 20.54,
        "profit_B": 20.54
      },
      "5-Tier": {
        "social_welfare": -2.999362498658421,
        "consumer_surplus": -43.28866167037919,
        "producer_profit": 40.28929917172077,
        "profit_A": 19.42,
        "profit_B": 20.87
      },
      "6-Tier": {
        "social_welfare": -2.9993624986584138,
        "consumer_surplus": -43.14213985717221,
        "producer_profit": 40.1427773585138,
        "profit_A": 17.62,
        "profit_B": 22.53
      },
      "7-Tier": {
        "social_welfare": -2.999362498658428,
        "consumer_surplus": -43.74449986790931,
        "producer_profit": 40.745137369250884,
        "profit_A": 21.32,
        "profit_B": 19.43
      },
      "8-Tier": {
        "social_welfare": -2.999362498658421,
        "consumer_surplus": -43.31412203005255,
        "producer_profit": 40.31475953139413,
        "profit_A": 17.78,
        "profit_B": 22.54
      },
      "9-Tier": {
        "social_welfare": -2.999362498658435,
        "consumer_surplus": -43.2144316586155,
        "producer_profit": 40.21506915995707,
        "profit_A": 19.2,
        "profit_B": 21.02
      }
    },
    "5-Tier": {
      "Flat": {
        "social_welfare": -2.999362498658428,
        "consumer_surplus": -36.80660707954404,
        "producer_profit": 33.80724458088561,
        "profit_A": 17.29,
        "profit_B": 16.51
      },
      "2-Tier": {
        "social_welfare": -2.9993624986584244,
        "consumer_surplus": -33.61004545549624,
        "producer_profit": 30.610682956837817,
        "profit_A": 12.75,
        "profit_B": 17.86
      },
      "3-Tier": {
        "social_welfare": -2.999362498658428,
        "consumer_surplus": -40.84223762464742,
        "producer_profit": 37.84287512598899,
        "profit_A": 17.34,
        "profit_B": 20.5
      },
      "4-Tier": {
        "social_welfare": -2.999362498658428,
        "consumer_surplus": -43.28866167037919,
        "producer_profit": 40.289299171720764,
        "profit_A": 20.87,
        "profit_B": 19.42
      },
      "5-Tier": {
        "social_welfare": -2.999362498658428,
        "consumer_surplus": -43.72823569111434,
        "producer_profit": 40.728873192455914,
        "profit_A": 20.36,
        "profit_B": 20.36
      },
      "6-Tier": {
        "social_welfare": -2.999362498658421,
        "consumer_surplus": -43.04584886242804,
        "producer_profit": 40.04648636376962,
        "profit_A": 18.5,
        "profit_B": 21.54
      },
      "7-Tier": {
        "social_welfare": -2.999362498658421,
        "consumer_surplus": -43.55275664805476,
        "producer_profit": 40.55339414939634,
        "profit_A": 22.17,
        "profit_B": 18.39
      },
      "8-Tier": {
        "social_welfare": -2.999362498658428,
        "consumer_surplus": -42.95668862957928,
        "producer_profit": 39.957326130920855,
        "profit_A": 18.39,
        "profit_B": 21.56
      },
      "9-Tier": {
        "social_welfare": -2.999362498658428,
        "consumer_surplus": -43.21277743080522,
        "producer_profit": 40.21341493214679,
        "profit_A": 19.96,
        "profit_B": 20.26
      }
    },
    "6-Tier": {
      "Flat": {
        "social_welfare": -2.999362498658428,
        "consumer_surplus": -36.51924146565069,
        "producer_profit": 33.51987896699226,
        "profit_A": 18.2,
        "profit_B": 15.32
      },
      "2-Tier": {
        "social_welfare": -2.999362498658435,
        "consumer_surplus": -33.821800151152345,
        "producer_profit": 30.82243765249391,
        "profit_A": 13.94,
        "profit_B": 16.89
      },
      "3-Tier": {
        "social_welfare": -2.999362498658428,
        "consumer_surplus": -40.86748710013044,
        "producer_profit": 37.86812460147201,
        "profit_A": 16.95,
        "profit_B": 20.92
      },
      "4-Tier": {
        "social_welfare": -2.9993624986584138,
        "consumer_surplus": -43.14213985717221,
        "producer_profit": 40.1427773585138,
        "profit_A": 22.53,
        "profit_B": 17.62
      },
      "5-Tier": {
        "social_welfare": -2.9993624986584067,
        "consumer_surplus": -43.04584886242802,
        "producer_profit": 40.04648636376962,
        "profit_A": 21.54,
        "profit_B": 18.5
      },
      "6-Tier": {
        "social_welfare": -2.999362498658421,
        "consumer_surplus": -43.4650603419813,
        "producer_profit": 40.46569784332288,
        "profit_A": 20.23,
        "profit_B": 20.23
      },
      "7-Tier": {
        "social_welfare": -2.999362498658421,
        "consumer_surplus": -43.210057495630565,
        "producer_profit": 40.210694996972144,
        "profit_A": 23.05,
        "profit_B": 17.16
      },
      "8-Tier": {
        "social_welfare": -2.999362498658435,
        "consumer_surplus": -43.243665501998215,
        "producer_profit": 40.24430300333978,
        "profit_A": 19.95,
        "profit_B": 20.29
      },
      "9-Tier": {
        "social_welfare": -2.999362498658428,
        "consumer_surplus": -43.2908587658284,
        "producer_profit": 40.291496267169975,
        "profit_A": 21.29,
        "profit_B": 19.01
      }
    },
    "7-Tier": {
      "Flat": {
        "social_welfare": -2.999362498658428,
        "consumer_surplus": -36.598534333473495,
        "producer_profit": 33.59917183481507,
        "profit_A": 16.36,
        "profit_B": 17.24
      },
      "2-Tier": {
        "social_welfare": -2.999362498658428,
        "consumer_surplus": -33.90625311976016,
        "producer_profit": 30.90689062110173,
        "profit_A": 12.39,
        "profit_B": 18.52
      },
      "3-Tier": {
        "social_welfare": -2.999362498658428,
        "consumer_surplus": -40.90970440522097,
        "producer_profit": 37.91034190656254,
        "profit_A": 15.27,
        "profit_B": 22.64
      },
      "4-Tier": {
        "social_welfare": -2.999362498658428,
        "consumer_surplus": -43.74449986790931,
        "producer_profit": 40.745137369250884,
        "profit_A": 19.43,
        "profit_B": 21.32
      },
      "5-Tier": {
        "social_welfare": -2.999362498658421,
        "consumer_surplus": -43.55275664805476,
        "producer_profit": 40.55339414939634,
        "profit_A": 18.39,
        "profit_B": 22.17
      },
      "6-Tier": {
        "social_welfare": -2.999362498658421,
        "consumer_surplus": -43.210057495630565,
        "producer_profit": 40.210694996972144,
        "profit_A": 17.16,
        "profit_B": 23.05
      },
      "7-Tier": {
        "social_welfare": -2.999362498658435,
        "consumer_surplus": -44.38230161320079,
        "producer_profit": 41.38293911454235,
        "profit_A": 20.69,
        "profit_B": 20.69
      },
      "8-Tier": {
        "social_welfare": -2.999362498658421,
        "consumer_surplus": -43.33835539751497,
        "producer_profit": 40.338992898856546,
        "profit_A": 17.22,
        "profit_B": 23.12
      },
      "9-Tier": {
        "social_welfare": -2.999362498658428,
        "consumer_surplus": -43.73774963438609,
        "producer_profit": 40.73838713572766,
        "profit_A": 18.81,
        "profit_B": 21.93
      }
    },
    "8-Tier": {
      "Flat": {
        "social_welfare": -2.999362498658435,
        "consumer_surplus": -36.33337087382498,
        "producer_profit": 33.33400837516655,
        "profit_A": 18.53,
        "profit_B": 14.81
      },
      "2-Tier": {
        "social_welfare": -2.999362498658421,
        "consumer_surplus": -33.84288189458178,
        "producer_profit": 30.84351939592336,
        "profit_A": 13.41,
        "profit_B": 17.43
      },
      "3-Tier": {
        "social_welfare": -2.999362498658421,
        "consumer_surplus": -40.779724304625255,
        "producer_profit": 37.780361805966834,
        "profit_A": 16.7,
        "profit_B": 21.08
      },
      "4-Tier": {
        "social_welfare": -2.999362498658428,
        "consumer_surplus": -43.31412203005255,
        "producer_profit": 40.314759531394124,
        "profit_A": 22.54,
        "profit_B": 17.78
      },
      "5-Tier": {
        "social_welfare": -2.999362498658428,
        "consumer_surplus": -42.95668862957928,
        "producer_profit": 39.957326130920855,
        "profit_A": 21.56,
        "profit_B": 18.39
      },
      "6-Tier": {
        "social_welfare": -2.999362498658435,
        "consumer_surplus": -43.243665501998215,
        "producer_profit": 40.24430300333978,
        "profit_A": 20.29,
        "profit_B": 19.95
      },
      "7-Tier": {
        "social_welfare": -2.999362498658421,
        "consumer_surplus": -43.33835539751497,
        "producer_profit": 40.338992898856546,
        "profit_A": 23.12,
        "profit_B": 17.22
      },
      "8-Tier": {
        "social_welfare": -2.999362498658421,
        "consumer_surplus": -43.49823168320035,
        "producer_profit": 40.49886918454193,
        "profit_A": 20.25,
        "profit_B": 20.25
      },
      "9-Tier": {
        "social_welfare": -2.999362498658428,
        "consumer_surplus": -43.320772330048726,
        "producer_profit": 40.3214098313903,
        "profit_A": 21.59,
        "profit_B": 18.73
      }
    },
    "9-Tier": {
      "Flat": {
        "social_welfare": -2.999362498658428,
        "consumer_surplus": -36.50442496834582,
        "producer_profit": 33.505062469687395,
        "profit_A": 17.56,
        "profit_B": 15.94
      },
      "2-Tier": {
        "social_welfare": -2.9993624986584244,
        "consumer_surplus": -33.640844611404844,
        "producer_profit": 30.64148211274642,
        "profit_A": 13.36,
        "profit_B": 17.28
      },
      "3-Tier": {
        "social_welfare": -2.9993624986584138,
        "consumer_surplus": -40.9032076969785,
        "producer_profit": 37.903845198320084,
        "profit_A": 15.48,
        "profit_B": 22.42
      },
      "4-Tier": {
        "social_welfare": -2.999362498658435,
        "consumer_surplus": -43.2144316586155,
        "producer_profit": 40.21506915995707,
        "profit_A": 21.02,
        "profit_B": 19.2
      },
      "5-Tier": {
        "social_welfare": -2.999362498658428,
        "consumer_surplus": -43.21277743080522,
        "producer_profit": 40.21341493214679,
        "profit_A": 20.26,
        "profit_B": 19.96
      },
      "6-Tier": {
        "social_welfare": -2.999362498658442,
        "consumer_surplus": -43.2908587658284,
        "producer_profit": 40.29149626716996,
        "profit_A": 19.01,
        "profit_B": 21.29
      },
      "7-Tier": {
        "social_welfare": -2.999362498658428,
        "consumer_surplus": -43.73774963438609,
        "producer_profit": 40.73838713572766,
        "profit_A": 21.93,
        "profit_B": 18.81
      },
      "8-Tier": {
        "social_welfare": -2.999362498658428,
        "consumer_surplus": -43.320772330048726,
        "producer_profit": 40.3214098313903,
        "profit_A": 18.73,
        "profit_B": 21.59
      },
      "9-Tier": {
        "social_welfare": -2.999362498658421,
        "consumer_surplus": -43.87355217310202,
        "producer_profit": 40.8741896744436,
        "profit_A": 20.44,
        "profit_B": 20.44
      }
    }
  }
}