{
  "parameters": {
    "P0": 9.986947333117406,
    "gamma": 0.001,
    "beta": 0.3,
    "alpha": 4.27,
    "s0": 0.35,
    "max_tiers": 7
  },
  "strategy_details": {
    "Flat": {
      "n_tiers": 1,
      "overall_metrics": {
        "unit_cost": 9.317827226058188,
        "total_cost": 28.03308381977619,
        "unit_price": 8.233960531198687,
        "total_price": 29.70137335677036
      },
      "tiers": {
        "tier_0": {
          "tier_name": "Universal",
          "unit_cost": 9.317827226058188,
          "total_cost": 28.03308381977619,
          "unit_price": 8.233960531198685,
          "total_price": 29.70137335677036,
          "distances": {
            "min_distance": 0.0,
            "max_distance": 19308.860309272983,
            "avg_distance": 9017.827226058189
          },
          "volume": {
            "total_volume_tb": 3.6071794665800376,
            "num_flows": 13566
          }
        }
      }
    },
    "2-Tier": {
      "n_tiers": 2,
      "overall_metrics": {
        "unit_cost": 9.317827226058188,
        "total_cost": 28.03308381977619,
        "unit_price": 8.234507696601325,
        "total_price": 21.95009975171074
      },
      "tiers": {
        "tier_1": {
          "tier_name": "Long-Haul",
          "unit_cost": 13.761522941920761,
          "total_cost": 15.569590604290672,
          "unit_price": 14.310080621128353,
          "total_price": 16.462373095063757,
          "distances": {
            "min_distance": 9659.111401340511,
            "max_distance": 19308.860309272983,
            "avg_distance": 13461.522941920757
          },
          "volume": {
            "total_volume_tb": 1.1504039376799609,
            "num_flows": 6741
          }
        },
        "tier_0": {
          "tier_name": "Local",
          "unit_cost": 4.928823149775465,
          "total_cost": 12.463493215485515,
          "unit_price": 2.2337110542223195,
          "total_price": 5.487726656646988,
          "distances": {
            "min_distance": 0.0,
            "max_distance": 9650.276520950458,
            "avg_distance": 4628.823149775465
          },
          "volume": {
            "total_volume_tb": 2.456775528900077,
            "num_flows": 6825
          }
        }
      }
    },
    "3-Tier": {
      "n_tiers": 3,
      "overall_metrics": {
        "unit_cost": 9.317827226058188,
        "total_cost": 28.03308381977619,
        "unit_price": 8.981119805434602,
        "total_price": 27.5987615066796
      },
      "tiers": {
        "tier_1": {
          "tier_name": "Regional",
          "unit_cost": 9.392582423950339,
          "total_cost": 12.961119918269832,
          "unit_price": 8.829183352846567,
          "total_price": 12.75146546079854,
          "distances": {
            "min_distance": 6460.242389432733,
            "max_distance": 12872.273504325609,
            "avg_distance": 9092.582423950338
          },
          "volume": {
            "total_volume_tb": 1.4442406450521172,
            "num_flows": 5817
          }
        },
        "tier_2": {
          "tier_name": "Intercontinental",
          "unit_cost": 14.878977265388245,
          "total_cost": 12.469915481530926,
          "unit_price": 14.310242768535455,
          "total_price": 12.65143764746164,
          "distances": {
            "min_distance": 12873.912180345493,
            "max_distance": 19308.860309272983,
            "avg_distance": 14578.977265388245
          },
          "volume": {
            "total_volume_tb": 0.8840826708599873,
            "num_flows": 4540
          }
        },
        "tier_0": {
          "tier_name": "Metro",
          "unit_cost": 1.3145638528275607,
          "total_cost": 2.602048419975431,
          "unit_price": 1.717048784003223,
          "total_price": 2.1958583984194178,
          "distances": {
            "min_distance": 0.0,
            "max_distance": 6429.45591263573,
            "avg_distance": 1014.5638528275604
          },
          "volume": {
            "total_volume_tb": 1.2788561506679335,
            "num_flows": 3209
          }
        }
      }
    },
    "4-Tier": {
      "n_tiers": 4,
      "overall_metrics": {
        "unit_cost": 9.317827226058188,
        "total_cost": 28.03308381977619,
        "unit_price": 10.257600334865845,
        "total_price": 30.726169846502316
      },
      "tiers": {
        "tier_2": {
          "tier_name": "National",
          "unit_cost": 12.723004321951315,
          "total_cost": 13.183883442295743,
          "unit_price": 14.310080335069017,
          "total_price": 14.33281341661007,
          "distances": {
            "min_distance": 9659.111401340511,
            "max_distance": 14481.173464114854,
            "avg_distance": 12423.004321951314
          },
          "volume": {
            "total_volume_tb": 1.0015886061439743,
            "num_flows": 4644
          }
        },
        "tier_1": {
          "tier_name": "Regional",
          "unit_cost": 8.051928792490164,
          "total_cost": 11.13010567517316,
          "unit_price": 8.810624694896296,
          "total_price": 12.110968917397992,
          "distances": {
            "min_distance": 4828.282403525929,
            "max_distance": 9650.276520950458,
            "avg_distance": 7751.928792490164
          },
          "volume": {
            "total_volume_tb": 1.3745868581161422,
            "num_flows": 3775
          }
        },
        "tier_3": {
          "tier_name": "Intercontinental",
          "unit_cost": 16.061418254814466,
          "total_cost": 2.3857071619949304,
          "unit_price": 16.314626908684286,
          "total_price": 2.4278666123017834,
          "distances": {
            "min_distance": 14482.156915187188,
            "max_distance": 19308.860309272983,
            "avg_distance": 15761.418254814467
          },
          "volume": {
            "total_volume_tb": 0.1488153315359868,
            "num_flows": 2097
          }
        },
        "tier_0": {
          "tier_name": "Metro",
          "unit_cost": 1.0633399362515357,
          "total_cost": 1.3333875403123534,
          "unit_price": 1.71367613638855,
          "total_price": 1.8545209001924747,
          "distances": {
            "min_distance": 0.0,
            "max_distance": 4823.464533529197,
            "avg_distance": 763.3399362515356
          },
          "volume": {
            "total_volume_tb": 1.0821886707839352,
            "num_flows": 3050
          }
        }
      }
    },
    "5-Tier": {
      "n_tiers": 5,
      "overall_metrics": {
        "unit_cost": 9.317827226058188,
        "total_cost": 28.03308381977619,
        "unit_price": 9.59118138796491,
        "total_price": 30.42556363217832
      },
      "tiers": {
        "tier_2": {
          "tier_name": "Regional",
          "unit_cost": 9.665159190883466,
          "total_cost": 7.405522337670113,
          "unit_price": 8.9527354024129,
          "total_price": 7.345411444674945,
          "distances": {
            "min_distance": 7723.623828937612,
            "max_distance": 11582.765661324194,
            "avg_distance": 9365.159190883462
          },
          "volume": {
            "total_volume_tb": 0.82046560235604,
            "num_flows": 3616
          }
        },
        "tier_1": {
          "tier_name": "Metro",
          "unit_cost": 7.364497467603178,
          "total_cost": 5.210180055581664,
          "unit_price": 8.556665797582935,
          "total_price": 6.208884133710349,
          "distances": {
            "min_distance": 3866.783063402461,
            "max_distance": 7723.371249583729,
            "avg_distance": 7064.497467603178
          },
          "volume": {
            "total_volume_tb": 0.7256195673160707,
            "num_flows": 1820
          }
        },
        "tier_4": {
          "tier_name": "Intercontinental",
          "unit_cost": 16.598925460525006,
          "total_cost": 1.3828700732561323,
          "unit_price": 17.01783502357104,
          "total_price": 1.426551236597359,
          "distances": {
            "min_distance": 15447.533155849653,
            "max_distance": 19308.860309272983,
            "avg_distance": 16298.925460525004
          },
          "volume": {
            "total_volume_tb": 0.0838268342959885,
            "num_flows": 1261
          }
        },
        "tier_0": {
          "tier_name": "Local",
          "unit_cost": 0.9831092557218192,
          "total_cost": 1.0356221409610848,
          "unit_price": 1.713669762378985,
          "total_price": 1.748188160444013,
          "distances": {
            "min_distance": 0.0,
            "max_distance": 3839.1275345135577,
            "avg_distance": 683.1092557218191
          },
          "volume": {
            "total_volume_tb": 1.020142969679939,
            "num_flows": 2984
          }
        },
        "tier_3": {
          "tier_name": "National",
          "unit_cost": 13.948056653445835,
          "total_cost": 12.998889212307194,
          "unit_price": 14.310080619496528,
          "total_price": 13.696528656751651,
          "distances": {
            "min_distance": 11588.198373221116,
            "max_distance": 15446.185811311228,
            "avg_distance": 13648.056653445832
          },
          "volume": {
            "total_volume_tb": 0.957124492932,
            "num_flows": 3885
          }
        }
      }
    },
    "6-Tier": {
      "n_tiers": 6,
      "overall_metrics": {
        "unit_cost": 9.317827226058188,
        "total_cost": 28.03308381977619,
        "unit_price": 9.920543375746856,
        "total_price": 30.185588193597365
      },
      "tiers": {
        "tier_3": {
          "tier_name": "National",
          "unit_cost": 11.456551279702504,
          "total_cost": 3.099675122759748,
          "unit_price": 12.81190817038704,
          "total_price": 3.412083614318649,
          "distances": {
            "min_distance": 9659.111401340511,
            "max_distance": 12872.273504325609,
            "avg_distance": 11156.5512797025
          },
          "volume": {
            "total_volume_tb": 0.26632126681997376,
            "num_flows": 2201
          }
        },
        "tier_2": {
          "tier_name": "Regional",
          "unit_cost": 8.136278372094555,
          "total_cost": 9.861444795510083,
          "unit_price": 8.823329253937862,
          "total_price": 10.393170508735968,
          "distances": {
            "min_distance": 6460.242389432733,
            "max_distance": 9650.276520950458,
            "avg_distance": 7836.278372094555
          },
          "volume": {
            "total_volume_tb": 1.1779193782321438,
            "num_flows": 3616
          }
        },
        "tier_5": {
          "tier_name": "Intercontinental",
          "unit_cost": 16.89844788673936,
          "total_cost": 0.6303996897924188,
          "unit_price": 17.523908835595723,
          "total_price": 0.6564765320394363,
          "distances": {
            "min_distance": 16091.145505720417,
            "max_distance": 19308.860309272983,
            "avg_distance": 16598.44788673936
          },
          "volume": {
            "total_volume_tb": 0.03746176370798949,
            "num_flows": 805
          }
        },
        "tier_0": {
          "tier_name": "Local",
          "unit_cost": 0.9487183422491557,
          "total_cost": 1.0350607057285346,
          "unit_price": 1.71366976237856,
          "total_price": 1.7479501002643176,
          "distances": {
            "min_distance": 0.0,
            "max_distance": 3212.9334515868877,
            "avg_distance": 648.7183422491559
          },
          "volume": {
            "total_volume_tb": 1.0200040513279391,
            "num_flows": 2949
          }
        },
        "tier_1": {
          "tier_name": "Metro",
          "unit_cost": 5.464096201657234,
          "total_cost": 1.5669877142468962,
          "unit_price": 7.187721236947895,
          "total_price": 1.860556731654626,
          "distances": {
            "min_distance": 3226.613167407512,
            "max_distance": 6429.45591263573,
            "avg_distance": 5164.096201657233
          },
          "volume": {
            "total_volume_tb": 0.25885209933999465,
            "num_flows": 260
          }
        },
        "tier_4": {
          "tier_name": "Continental",
          "unit_cost": 14.443723222499987,
          "total_cost": 11.839515791738505,
          "unit_price": 14.310242759465947,
          "total_price": 12.115350706584367,
          "distances": {
            "min_distance": 12873.912180345493,
            "max_distance": 16089.604096802374,
            "avg_distance": 14143.723222499983
          },
          "volume": {
            "total_volume_tb": 0.8466209071519976,
            "num_flows": 3735
          }
        }
      }
    },
    "7-Tier": {
      "n_tiers": 7,
      "overall_metrics": {
        "unit_cost": 9.317827226058188,
        "total_cost": 28.03308381977619,
        "unit_price": 10.151728510282176,
        "total_price": 31.046634930990024
      },
      "tiers": {
        "tier_3": {
          "tier_name": "Regional",
          "unit_cost": 9.848652662332254,
          "total_cost": 3.9097812768706643,
          "unit_price": 10.020972333052757,
          "total_price": 4.111627835311025,
          "distances": {
            "min_distance": 8278.469536322758,
            "max_distance": 11029.91868275368,
            "avg_distance": 9548.652662332253
          },
          "volume": {
            "total_volume_tb": 0.410302283916043,
            "num_flows": 1583
          }
        },
        "tier_2": {
          "tier_name": "Metro",
          "unit_cost": 7.835543489027421,
          "total_cost": 7.939882524186965,
          "unit_price": 8.738389989443762,
          "total_price": 9.01443304138701,
          "distances": {
            "min_distance": 5550.254717049661,
            "max_distance": 8274.563124543494,
            "avg_distance": 7535.543489027422
          },
          "volume": {
            "total_volume_tb": 1.0315896924120709,
            "num_flows": 2988
          }
        },
        "tier_6": {
          "tier_name": "Intercontinental",
          "unit_cost": 17.380734256481773,
          "total_cost": 0.3136087503344236,
          "unit_price": 17.528493915774536,
          "total_price": 0.3224561023489823,
          "distances": {
            "min_distance": 16550.812817092352,
            "max_distance": 19308.860309272983,
            "avg_distance": 17080.734256481774
          },
          "volume": {
            "total_volume_tb": 0.0183961100079906,
            "num_flows": 277
          }
        },
        "tier_0": {
          "tier_name": "Hyperlocal",
          "unit_cost": 0.9377340772585089,
          "total_cost": 1.0349640054706126,
          "unit_price": 1.713669762378474,
          "total_price": 1.7479018033746514,
          "distances": {
            "min_distance": 0.0,
            "max_distance": 2559.6442517393566,
            "avg_distance": 637.7340772585087
          },
          "volume": {
            "total_volume_tb": 1.0199758680159388,
            "num_flows": 2935
          }
        },
        "tier_1": {
          "tier_name": "Local",
          "unit_cost": 4.642594746942713,
          "total_cost": 0.3194946990132858,
          "unit_price": 5.465878902890801,
          "total_price": 0.36012022734890686,
          "distances": {
            "min_distance": 2764.8808473037448,
            "max_distance": 5500.2588640147615,
            "avg_distance": 4342.594746942714
          },
          "volume": {
            "total_volume_tb": 0.065885145599996,
            "num_flows": 160
          }
        },
        "tier_4": {
          "tier_name": "National",
          "unit_cost": 13.029919843647292,
          "total_cost": 12.082460398543116,
          "unit_price": 14.310080393874495,
          "total_price": 12.958978654925692,
          "distances": {
            "min_distance": 11044.601604099067,
            "max_distance": 13791.020318492228,
            "avg_distance": 12729.91984364729
          },
          "volume": {
            "total_volume_tb": 0.9055839169480036,
            "num_flows": 3332
          }
        },
        "tier_5": {
          "tier_name": "Continental",
          "unit_cost": 15.572851180566003,
          "total_cost": 2.432892165357121,
          "unit_price": 16.28288887590783,
          "total_price": 2.5311172662937587,
          "distances": {
            "min_distance": 13793.816064385355,
            "max_distance": 16550.447257495405,
            "avg_distance": 15272.851180566002
          },
          "volume": {
            "total_volume_tb": 0.1554464496799951,
            "num_flows": 2291
          }
        }
      }
    }
  }
}