{
  "parameters": {
    "P0": 10.150813481784969,
    "gamma": 0.001,
    "beta": 0.3,
    "alpha": 3.43,
    "s0": 0.35,
    "max_tiers": 8
  },
  "strategies": {
    "Flat": {
      "n_tiers": 1,
      "avg_price": 8.395663706937384,
      "min_price": 8.395663706937382,
      "max_price": 8.395663706937382
    },
    "2-Tier": {
      "n_tiers": 2,
      "avg_price": 8.436073749110687,
      "min_price": 2.4726348649209124,
      "max_price": 14.473823398212483
    },
    "3-Tier": {
      "n_tiers": 3,
      "avg_price": 9.150089430311727,
      "min_price": 1.8826798850273918,
      "max_price": 14.474111094282186
    },
    "4-Tier": {
      "n_tiers": 4,
      "avg_price": 10.431687027535565,
      "min_price": 1.8775606850953137,
      "max_price": 16.538061913388344
    },
    "5-Tier": {
      "n_tiers": 5,
      "avg_price": 9.760694813885875,
      "min_price": 1.8775422232004488,
      "max_price": 17.21594280554203
    },
    "6-Tier": {
      "n_tiers": 6,
      "avg_price": 10.086145926905377,
      "min_price": 1.877542222967159,
      "max_price": 17.685535441104605
    },
    "7-Tier": {
      "n_tiers": 7,
      "avg_price": 10.31844879513047,
      "min_price": 1.8775422229035081,
      "max_price": 17.717890332261078
    },
    "8-Tier": {
      "n_tiers": 8,
      "avg_price": 10.18571703482204,
      "min_price": 1.877542222813883,
      "max_price": 18.774219666539086
    }
  },
  "nash_equilibria": [
    {
      "strategy_A": "5-Tier",
      "strategy_B": "5-Tier",
      "profit_A": 1.5,
      "profit_B": 1.5,
      "total_profit": 3.0
    },
    {
      "strategy_A": "6-Tier",
      "strategy_B": "6-Tier",
      "profit_A": 1.38,
      "profit_B": 1.38,
      "total_profit": 2.76
    },
    {
      "strategy_A": "7-Tier",
      "strategy_B": "7-Tier",
      "profit_A": 1.8,
      "profit_B": 1.8,
      "total_profit": 3.6
    },
    {
      "strategy_A": "8-Tier",
      "strategy_B": "8-Tier",
      "profit_A": 1.38,
      "profit_B": 1.38,
      "total_profit": 2.76
    }
  ],
  "welfare": {
    "max_total_welfare": {
      "strategy": [
        "4-Tier",
        "3-Tier"
      ],
      "consumer_surplus": -9.081104288701198,
      "producer_surplus": 0.15636157817884,
      "total_welfare": -8.924742710522358,
      "efficiency": -0.46706004772964127
    },
    "max_consumer_surplus": {
      "strategy": [
        "2-Tier",
        "Flat"
      ],
      "consumer_surplus": 3.3752276652747506,
      "producer_surplus": -12.299970375797113,
      "total_welfare": -8.924742710522363
    },
    "max_producer_surplus": {
      "strategy": [
        "7-Tier",
        "7-Tier"
      ],
      "consumer_surplus": -12.527114894630309,
      "producer_surplus": 3.6023721841079475,
      "total_welfare": -8.924742710522361
    }
  }
}