{
  "parameters": {
    "P0": 20.617262254306773,
    "gamma": 0.001,
    "beta": 0.3,
    "alpha": 1.77,
    "s0": 0.05,
    "max_tiers": 2
  },
  "welfare_matrix": {
    "Flat": {
      "Flat": {
        "social_welfare": -2.999362498658428,
        "consumer_surplus": -43.36198357315842,
        "producer_profit": 40.36262107449999,
        "profit_A": 20.18,
        "profit_B": 20.18
      },
      "2-Tier": {
        "social_welfare": -2.9993624986584244,
        "consumer_surplus": -27.38608870476847,
        "producer_profit": 24.386726206110044,
        "profit_A": 6.24,
        "profit_B": 18.14
      }
    },
    "2-Tier": {
      "Flat": {
        "social_welfare": -2.9993624986584244,
        "consumer_surplus": -27.38608870476847,
        "producer_profit": 24.386726206110044,
        "profit_A": 18.14,
        "profit_B": 6.24
      },
      "2-Tier": {
        "social_welfare": -2.9993624986584315,
        "consumer_surplus": -34.26465636638909,
        "producer_profit": 31.26529386773066,
        "profit_A": 15.63,
        "profit_B": 15.63
      }
    }
  }
}