{
  "parameters": {
    "P0": 11.103541511772475,
    "gamma": 0.001,
    "beta": 0.3,
    "alpha": 1.6,
    "s0": 0.35,
    "max_tiers": 1
  },
  "strategy_details": {
    "Flat": {
      "n_tiers": 1,
      "overall_metrics": {
        "unit_cost": 9.317827226058188,
        "total_cost": 28.03308381977619,
        "unit_price": 9.565454651136962,
        "total_price": 34.504311606083775
      },
      "tiers": {
        "tier_0": {
          "tier_name": "Universal",
          "unit_cost": 9.317827226058188,
          "total_cost": 28.03308381977619,
          "unit_price": 9.565454651136964,
          "total_price": 34.504311606083775,
          "distances": {
            "min_distance": 0.0,
            "max_distance": 19308.860309272983,
            "avg_distance": 9017.827226058189
          },
          "volume": {
            "total_volume_tb": 3.6071794665800376,
            "num_flows": 13566
          }
        }
      }
    }
  }
}