{
  "parameters": {
    "P0": 11.103541511772475,
    "gamma": 0.001,
    "beta": 0.3,
    "alpha": 1.6,
    "s0": 0.35,
    "max_tiers": 1
  },
  "strategies": {
    "Flat": {
      "n_tiers": 1,
      "avg_price": 9.565454651136962,
      "min_price": 9.565454651136964,
      "max_price": 9.565454651136964
    }
  },
  "nash_equilibria": [
    {
      "strategy_A": "Flat",
      "strategy_B": "Flat",
      "profit_A": 3.24,
      "profit_B": 3.24,
      "total_profit": 6.48
    }
  ],
  "welfare": {
    "max_total_welfare": {
      "strategy": [
        "Flat",
        "Flat"
      ],
      "consumer_surplus": -22.11488183532603,
      "producer_surplus": 6.4712277863075895,
      "total_welfare": -15.64365404901844,
      "efficiency": -1.2626613442647303
    },
    "max_consumer_surplus": {
      "strategy": [
        "Flat",
        "Flat"
      ],
      "consumer_surplus": -22.11488183532603,
      "producer_surplus": 6.4712277863075895,
      "total_welfare": -15.64365404901844
    },
    "max_producer_surplus": {
      "strategy": [
        "Flat",
        "Flat"
      ],
      "consumer_surplus": -22.11488183532603,
      "producer_surplus": 6.4712277863075895,
      "total_welfare": -15.64365404901844
    }
  }
}