{
  "parameters": {
    "P0": 12.390023846641906,
    "gamma": 0.001,
    "beta": 0.3,
    "alpha": 0.93,
    "s0": 0.35,
    "max_tiers": 2
  },
  "strategies": {
    "Flat": {
      "n_tiers": 1,
      "avg_price": 12.350898895726017,
      "min_price": 12.350898895726019,
      "max_price": 12.350898895726019
    },
    "2-Tier": {
      "n_tiers": 2,
      "avg_price": 12.366471091877928,
      "min_price": 7.956886460312441,
      "max_price": 16.831003818540808
    }
  },
  "nash_equilibria": [
    {
      "strategy_A": "Flat",
      "strategy_B": "Flat",
      "profit_A": 8.26,
      "profit_B": 8.26,
      "total_profit": 16.52
    },
    {
      "strategy_A": "2-Tier",
      "strategy_B": "2-Tier",
      "profit_A": 5.44,
      "profit_B": 5.44,
      "total_profit": 10.88
    }
  ],
  "welfare": {
    "max_total_welfare": {
      "strategy": [
        "Flat",
        "Flat"
      ],
      "consumer_surplus": -36.66266443265253,
      "producer_surplus": 16.51882507069277,
      "total_welfare": -20.143839361959756,
      "efficiency": -2.553329342203591
    },
    "max_consumer_surplus": {
      "strategy": [
        "Flat",
        "2-Tier"
      ],
      "consumer_surplus": -26.12461272876174,
      "producer_surplus": 5.980773366801982,
      "total_welfare": -20.143839361959756
    },
    "max_producer_surplus": {
      "strategy": [
        "Flat",
        "Flat"
      ],
      "consumer_surplus": -36.66266443265253,
      "producer_surplus": 16.51882507069277,
      "total_welfare": -20.143839361959756
    }
  }
}