{
  "parameters": {
    "P0": 10.576480467090285,
    "gamma": 0.001,
    "beta": 0.3,
    "alpha": 2.27,
    "s0": 0.35,
    "max_tiers": 1
  },
  "strategies": {
    "Flat": {
      "n_tiers": 1,
      "avg_price": 8.819139936610428,
      "min_price": 8.819139936610428,
      "max_price": 8.819139936610428
    }
  },
  "nash_equilibria": [
    {
      "strategy_A": "Flat",
      "strategy_B": "Flat",
      "profit_A": 1.89,
      "profit_B": 1.89,
      "total_profit": 3.78
    }
  ],
  "welfare": {
    "max_total_welfare": {
      "strategy": [
        "Flat",
        "Flat"
      ],
      "consumer_surplus": -16.332002017690094,
      "producer_surplus": 3.7791366724609294,
      "total_welfare": -12.552865345229165,
      "efficiency": -0.8108971695631373
    },
    "max_consumer_surplus": {
      "strategy": [
        "Flat",
        "Flat"
      ],
      "consumer_surplus": -16.332002017690094,
      "producer_surplus": 3.7791366724609294,
      "total_welfare": -12.552865345229165
    },
    "max_producer_surplus": {
      "strategy": [
        "Flat",
        "Flat"
      ],
      "consumer_surplus": -16.332002017690094,
      "producer_surplus": 3.7791366724609294,
      "total_welfare": -12.552865345229165
    }
  }
}