{
  "parameters": {
    "P0": 10.576480467090285,
    "gamma": 0.001,
    "beta": 0.3,
    "alpha": 2.27,
    "s0": 0.35,
    "max_tiers": 2
  },
  "welfare_matrix": {
    "Flat": {
      "Flat": {
        "social_welfare": -12.552865345229165,
        "consumer_surplus": -16.332002017690094,
        "producer_profit": 3.7791366724609294,
        "profit_A": 1.89,
        "profit_B": 1.89
      },
      "2-Tier": {
        "social_welfare": -12.552865345229169,
        "consumer_surplus": -2.3526781778429386,
        "producer_profit": -10.200187167386229,
        "profit_A": -5.42,
        "profit_B": -4.78
      }
    },
    "2-Tier": {
      "Flat": {
        "social_welfare": -12.552865345229169,
        "consumer_surplus": -2.3526781778429386,
        "producer_profit": -10.200187167386229,
        "profit_A": -4.78,
        "profit_B": -5.42
      },
      "2-Tier": {
        "social_welfare": -12.552865345229169,
        "consumer_surplus": -9.34668510771189,
        "producer_profit": -3.2061802375172777,
        "profit_A": -1.6,
        "profit_B": -1.6
      }
    }
  }
}