{
  "parameters": {
    "P0": 9.916808957115391,
    "gamma": 0.001,
    "beta": 0.3,
    "alpha": 4.77,
    "s0": 0.35,
    "max_tiers": 7
  },
  "strategies": {
    "Flat": {
      "n_tiers": 1,
      "avg_price": 8.164926767315464,
      "min_price": 8.164926767315466,
      "max_price": 8.164926767315466
    },
    "2-Tier": {
      "n_tiers": 2,
      "avg_price": 8.149327899661461,
      "min_price": 2.133638996641875,
      "max_price": 14.239978658170386
    },
    "3-Tier": {
      "n_tiers": 3,
      "avg_price": 8.909050453149097,
      "min_price": 1.6463333054408498,
      "max_price": 14.240104031990475
    },
    "4-Tier": {
      "n_tiers": 4,
      "avg_price": 10.18386067439781,
      "min_price": 1.6435335929876196,
      "max_price": 16.224122549641653
    },
    "5-Tier": {
      "n_tiers": 5,
      "avg_price": 9.518931700536331,
      "min_price": 1.6435296744296846,
      "max_price": 16.936438682100732
    },
    "6-Tier": {
      "n_tiers": 6,
      "avg_price": 9.84966378026138,
      "min_price": 1.643529674429666,
      "max_price": 17.454697454913195
    },
    "7-Tier": {
      "n_tiers": 7,
      "avg_price": 10.08022517914091,
      "min_price": 1.6435296744296637,
      "max_price": 17.45667772784738
    }
  },
  "nash_equilibria": [
    {
      "strategy_A": "6-Tier",
      "strategy_B": "6-Tier",
      "profit_A": 0.95,
      "profit_B": 0.95,
      "total_profit": 1.9
    },
    {
      "strategy_A": "7-Tier",
      "strategy_B": "7-Tier",
      "profit_A": 1.38,
      "profit_B": 1.38,
      "total_profit": 2.76
    }
  ],
  "welfare": {
    "max_total_welfare": {
      "strategy": [
        "3-Tier",
        "Flat"
      ],
      "consumer_surplus": 0.666368823610169,
      "producer_surplus": -6.868870260037685,
      "total_welfare": -6.202501436427516,
      "efficiency": -0.28411983370441324
    },
    "max_consumer_surplus": {
      "strategy": [
        "Flat",
        "2-Tier"
      ],
      "consumer_surplus": 7.195746404897204,
      "producer_surplus": -13.398247841324725,
      "total_welfare": -6.202501436427521
    },
    "max_producer_surplus": {
      "strategy": [
        "7-Tier",
        "7-Tier"
      ],
      "consumer_surplus": -8.963690117048616,
      "producer_surplus": 2.7611886806210957,
      "total_welfare": -6.20250143642752
    }
  }
}