{
  "parameters": {
    "P0": 10.576480467090285,
    "gamma": 0.001,
    "beta": 0.3,
    "alpha": 2.27,
    "s0": 0.35,
    "max_tiers": 3
  },
  "strategies": {
    "Flat": {
      "n_tiers": 1,
      "avg_price": 8.819139936610428,
      "min_price": 8.819139936610428,
      "max_price": 8.819139936610428
    },
    "2-Tier": {
      "n_tiers": 2,
      "avg_price": 8.977460265688693,
      "min_price": 3.129012727317926,
      "max_price": 14.898785655004888
    },
    "3-Tier": {
      "n_tiers": 3,
      "avg_price": 9.59532230571148,
      "min_price": 2.3171013054087064,
      "max_price": 14.900154584716939
    }
  },
  "nash_equilibria": [
    {
      "strategy_A": "Flat",
      "strategy_B": "Flat",
      "profit_A": 1.89,
      "profit_B": 1.89,
      "total_profit": 3.78
    },
    {
      "strategy_A": "3-Tier",
      "strategy_B": "3-Tier",
      "profit_A": 0.89,
      "profit_B": 0.89,
      "total_profit": 1.78
    }
  ],
  "welfare": {
    "max_total_welfare": {
      "strategy": [
        "Flat",
        "Flat"
      ],
      "consumer_surplus": -16.332002017690094,
      "producer_surplus": 3.7791366724609294,
      "total_welfare": -12.552865345229165,
      "efficiency": -0.8108971695631373
    },
    "max_consumer_surplus": {
      "strategy": [
        "Flat",
        "2-Tier"
      ],
      "consumer_surplus": -2.3526781778429386,
      "producer_surplus": -10.200187167386229,
      "total_welfare": -12.552865345229169
    },
    "max_producer_surplus": {
      "strategy": [
        "Flat",
        "Flat"
      ],
      "consumer_surplus": -16.332002017690094,
      "producer_surplus": 3.7791366724609294,
      "total_welfare": -12.552865345229165
    }
  }
}