{
  "parameters": {
    "P0": 10.576480467090285,
    "gamma": 0.001,
    "beta": 0.3,
    "alpha": 2.27,
    "s0": 0.35,
    "max_tiers": 3
  },
  "welfare_matrix": {
    "Flat": {
      "Flat": {
        "social_welfare": -12.552865345229165,
        "consumer_surplus": -16.332002017690094,
        "producer_profit": 3.7791366724609294,
        "profit_A": 1.89,
        "profit_B": 1.89
      },
      "2-Tier": {
        "social_welfare": -12.552865345229169,
        "consumer_surplus": -2.3526781778429386,
        "producer_profit": -10.200187167386229,
        "profit_A": -5.42,
        "profit_B": -4.78
      },
      "3-Tier": {
        "social_welfare": -12.552865345229167,
        "consumer_surplus": -8.191493938069906,
        "producer_profit": -4.361371407159261,
        "profit_A": -4.86,
        "profit_B": 0.49
      }
    },
    "2-Tier": {
      "Flat": {
        "social_welfare": -12.552865345229169,
        "consumer_surplus": -2.3526781778429386,
        "producer_profit": -10.200187167386229,
        "profit_A": -4.78,
        "profit_B": -5.42
      },
      "2-Tier": {
        "social_welfare": -12.552865345229169,
        "consumer_surplus": -9.34668510771189,
        "producer_profit": -3.2061802375172777,
        "profit_A": -1.6,
        "profit_B": -1.6
      },
      "3-Tier": {
        "social_welfare": -12.552865345229167,
        "consumer_surplus": -7.005150909425903,
        "producer_profit": -5.547714435803264,
        "profit_A": -5.63,
        "profit_B": 0.09
      }
    },
    "3-Tier": {
      "Flat": {
        "social_welfare": -12.552865345229165,
        "consumer_surplus": -8.191493938069906,
        "producer_profit": -4.36137140715926,
        "profit_A": 0.49,
        "profit_B": -4.86
      },
      "2-Tier": {
        "social_welfare": -12.552865345229169,
        "consumer_surplus": -7.005150909425903,
        "producer_profit": -5.5477144358032655,
        "profit_A": 0.09,
        "profit_B": -5.63
      },
      "3-Tier": {
        "social_welfare": -12.552865345229167,
        "consumer_surplus": -14.333164774315359,
        "producer_profit": 1.7802994290861922,
        "profit_A": 0.89,
        "profit_B": 0.89
      }
    }
  }
}