{
  "parameters": {
    "P0": 10.044835586654335,
    "gamma": 0.001,
    "beta": 0.3,
    "alpha": 3.93,
    "s0": 0.35,
    "max_tiers": 4
  },
  "strategy_details": {
    "Flat": {
      "n_tiers": 1,
      "overall_metrics": {
        "unit_cost": 9.317827226058188,
        "total_cost": 28.03308381977619,
        "unit_price": 8.291017215439808,
        "total_price": 29.90718705659607
      },
      "tiers": {
        "tier_0": {
          "tier_name": "Universal",
          "unit_cost": 9.317827226058188,
          "total_cost": 28.03308381977619,
          "unit_price": 8.291017215439805,
          "total_price": 29.90718705659607,
          "distances": {
            "min_distance": 0.0,
            "max_distance": 19308.860309272983,
            "avg_distance": 9017.827226058189
          },
          "volume": {
            "total_volume_tb": 3.6071794665800376,
            "num_flows": 13566
          }
        }
      }
    },
    "2-Tier": {
      "n_tiers": 2,
      "overall_metrics": {
        "unit_cost": 9.317827226058188,
        "total_cost": 28.03308381977619,
        "unit_price": 8.30530157174028,
        "total_price": 22.221982201512883
      },
      "tiers": {
        "tier_1": {
          "tier_name": "Long-Haul",
          "unit_cost": 13.761522941920761,
          "total_cost": 15.569590604290672,
          "unit_price": 14.367932099575096,
          "total_price": 16.5289256636695,
          "distances": {
            "min_distance": 9659.111401340511,
            "max_distance": 19308.860309272983,
            "avg_distance": 13461.522941920757
          },
          "volume": {
            "total_volume_tb": 1.1504039376799609,
            "num_flows": 6741
          }
        },
        "tier_0": {
          "tier_name": "Local",
          "unit_cost": 4.928823149775465,
          "total_cost": 12.463493215485515,
          "unit_price": 2.317288035017275,
          "total_price": 5.693056537843385,
          "distances": {
            "min_distance": 0.0,
            "max_distance": 9650.276520950458,
            "avg_distance": 4628.823149775465
          },
          "volume": {
            "total_volume_tb": 2.456775528900077,
            "num_flows": 6825
          }
        }
      }
    },
    "3-Tier": {
      "n_tiers": 3,
      "overall_metrics": {
        "unit_cost": 9.317827226058188,
        "total_cost": 28.03308381977619,
        "unit_price": 9.040712350456825,
        "total_price": 27.813580888053323
      },
      "tiers": {
        "tier_1": {
          "tier_name": "Regional",
          "unit_cost": 9.392582423950339,
          "total_cost": 12.961119918269832,
          "unit_price": 8.89074165737011,
          "total_price": 12.840370466231938,
          "distances": {
            "min_distance": 6460.242389432733,
            "max_distance": 12872.273504325609,
            "avg_distance": 9092.582423950338
          },
          "volume": {
            "total_volume_tb": 1.4442406450521172,
            "num_flows": 5817
          }
        },
        "tier_2": {
          "tier_name": "Intercontinental",
          "unit_cost": 14.878977265388245,
          "total_cost": 12.469915481530926,
          "unit_price": 14.368131506810776,
          "total_price": 12.702616077808802,
          "distances": {
            "min_distance": 12873.912180345493,
            "max_distance": 19308.860309272983,
            "avg_distance": 14578.977265388245
          },
          "volume": {
            "total_volume_tb": 0.8840826708599873,
            "num_flows": 4540
          }
        },
        "tier_0": {
          "tier_name": "Metro",
          "unit_cost": 1.3145638528275607,
          "total_cost": 2.602048419975431,
          "unit_price": 1.7754884650839555,
          "total_price": 2.2705943440125846,
          "distances": {
            "min_distance": 0.0,
            "max_distance": 6429.45591263573,
            "avg_distance": 1014.5638528275604
          },
          "volume": {
            "total_volume_tb": 1.2788561506679335,
            "num_flows": 3209
          }
        }
      }
    },
    "4-Tier": {
      "n_tiers": 4,
      "overall_metrics": {
        "unit_cost": 9.317827226058188,
        "total_cost": 28.03308381977619,
        "unit_price": 10.318730297073417,
        "total_price": 30.93958685724249
      },
      "tiers": {
        "tier_2": {
          "tier_name": "National",
          "unit_cost": 12.723004321951315,
          "total_cost": 13.183883442295743,
          "unit_price": 14.367931595515866,
          "total_price": 14.390756579924705,
          "distances": {
            "min_distance": 9659.111401340511,
            "max_distance": 14481.173464114854,
            "avg_distance": 12423.004321951314
          },
          "volume": {
            "total_volume_tb": 1.0015886061439743,
            "num_flows": 4644
          }
        },
        "tier_1": {
          "tier_name": "Regional",
          "unit_cost": 8.051928792490164,
          "total_cost": 11.13010567517316,
          "unit_price": 8.869871511843824,
          "total_price": 12.192408813359275,
          "distances": {
            "min_distance": 4828.282403525929,
            "max_distance": 9650.276520950458,
            "avg_distance": 7751.928792490164
          },
          "volume": {
            "total_volume_tb": 1.3745868581161422,
            "num_flows": 3775
          }
        },
        "tier_3": {
          "tier_name": "Intercontinental",
          "unit_cost": 16.061418254814466,
          "total_cost": 2.3857071619949304,
          "unit_price": 16.391115794472856,
          "total_price": 2.4392493311992274,
          "distances": {
            "min_distance": 14482.156915187188,
            "max_distance": 19308.860309272983,
            "avg_distance": 15761.418254814467
          },
          "volume": {
            "total_volume_tb": 0.1488153315359868,
            "num_flows": 2097
          }
        },
        "tier_0": {
          "tier_name": "Metro",
          "unit_cost": 1.0633399362515357,
          "total_cost": 1.3333875403123534,
          "unit_price": 1.7715692138696015,
          "total_price": 1.9171721327592852,
          "distances": {
            "min_distance": 0.0,
            "max_distance": 4823.464533529197,
            "avg_distance": 763.3399362515356
          },
          "volume": {
            "total_volume_tb": 1.0821886707839352,
            "num_flows": 3050
          }
        }
      }
    }
  }
}