,Flat,2-Tier,3-Tier,4-Tier
Flat,"(np.float64(8.26), np.float64(8.26))","(np.float64(-1.04), np.float64(7.03))","(np.float64(1.02), np.float64(5.41))","(np.float64(0.09), np.float64(6.4))"
2-Tier,"(np.float64(7.03), np.float64(-1.04))","(np.float64(5.44), np.float64(5.44))","(np.float64(1.57), np.float64(4.09))","(np.float64(1.16), np.float64(5.22))"
3-Tier,"(np.float64(5.41), np.float64(1.02))","(np.float64(4.09), np.float64(1.57))","(np.float64(5.7), np.float64(5.7))","(np.float64(2.99), np.float64(5.78))"
4-Tier,"(np.float64(6.4), np.float64(0.09))","(np.float64(5.22), np.float64(1.16))","(np.float64(5.78), np.float64(2.99))","(np.float64(5.21), np.float64(5.21))"
