{
  "parameters": {
    "P0": 12.390023846641906,
    "gamma": 0.001,
    "beta": 0.3,
    "alpha": 0.93,
    "s0": 0.35,
    "max_tiers": 4
  },
  "strategies": {
    "Flat": {
      "n_tiers": 1,
      "avg_price": 12.350898895726017,
      "min_price": 12.350898895726019,
      "max_price": 12.350898895726019
    },
    "2-Tier": {
      "n_tiers": 2,
      "avg_price": 12.366471091877928,
      "min_price": 7.956886460312441,
      "max_price": 16.831003818540808
    },
    "3-Tier": {
      "n_tiers": 3,
      "avg_price": 12.374769093536505,
      "min_price": 4.384176186508514,
      "max_price": 17.91794733971688
    },
    "4-Tier": {
      "n_tiers": 4,
      "avg_price": 12.398589067790649,
      "min_price": 4.135642391451464,
      "max_price": 19.133585033902108
    }
  },
  "nash_equilibria": [
    {
      "strategy_A": "Flat",
      "strategy_B": "Flat",
      "profit_A": 8.26,
      "profit_B": 8.26,
      "total_profit": 16.52
    },
    {
      "strategy_A": "2-Tier",
      "strategy_B": "2-Tier",
      "profit_A": 5.44,
      "profit_B": 5.44,
      "total_profit": 10.88
    },
    {
      "strategy_A": "4-Tier",
      "strategy_B": "4-Tier",
      "profit_A": 5.21,
      "profit_B": 5.21,
      "total_profit": 10.42
    }
  ],
  "welfare": {
    "max_total_welfare": {
      "strategy": [
        "Flat",
        "3-Tier"
      ],
      "consumer_surplus": -26.580711793993288,
      "producer_surplus": 6.436872432033539,
      "total_welfare": -20.14383936195975,
      "efficiency": -2.55332934220359
    },
    "max_consumer_surplus": {
      "strategy": [
        "2-Tier",
        "3-Tier"
      ],
      "consumer_surplus": -25.802001713753164,
      "producer_surplus": 5.6581623517934085,
      "total_welfare": -20.143839361959756
    },
    "max_producer_surplus": {
      "strategy": [
        "Flat",
        "Flat"
      ],
      "consumer_surplus": -36.66266443265253,
      "producer_surplus": 16.51882507069277,
      "total_welfare": -20.143839361959756
    }
  }
}