{
  "parameters": {
    "P0": 9.962780466948225,
    "gamma": 0.001,
    "beta": 0.3,
    "alpha": 4.43,
    "s0": 0.35,
    "max_tiers": 9
  },
  "strategy_details": {
    "Flat": {
      "n_tiers": 1,
      "overall_metrics": {
        "unit_cost": 9.317827226058188,
        "total_cost": 28.03308381977619,
        "unit_price": 8.210162346067166,
        "total_price": 29.615529032022078
      },
      "tiers": {
        "tier_0": {
          "tier_name": "Universal",
          "unit_cost": 9.317827226058188,
          "total_cost": 28.03308381977619,
          "unit_price": 8.210162346067168,
          "total_price": 29.615529032022078,
          "distances": {
            "min_distance": 0.0,
            "max_distance": 19308.860309272983,
            "avg_distance": 9017.827226058189
          },
          "volume": {
            "total_volume_tb": 3.6071794665800376,
            "num_flows": 13566
          }
        }
      }
    },
    "2-Tier": {
      "n_tiers": 2,
      "overall_metrics": {
        "unit_cost": 9.317827226058188,
        "total_cost": 28.03308381977619,
        "unit_price": 8.205084921379965,
        "total_price": 21.83724207022575
      },
      "tiers": {
        "tier_1": {
          "tier_name": "Long-Haul",
          "unit_cost": 13.761522941920761,
          "total_cost": 15.569590604290672,
          "unit_price": 14.285927236889178,
          "total_price": 16.434586946726714,
          "distances": {
            "min_distance": 9659.111401340511,
            "max_distance": 19308.860309272983,
            "avg_distance": 13461.522941920757
          },
          "volume": {
            "total_volume_tb": 1.1504039376799609,
            "num_flows": 6741
          }
        },
        "tier_0": {
          "tier_name": "Local",
          "unit_cost": 4.928823149775465,
          "total_cost": 12.463493215485515,
          "unit_price": 2.199083742061636,
          "total_price": 5.402655123499036,
          "distances": {
            "min_distance": 0.0,
            "max_distance": 9650.276520950458,
            "avg_distance": 4628.823149775465
          },
          "volume": {
            "total_volume_tb": 2.456775528900077,
            "num_flows": 6825
          }
        }
      }
    },
    "3-Tier": {
      "n_tiers": 3,
      "overall_metrics": {
        "unit_cost": 9.317827226058188,
        "total_cost": 28.03308381977619,
        "unit_price": 8.956271450837843,
        "total_price": 27.509190942409745
      },
      "tiers": {
        "tier_1": {
          "tier_name": "Regional",
          "unit_cost": 9.392582423950339,
          "total_cost": 12.961119918269832,
          "unit_price": 8.80354286658245,
          "total_price": 12.714434428377004,
          "distances": {
            "min_distance": 6460.242389432733,
            "max_distance": 12872.273504325609,
            "avg_distance": 9092.582423950338
          },
          "volume": {
            "total_volume_tb": 1.4442406450521172,
            "num_flows": 5817
          }
        },
        "tier_2": {
          "tier_name": "Intercontinental",
          "unit_cost": 14.878977265388245,
          "total_cost": 12.469915481530926,
          "unit_price": 14.286075755564198,
          "total_price": 12.630072010087304,
          "distances": {
            "min_distance": 12873.912180345493,
            "max_distance": 19308.860309272983,
            "avg_distance": 14578.977265388245
          },
          "volume": {
            "total_volume_tb": 0.8840826708599873,
            "num_flows": 4540
          }
        },
        "tier_0": {
          "tier_name": "Metro",
          "unit_cost": 1.3145638528275607,
          "total_cost": 2.602048419975431,
          "unit_price": 1.6926723954174567,
          "total_price": 2.1646845039454394,
          "distances": {
            "min_distance": 0.0,
            "max_distance": 6429.45591263573,
            "avg_distance": 1014.5638528275604
          },
          "volume": {
            "total_volume_tb": 1.2788561506679335,
            "num_flows": 3209
          }
        }
      }
    },
    "4-Tier": {
      "n_tiers": 4,
      "overall_metrics": {
        "unit_cost": 9.317827226058188,
        "total_cost": 28.03308381977619,
        "unit_price": 10.232155428589925,
        "total_price": 30.63713882065948
      },
      "tiers": {
        "tier_2": {
          "tier_name": "National",
          "unit_cost": 12.723004321951315,
          "total_cost": 13.183883442295743,
          "unit_price": 14.285927012222835,
          "total_price": 14.308621723646821,
          "distances": {
            "min_distance": 9659.111401340511,
            "max_distance": 14481.173464114854,
            "avg_distance": 12423.004321951314
          },
          "volume": {
            "total_volume_tb": 1.0015886061439743,
            "num_flows": 4644
          }
        },
        "tier_1": {
          "tier_name": "Regional",
          "unit_cost": 8.051928792490164,
          "total_cost": 11.13010567517316,
          "unit_price": 8.785884853176006,
          "total_price": 12.076961856097407,
          "distances": {
            "min_distance": 4828.282403525929,
            "max_distance": 9650.276520950458,
            "avg_distance": 7751.928792490164
          },
          "volume": {
            "total_volume_tb": 1.3745868581161422,
            "num_flows": 3775
          }
        },
        "tier_3": {
          "tier_name": "Intercontinental",
          "unit_cost": 16.061418254814466,
          "total_cost": 2.3857071619949304,
          "unit_price": 16.283195915179146,
          "total_price": 2.4231891985828105,
          "distances": {
            "min_distance": 14482.156915187188,
            "max_distance": 19308.860309272983,
            "avg_distance": 15761.418254814467
          },
          "volume": {
            "total_volume_tb": 0.1488153315359868,
            "num_flows": 2097
          }
        },
        "tier_0": {
          "tier_name": "Metro",
          "unit_cost": 1.0633399362515357,
          "total_cost": 1.3333875403123534,
          "unit_price": 1.6895076539731093,
          "total_price": 1.828366042332444,
          "distances": {
            "min_distance": 0.0,
            "max_distance": 4823.464533529197,
            "avg_distance": 763.3399362515356
          },
          "volume": {
            "total_volume_tb": 1.0821886707839352,
            "num_flows": 3050
          }
        }
      }
    },
    "5-Tier": {
      "n_tiers": 5,
      "overall_metrics": {
        "unit_cost": 9.317827226058188,
        "total_cost": 28.03308381977619,
        "unit_price": 9.56627705124808,
        "total_price": 30.33730434309029
      },
      "tiers": {
        "tier_2": {
          "tier_name": "Regional",
          "unit_cost": 9.665159190883466,
          "total_cost": 7.405522337670113,
          "unit_price": 8.926571471020061,
          "total_price": 7.323944838944717,
          "distances": {
            "min_distance": 7723.623828937612,
            "max_distance": 11582.765661324194,
            "avg_distance": 9365.159190883462
          },
          "volume": {
            "total_volume_tb": 0.82046560235604,
            "num_flows": 3616
          }
        },
        "tier_1": {
          "tier_name": "Metro",
          "unit_cost": 7.364497467603178,
          "total_cost": 5.210180055581664,
          "unit_price": 8.533705578880573,
          "total_price": 6.192223749750058,
          "distances": {
            "min_distance": 3866.783063402461,
            "max_distance": 7723.371249583729,
            "avg_distance": 7064.497467603178
          },
          "volume": {
            "total_volume_tb": 0.7256195673160707,
            "num_flows": 1820
          }
        },
        "tier_4": {
          "tier_name": "Intercontinental",
          "unit_cost": 16.598925460525006,
          "total_cost": 1.3828700732561323,
          "unit_price": 16.989679504233997,
          "total_price": 1.4241910485433755,
          "distances": {
            "min_distance": 15447.533155849653,
            "max_distance": 19308.860309272983,
            "avg_distance": 16298.925460525004
          },
          "volume": {
            "total_volume_tb": 0.0838268342959885,
            "num_flows": 1261
          }
        },
        "tier_0": {
          "tier_name": "Local",
          "unit_cost": 0.9831092557218192,
          "total_cost": 1.0356221409610848,
          "unit_price": 1.6895022517882192,
          "total_price": 1.7235338444201778,
          "distances": {
            "min_distance": 0.0,
            "max_distance": 3839.1275345135577,
            "avg_distance": 683.1092557218191
          },
          "volume": {
            "total_volume_tb": 1.020142969679939,
            "num_flows": 2984
          }
        },
        "tier_3": {
          "tier_name": "National",
          "unit_cost": 13.948056653445835,
          "total_cost": 12.998889212307194,
          "unit_price": 14.285927235594636,
          "total_price": 13.673410861431963,
          "distances": {
            "min_distance": 11588.198373221116,
            "max_distance": 15446.185811311228,
            "avg_distance": 13648.056653445832
          },
          "volume": {
            "total_volume_tb": 0.957124492932,
            "num_flows": 3885
          }
        }
      }
    },
    "6-Tier": {
      "n_tiers": 6,
      "overall_metrics": {
        "unit_cost": 9.317827226058188,
        "total_cost": 28.03308381977619,
        "unit_price": 9.89612278356958,
        "total_price": 30.097264421187898
      },
      "tiers": {
        "tier_3": {
          "tier_name": "National",
          "unit_cost": 11.456551279702504,
          "total_cost": 3.099675122759748,
          "unit_price": 12.787797771160283,
          "total_price": 3.405662502253043,
          "distances": {
            "min_distance": 9659.111401340511,
            "max_distance": 12872.273504325609,
            "avg_distance": 11156.5512797025
          },
          "volume": {
            "total_volume_tb": 0.26632126681997376,
            "num_flows": 2201
          }
        },
        "tier_2": {
          "tier_name": "Regional",
          "unit_cost": 8.136278372094555,
          "total_cost": 9.861444795510083,
          "unit_price": 8.798060455395317,
          "total_price": 10.363405901268061,
          "distances": {
            "min_distance": 6460.242389432733,
            "max_distance": 9650.276520950458,
            "avg_distance": 7836.278372094555
          },
          "volume": {
            "total_volume_tb": 1.1779193782321438,
            "num_flows": 3616
          }
        },
        "tier_5": {
          "tier_name": "Intercontinental",
          "unit_cost": 16.89844788673936,
          "total_cost": 0.6303996897924188,
          "unit_price": 17.50011456691586,
          "total_price": 0.6555851567685471,
          "distances": {
            "min_distance": 16091.145505720417,
            "max_distance": 19308.860309272983,
            "avg_distance": 16598.44788673936
          },
          "volume": {
            "total_volume_tb": 0.03746176370798949,
            "num_flows": 805
          }
        },
        "tier_0": {
          "tier_name": "Local",
          "unit_cost": 0.9487183422491557,
          "total_cost": 1.0350607057285346,
          "unit_price": 1.6895022517880713,
          "total_price": 1.7232991415515082,
          "distances": {
            "min_distance": 0.0,
            "max_distance": 3212.9334515868877,
            "avg_distance": 648.7183422491559
          },
          "volume": {
            "total_volume_tb": 1.0200040513279391,
            "num_flows": 2949
          }
        },
        "tier_1": {
          "tier_name": "Metro",
          "unit_cost": 5.464096201657234,
          "total_cost": 1.5669877142468962,
          "unit_price": 7.164018811050992,
          "total_price": 1.8544213089517616,
          "distances": {
            "min_distance": 3226.613167407512,
            "max_distance": 6429.45591263573,
            "avg_distance": 5164.096201657233
          },
          "volume": {
            "total_volume_tb": 0.25885209933999465,
            "num_flows": 260
          }
        },
        "tier_4": {
          "tier_name": "Continental",
          "unit_cost": 14.443723222499987,
          "total_cost": 11.839515791738505,
          "unit_price": 14.286075749158801,
          "total_price": 12.094890410394978,
          "distances": {
            "min_distance": 12873.912180345493,
            "max_distance": 16089.604096802374,
            "avg_distance": 14143.723222499983
          },
          "volume": {
            "total_volume_tb": 0.8466209071519976,
            "num_flows": 3735
          }
        }
      }
    },
    "7-Tier": {
      "n_tiers": 7,
      "overall_metrics": {
        "unit_cost": 9.317827226058188,
        "total_cost": 28.03308381977619,
        "unit_price": 10.127101934796572,
        "total_price": 30.959703582975756
      },
      "tiers": {
        "tier_3": {
          "tier_name": "Regional",
          "unit_cost": 9.848652662332254,
          "total_cost": 3.9097812768706643,
          "unit_price": 9.9968046071553,
          "total_price": 4.10171176217824,
          "distances": {
            "min_distance": 8278.469536322758,
            "max_distance": 11029.91868275368,
            "avg_distance": 9548.652662332253
          },
          "volume": {
            "total_volume_tb": 0.410302283916043,
            "num_flows": 1583
          }
        },
        "tier_2": {
          "tier_name": "Metro",
          "unit_cost": 7.835543489027421,
          "total_cost": 7.939882524186965,
          "unit_price": 8.715016342909415,
          "total_price": 8.990321028548093,
          "distances": {
            "min_distance": 5550.254717049661,
            "max_distance": 8274.563124543494,
            "avg_distance": 7535.543489027422
          },
          "volume": {
            "total_volume_tb": 1.0315896924120709,
            "num_flows": 2988
          }
        },
        "tier_6": {
          "tier_name": "Intercontinental",
          "unit_cost": 17.380734256481773,
          "total_cost": 0.3136087503344236,
          "unit_price": 17.503563324189344,
          "total_price": 0.32199747644361676,
          "distances": {
            "min_distance": 16550.812817092352,
            "max_distance": 19308.860309272983,
            "avg_distance": 17080.734256481774
          },
          "volume": {
            "total_volume_tb": 0.0183961100079906,
            "num_flows": 277
          }
        },
        "tier_0": {
          "tier_name": "Hyperlocal",
          "unit_cost": 0.9377340772585089,
          "total_cost": 1.0349640054706126,
          "unit_price": 1.6895022517880447,
          "total_price": 1.7232515257823944,
          "distances": {
            "min_distance": 0.0,
            "max_distance": 2559.6442517393566,
            "avg_distance": 637.7340772585087
          },
          "volume": {
            "total_volume_tb": 1.0199758680159388,
            "num_flows": 2935
          }
        },
        "tier_1": {
          "tier_name": "Local",
          "unit_cost": 4.642594746942713,
          "total_cost": 0.3194946990132858,
          "unit_price": 5.441709368319984,
          "total_price": 0.35852781404462447,
          "distances": {
            "min_distance": 2764.8808473037448,
            "max_distance": 5500.2588640147615,
            "avg_distance": 4342.594746942714
          },
          "volume": {
            "total_volume_tb": 0.065885145599996,
            "num_flows": 160
          }
        },
        "tier_4": {
          "tier_name": "National",
          "unit_cost": 13.029919843647292,
          "total_cost": 12.082460398543116,
          "unit_price": 14.28592705633453,
          "total_price": 12.937105780908887,
          "distances": {
            "min_distance": 11044.601604099067,
            "max_distance": 13791.020318492228,
            "avg_distance": 12729.91984364729
          },
          "volume": {
            "total_volume_tb": 0.9055839169480036,
            "num_flows": 3332
          }
        },
        "tier_5": {
          "tier_name": "Continental",
          "unit_cost": 15.572851180566003,
          "total_cost": 2.432892165357121,
          "unit_price": 16.255039598984695,
          "total_price": 2.526788195069902,
          "distances": {
            "min_distance": 13793.816064385355,
            "max_distance": 16550.447257495405,
            "avg_distance": 15272.851180566002
          },
          "volume": {
            "total_volume_tb": 0.1554464496799951,
            "num_flows": 2291
          }
        }
      }
    },
    "8-Tier": {
      "n_tiers": 8,
      "overall_metrics": {
        "unit_cost": 9.317827226058188,
        "total_cost": 28.03308381977619,
        "unit_price": 9.986475843926039,
        "total_price": 30.09237844676142
      },
      "tiers": {
        "tier_4": {
          "tier_name": "National",
          "unit_cost": 11.221543150732918,
          "total_cost": 2.9550637824456176,
          "unit_price": 12.787797650944823,
          "total_price": 3.2608342446675507,
          "distances": {
            "min_distance": 9659.111401340511,
            "max_distance": 12067.892082090922,
            "avg_distance": 10921.543150732918
          },
          "volume": {
            "total_volume_tb": 0.2549957649999744,
            "num_flows": 1867
          }
        },
        "tier_3": {
          "tier_name": "Regional",
          "unit_cost": 8.32828405243889,
          "total_cost": 9.41948909907991,
          "unit_price": 8.798060572268616,
          "total_price": 9.822389674967498,
          "distances": {
            "min_distance": 7244.02115346753,
            "max_distance": 9650.276520950458,
            "avg_distance": 8028.284052438889
          },
          "volume": {
            "total_volume_tb": 1.1164266936201326,
            "num_flows": 2937
          }
        },
        "tier_6": {
          "tier_name": "Transcontinental",
          "unit_cost": 15.94364818376325,
          "total_cost": 2.3308308149184627,
          "unit_price": 16.283126319356715,
          "total_price": 2.373400334615335,
          "distances": {
            "min_distance": 14482.156915187188,
            "max_distance": 16895.252056064535,
            "avg_distance": 15643.648183763251
          },
          "volume": {
            "total_volume_tb": 0.1457582707439869,
            "num_flows": 1972
          }
        },
        "tier_0": {
          "tier_name": "Hyperlocal",
          "unit_cost": 0.9269155663524475,
          "total_cost": 1.034463638347519,
          "unit_price": 1.689502251787934,
          "total_price": 1.7229493560406162,
          "distances": {
            "min_distance": 0.0,
            "max_distance": 2398.427116742922,
            "avg_distance": 626.9155663524475
          },
          "volume": {
            "total_volume_tb": 1.0197970166759387,
            "num_flows": 2918
          }
        },
        "tier_1": {
          "tier_name": "Local",
          "unit_cost": 4.079145325384403,
          "total_cost": 0.29892390196483454,
          "unit_price": 5.441705123108068,
          "total_price": 0.33951698379867,
          "distances": {
            "min_distance": 2433.240999439148,
            "max_distance": 4823.464533529197,
            "avg_distance": 3779.1453253844033
          },
          "volume": {
            "total_volume_tb": 0.06239165410799628,
            "num_flows": 132
          }
        },
        "tier_2": {
          "tier_name": "Metro",
          "unit_cost": 7.083366264483709,
          "total_cost": 1.7106165760932517,
          "unit_price": 7.168325269755746,
          "total_price": 1.850576030801046,
          "distances": {
            "min_distance": 4828.282403525929,
            "max_distance": 7240.070456772998,
            "avg_distance": 6783.3662644837095
          },
          "volume": {
            "total_volume_tb": 0.2581601644960096,
            "num_flows": 838
          }
        },
        "tier_5": {
          "tier_name": "Continental",
          "unit_cost": 13.73244904887416,
          "total_cost": 10.228819659850124,
          "unit_price": 14.28607553087262,
          "total_price": 10.665881719391964,
          "distances": {
            "min_distance": 12071.624691165349,
            "max_distance": 14481.173464114854,
            "avg_distance": 13432.44904887416
          },
          "volume": {
            "total_volume_tb": 0.7465928411439996,
            "num_flows": 2777
          }
        },
        "tier_7": {
          "tier_name": "Intercontinental",
          "unit_cost": 17.919358895718457,
          "total_cost": 0.0548763470764683,
          "unit_price": 18.589784876850057,
          "total_price": 0.056830102478731,
          "distances": {
            "min_distance": 16896.774727847074,
            "max_distance": 19308.860309272983,
            "avg_distance": 17619.358895718455
          },
          "volume": {
            "total_volume_tb": 0.0030570607919998996,
            "num_flows": 125
          }
        }
      }
    },
    "9-Tier": {
      "n_tiers": 9,
      "overall_metrics": {
        "unit_cost": 9.317827226058188,
        "total_cost": 28.03308381977619,
        "unit_price": 9.839286397772057,
        "total_price": 30.39702988312384
      },
      "tiers": {
        "tier_4": {
          "tier_name": "State",
          "unit_cost": 10.028171871425027,
          "total_cost": 3.679753136770722,
          "unit_price": 9.99680462194976,
          "total_price": 3.8523487477097764,
          "distances": {
            "min_distance": 8583.493715566568,
            "max_distance": 10725.716595415315,
            "avg_distance": 9728.171871425027
          },
          "volume": {
            "total_volume_tb": 0.3853580112240326,
            "num_flows": 1192
          }
        },
        "tier_3": {
          "tier_name": "Regional",
          "unit_cost": 7.977467143194134,
          "total_cost": 6.867271890860341,
          "unit_price": 8.72734529924109,
          "total_price": 7.493574056757242,
          "distances": {
            "min_distance": 6460.242389432733,
            "max_distance": 8574.585236273799,
            "avg_distance": 7677.467143194135
          },
          "volume": {
            "total_volume_tb": 0.8586315540200828,
            "num_flows": 3177
          }
        },
        "tier_7": {
          "tier_name": "Transcontinental",
          "unit_cost": 16.219055142396154,
          "total_cost": 2.145162766045629,
          "unit_price": 16.283178553681974,
          "total_price": 2.172453788072243,
          "distances": {
            "min_distance": 15018.895582246265,
            "max_distance": 17110.526309015102,
            "avg_distance": 15919.055142396153
          },
          "volume": {
            "total_volume_tb": 0.13341705864798772,
            "num_flows": 1576
          }
        },
        "tier_0": {
          "tier_name": "Hyperlocal",
          "unit_cost": 0.8568334914937649,
          "total_cost": 1.0279284280226708,
          "unit_price": 1.6895022517855174,
          "total_price": 1.718601478260365,
          "distances": {
            "min_distance": 0.0,
            "max_distance": 2144.164739418337,
            "avg_distance": 556.8334914937649
          },
          "volume": {
            "total_volume_tb": 1.0172235499799391,
            "num_flows": 2798
          }
        },
        "tier_1": {
          "tier_name": "Local",
          "unit_cost": 3.001141171182024,
          "total_cost": 0.008663060204620352,
          "unit_price": 3.342655320898216,
          "total_price": 0.010499160896440205,
          "distances": {
            "min_distance": 2145.493020526542,
            "max_distance": 4270.014620253549,
            "avg_distance": 2701.1411711820233
          },
          "volume": {
            "total_volume_tb": 0.0031409642600000232,
            "num_flows": 202
          }
        },
        "tier_5": {
          "tier_name": "National",
          "unit_cost": 11.974211309014311,
          "total_cost": 2.4140948906387685,
          "unit_price": 12.788047928235756,
          "total_price": 2.560820406265691,
          "distances": {
            "min_distance": 10731.419287046603,
            "max_distance": 12872.273504325609,
            "avg_distance": 11674.21130901431
          },
          "volume": {
            "total_volume_tb": 0.20025107980800175,
            "num_flows": 1448
          }
        },
        "tier_2": {
          "tier_name": "Metro",
          "unit_cost": 5.8123673585900395,
          "total_cost": 1.5654569317481393,
          "unit_price": 7.1640188115729995,
          "total_price": 1.8518389460044409,
          "distances": {
            "min_distance": 4321.417798189596,
            "max_distance": 6429.45591263573,
            "avg_distance": 5512.367358590041
          },
          "volume": {
            "total_volume_tb": 0.2584916364279945,
            "num_flows": 209
          }
        },
        "tier_6": {
          "tier_name": "Continental",
          "unit_cost": 14.034118950488011,
          "total_cost": 10.271269743585064,
          "unit_price": 14.286075530911612,
          "total_price": 10.681546392954791,
          "distances": {
            "min_distance": 12873.912180345493,
            "max_distance": 15015.072596411594,
            "avg_distance": 13734.118950488011
          },
          "volume": {
            "total_volume_tb": 0.7476893405639996,
            "num_flows": 2868
          }
        },
        "tier_8": {
          "tier_name": "Intercontinental",
          "unit_cost": 18.119507608819543,
          "total_cost": 0.0534829719002307,
          "unit_price": 18.596053300457456,
          "total_price": 0.0553469062028465,
          "distances": {
            "min_distance": 17165.255906422095,
            "max_distance": 19308.860309272983,
            "avg_distance": 17819.50760881954
          },
          "volume": {
            "total_volume_tb": 0.0029762716479998994,
            "num_flows": 96
          }
        }
      }
    }
  }
}