{
  "parameters": {
    "P0": 9.962780466948225,
    "gamma": 0.001,
    "beta": 0.3,
    "alpha": 4.43,
    "s0": 0.35,
    "max_tiers": 9
  },
  "strategies": {
    "Flat": {
      "n_tiers": 1,
      "avg_price": 8.210162346067166,
      "min_price": 8.210162346067168,
      "max_price": 8.210162346067168
    },
    "2-Tier": {
      "n_tiers": 2,
      "avg_price": 8.205084921379965,
      "min_price": 2.199083742061636,
      "max_price": 14.285927236889178
    },
    "3-Tier": {
      "n_tiers": 3,
      "avg_price": 8.956271450837843,
      "min_price": 1.6926723954174567,
      "max_price": 14.286075755564198
    },
    "4-Tier": {
      "n_tiers": 4,
      "avg_price": 10.232155428589925,
      "min_price": 1.6895076539731093,
      "max_price": 16.283195915179146
    },
    "5-Tier": {
      "n_tiers": 5,
      "avg_price": 9.56627705124808,
      "min_price": 1.6895022517882192,
      "max_price": 16.989679504233997
    },
    "6-Tier": {
      "n_tiers": 6,
      "avg_price": 9.89612278356958,
      "min_price": 1.6895022517880713,
      "max_price": 17.50011456691586
    },
    "7-Tier": {
      "n_tiers": 7,
      "avg_price": 10.127101934796572,
      "min_price": 1.6895022517880447,
      "max_price": 17.503563324189344
    },
    "8-Tier": {
      "n_tiers": 8,
      "avg_price": 9.986475843926039,
      "min_price": 1.689502251787934,
      "max_price": 18.589784876850057
    },
    "9-Tier": {
      "n_tiers": 9,
      "avg_price": 9.839286397772057,
      "min_price": 1.6895022517855174,
      "max_price": 18.596053300457456
    }
  },
  "nash_equilibria": [
    {
      "strategy_A": "7-Tier",
      "strategy_B": "7-Tier",
      "profit_A": 1.46,
      "profit_B": 1.46,
      "total_profit": 2.92
    },
    {
      "strategy_A": "8-Tier",
      "strategy_B": "8-Tier",
      "profit_A": 1.03,
      "profit_B": 1.03,
      "total_profit": 2.06
    },
    {
      "strategy_A": "9-Tier",
      "strategy_B": "9-Tier",
      "profit_A": 1.18,
      "profit_B": 1.18,
      "total_profit": 2.36
    }
  ],
  "welfare": {
    "max_total_welfare": {
      "strategy": [
        "6-Tier",
        "5-Tier"
      ],
      "consumer_surplus": -8.35533262794837,
      "producer_surplus": 1.5633533053987891,
      "total_welfare": -6.79197932254958,
      "efficiency": -0.3197564101921533
    },
    "max_consumer_surplus": {
      "strategy": [
        "Flat",
        "2-Tier"
      ],
      "consumer_surplus": 6.393446281765636,
      "producer_surplus": -13.185425604315217,
      "total_welfare": -6.791979322549581
    },
    "max_producer_surplus": {
      "strategy": [
        "7-Tier",
        "7-Tier"
      ],
      "consumer_surplus": -9.718599085749156,
      "producer_surplus": 2.926619763199571,
      "total_welfare": -6.791979322549585
    }
  }
}