{
  "parameters": {
    "P0": 12.390023846641906,
    "gamma": 0.001,
    "beta": 0.3,
    "alpha": 0.93,
    "s0": 0.35,
    "max_tiers": 9
  },
  "welfare_matrix": {
    "Flat": {
      "Flat": {
        "social_welfare": -20.143839361959756,
        "consumer_surplus": -36.66266443265253,
        "producer_profit": 16.51882507069277,
        "profit_A": 8.26,
        "profit_B": 8.26
      },
      "2-Tier": {
        "social_welfare": -20.143839361959756,
        "consumer_surplus": -26.12461272876174,
        "producer_profit": 5.980773366801982,
        "profit_A": -1.04,
        "profit_B": 7.03
      },
      "3-Tier": {
        "social_welfare": -20.14383936195975,
        "consumer_surplus": -26.580711793993288,
        "producer_profit": 6.436872432033539,
        "profit_A": 1.02,
        "profit_B": 5.41
      },
      "4-Tier": {
        "social_welfare": -20.143839361959756,
        "consumer_surplus": -26.634937762314042,
        "producer_profit": 6.4910984003542875,
        "profit_A": 0.09,
        "profit_B": 6.4
      },
      "5-Tier": {
        "social_welfare": -20.143839361959756,
        "consumer_surplus": -27.20573725282429,
        "producer_profit": 7.061897890864533,
        "profit_A": 0.64,
        "profit_B": 6.42
      },
      "6-Tier": {
        "social_welfare": -20.143839361959756,
        "consumer_surplus": -26.324495031246673,
        "producer_profit": 6.180655669286917,
        "profit_A": -0.11,
        "profit_B": 6.3
      },
      "7-Tier": {
        "social_welfare": -20.143839361959756,
        "consumer_surplus": -26.871144389922954,
        "producer_profit": 6.727305027963198,
        "profit_A": 0.27,
        "profit_B": 6.46
      },
      "8-Tier": {
        "social_welfare": -20.14383936195975,
        "consumer_surplus": -26.702622704621223,
        "producer_profit": 6.558783342661474,
        "profit_A": 0.08,
        "profit_B": 6.48
      },
      "9-Tier": {
        "social_welfare": -20.143839361959753,
        "consumer_surplus": -26.549553021699886,
        "producer_profit": 6.405713659740133,
        "profit_A": 0.16,
        "profit_B": 6.24
      }
    },
    "2-Tier": {
      "Flat": {
        "social_welfare": -20.14383936195976,
        "consumer_surplus": -26.12461272876174,
        "producer_profit": 5.980773366801981,
        "profit_A": 7.03,
        "profit_B": -1.04
      },
      "2-Tier": {
        "social_welfare": -20.143839361959756,
        "consumer_surplus": -31.021492552071333,
        "producer_profit": 10.877653190111577,
        "profit_A": 5.44,
        "profit_B": 5.44
      },
      "3-Tier": {
        "social_welfare": -20.143839361959756,
        "consumer_surplus": -25.802001713753164,
        "producer_profit": 5.6581623517934085,
        "profit_A": 1.57,
        "profit_B": 4.09
      },
      "4-Tier": {
        "social_welfare": -20.143839361959756,
        "consumer_surplus": -26.52547301554263,
        "producer_profit": 6.381633653582875,
        "profit_A": 1.16,
        "profit_B": 5.22
      },
      "5-Tier": {
        "social_welfare": -20.14383936195976,
        "consumer_surplus": -27.004312609520806,
        "producer_profit": 6.860473247561046,
        "profit_A": 1.87,
        "profit_B": 4.99
      },
      "6-Tier": {
        "social_welfare": -20.143839361959756,
        "consumer_surplus": -26.99880353296148,
        "producer_profit": 6.8549641710017255,
        "profit_A": 1.73,
        "profit_B": 5.12
      },
      "7-Tier": {
        "social_welfare": -20.14383936195976,
        "consumer_surplus": -26.64561609824071,
        "producer_profit": 6.5017767362809495,
        "profit_A": 1.3,
        "profit_B": 5.21
      },
      "8-Tier": {
        "social_welfare": -20.143839361959753,
        "consumer_surplus": -26.706160274896988,
        "producer_profit": 6.562320912937235,
        "profit_A": 1.4,
        "profit_B": 5.16
      },
      "9-Tier": {
        "social_welfare": -20.143839361959753,
        "consumer_surplus": -26.825170620077177,
        "producer_profit": 6.6813312581174245,
        "profit_A": 1.58,
        "profit_B": 5.1
      }
    },
    "3-Tier": {
      "Flat": {
        "social_welfare": -20.14383936195975,
        "consumer_surplus": -26.580711793993288,
        "producer_profit": 6.436872432033537,
        "profit_A": 5.41,
        "profit_B": 1.02
      },
      "2-Tier": {
        "social_welfare": -20.14383936195976,
        "consumer_surplus": -25.802001713753167,
        "producer_profit": 5.6581623517934085,
        "profit_A": 4.09,
        "profit_B": 1.57
      },
      "3-Tier": {
        "social_welfare": -20.14383936195975,
        "consumer_surplus": -31.548704628586947,
        "producer_profit": 11.404865266627196,
        "profit_A": 5.7,
        "profit_B": 5.7
      },
      "4-Tier": {
        "social_welfare": -20.143839361959753,
        "consumer_surplus": -28.916233500907403,
        "producer_profit": 8.77239413894765,
        "profit_A": 2.99,
        "profit_B": 5.78
      },
      "5-Tier": {
        "social_welfare": -20.14383936195976,
        "consumer_surplus": -30.169004445799196,
        "producer_profit": 10.025165083839436,
        "profit_A": 4.02,
        "profit_B": 6.01
      },
      "6-Tier": {
        "social_welfare": -20.143839361959756,
        "consumer_surplus": -30.10327470355784,
        "producer_profit": 9.959435341598086,
        "profit_A": 3.72,
        "profit_B": 6.24
      },
      "7-Tier": {
        "social_welfare": -20.14383936195975,
        "consumer_surplus": -29.35868664213123,
        "producer_profit": 9.214847280171478,
        "profit_A": 3.24,
        "profit_B": 5.98
      },
      "8-Tier": {
        "social_welfare": -20.143839361959763,
        "consumer_surplus": -29.862108044404415,
        "producer_profit": 9.718268682444652,
        "profit_A": 3.44,
        "profit_B": 6.27
      },
      "9-Tier": {
        "social_welfare": -20.143839361959756,
        "consumer_surplus": -30.09031543510195,
        "producer_profit": 9.946476073142195,
        "profit_A": 3.73,
        "profit_B": 6.21
      }
    },
    "4-Tier": {
      "Flat": {
        "social_welfare": -20.143839361959756,
        "consumer_surplus": -26.634937762314046,
        "producer_profit": 6.4910984003542875,
        "profit_A": 6.4,
        "profit_B": 0.09
      },
      "2-Tier": {
        "social_welfare": -20.143839361959756,
        "consumer_surplus": -26.52547301554263,
        "producer_profit": 6.381633653582875,
        "profit_A": 5.22,
        "profit_B": 1.16
      },
      "3-Tier": {
        "social_welfare": -20.143839361959753,
        "consumer_surplus": -28.916233500907403,
        "producer_profit": 8.77239413894765,
        "profit_A": 5.78,
        "profit_B": 2.99
      },
      "4-Tier": {
        "social_welfare": -20.14383936195975,
        "consumer_surplus": -30.570810300565654,
        "producer_profit": 10.426970938605907,
        "profit_A": 5.21,
        "profit_B": 5.21
      },
      "5-Tier": {
        "social_welfare": -20.14383936195976,
        "consumer_surplus": -30.281541397677213,
        "producer_profit": 10.137702035717453,
        "profit_A": 5.51,
        "profit_B": 4.62
      },
      "6-Tier": {
        "social_welfare": -20.143839361959756,
        "consumer_surplus": -29.91001175579465,
        "producer_profit": 9.766172393834893,
        "profit_A": 4.89,
        "profit_B": 4.87
      },
      "7-Tier": {
        "social_welfare": -20.14383936195975,
        "consumer_surplus": -30.37168264590386,
        "producer_profit": 10.227843283944111,
        "profit_A": 5.09,
        "profit_B": 5.13
      },
      "8-Tier": {
        "social_welfare": -20.143839361959753,
        "consumer_surplus": -30.354057296387065,
        "producer_profit": 10.210217934427313,
        "profit_A": 5.04,
        "profit_B": 5.17
      },
      "9-Tier": {
        "social_welfare": -20.143839361959753,
        "consumer_surplus": -30.065780967781194,
        "producer_profit": 9.921941605821441,
        "profit_A": 4.97,
        "profit_B": 4.95
      }
    },
    "5-Tier": {
      "Flat": {
        "social_welfare": -20.143839361959756,
        "consumer_surplus": -27.20573725282429,
        "producer_profit": 7.0618978908645325,
        "profit_A": 6.42,
        "profit_B": 0.64
      },
      "2-Tier": {
        "social_welfare": -20.143839361959763,
        "consumer_surplus": -27.00431260952081,
        "producer_profit": 6.860473247561046,
        "profit_A": 4.99,
        "profit_B": 1.87
      },
      "3-Tier": {
        "social_welfare": -20.14383936195976,
        "consumer_surplus": -30.169004445799196,
        "producer_profit": 10.025165083839436,
        "profit_A": 6.01,
        "profit_B": 4.02
      },
      "4-Tier": {
        "social_welfare": -20.143839361959756,
        "consumer_surplus": -30.281541397677213,
        "producer_profit": 10.137702035717455,
        "profit_A": 4.62,
        "profit_B": 5.51
      },
      "5-Tier": {
        "social_welfare": -20.14383936195975,
        "consumer_surplus": -32.19695113787769,
        "producer_profit": 12.053111775917941,
        "profit_A": 6.03,
        "profit_B": 6.03
      },
      "6-Tier": {
        "social_welfare": -20.14383936195976,
        "consumer_surplus": -30.757264891848212,
        "producer_profit": 10.613425529888453,
        "profit_A": 4.94,
        "profit_B": 5.68
      },
      "7-Tier": {
        "social_welfare": -20.143839361959756,
        "consumer_surplus": -31.049043631353005,
        "producer_profit": 10.905204269393248,
        "profit_A": 4.96,
        "profit_B": 5.95
      },
      "8-Tier": {
        "social_welfare": -20.143839361959756,
        "consumer_surplus": -30.879475307469637,
        "producer_profit": 10.735635945509882,
        "profit_A": 4.84,
        "profit_B": 5.89
      },
      "9-Tier": {
        "social_welfare": -20.143839361959756,
        "consumer_surplus": -31.198612876931673,
        "producer_profit": 11.054773514971917,
        "profit_A": 5.09,
        "profit_B": 5.96
      }
    },
    "6-Tier": {
      "Flat": {
        "social_welfare": -20.143839361959756,
        "consumer_surplus": -26.324495031246673,
        "producer_profit": 6.180655669286916,
        "profit_A": 6.3,
        "profit_B": -0.11
      },
      "2-Tier": {
        "social_welfare": -20.143839361959756,
        "consumer_surplus": -26.99880353296148,
        "producer_profit": 6.854964171001726,
        "profit_A": 5.12,
        "profit_B": 1.73
      },
      "3-Tier": {
        "social_welfare": -20.143839361959753,
        "consumer_surplus": -30.10327470355784,
        "producer_profit": 9.959435341598088,
        "profit_A": 6.24,
        "profit_B": 3.72
      },
      "4-Tier": {
        "social_welfare": -20.143839361959756,
        "consumer_surplus": -29.91001175579465,
        "producer_profit": 9.766172393834893,
        "profit_A": 4.87,
        "profit_B": 4.89
      },
      "5-Tier": {
        "social_welfare": -20.14383936195976,
        "consumer_surplus": -30.757264891848212,
        "producer_profit": 10.613425529888453,
        "profit_A": 5.68,
        "profit_B": 4.94
      },
      "6-Tier": {
        "social_welfare": -20.143839361959753,
        "consumer_surplus": -31.05984376199411,
        "producer_profit": 10.916004400034357,
        "profit_A": 5.46,
        "profit_B": 5.46
      },
      "7-Tier": {
        "social_welfare": -20.143839361959753,
        "consumer_surplus": -30.247038186404456,
        "producer_profit": 10.103198824444704,
        "profit_A": 4.94,
        "profit_B": 5.16
      },
      "8-Tier": {
        "social_welfare": -20.143839361959756,
        "consumer_surplus": -30.736377429130624,
        "producer_profit": 10.592538067170867,
        "profit_A": 5.16,
        "profit_B": 5.43
      },
      "9-Tier": {
        "social_welfare": -20.143839361959753,
        "consumer_surplus": -30.866985254165186,
        "producer_profit": 10.723145892205434,
        "profit_A": 5.31,
        "profit_B": 5.41
      }
    },
    "7-Tier": {
      "Flat": {
        "social_welfare": -20.143839361959756,
        "consumer_surplus": -26.871144389922954,
        "producer_profit": 6.727305027963198,
        "profit_A": 6.46,
        "profit_B": 0.27
      },
      "2-Tier": {
        "social_welfare": -20.143839361959756,
        "consumer_surplus": -26.64561609824071,
        "producer_profit": 6.50177673628095,
        "profit_A": 5.21,
        "profit_B": 1.3
      },
      "3-Tier": {
        "social_welfare": -20.143839361959756,
        "consumer_surplus": -29.358686642131236,
        "producer_profit": 9.214847280171478,
        "profit_A": 5.98,
        "profit_B": 3.24
      },
      "4-Tier": {
        "social_welfare": -20.14383936195975,
        "consumer_surplus": -30.37168264590386,
        "producer_profit": 10.227843283944111,
        "profit_A": 5.13,
        "profit_B": 5.09
      },
      "5-Tier": {
        "social_welfare": -20.143839361959756,
        "consumer_surplus": -31.049043631353005,
        "producer_profit": 10.905204269393248,
        "profit_A": 5.95,
        "profit_B": 4.96
      },
      "6-Tier": {
        "social_welfare": -20.143839361959753,
        "consumer_surplus": -30.247038186404456,
        "producer_profit": 10.103198824444704,
        "profit_A": 5.16,
        "profit_B": 4.94
      },
      "7-Tier": {
        "social_welfare": -20.143839361959756,
        "consumer_surplus": -31.143366678570658,
        "producer_profit": 10.9995273166109,
        "profit_A": 5.5,
        "profit_B": 5.5
      },
      "8-Tier": {
        "social_welfare": -20.143839361959753,
        "consumer_surplus": -30.59263316778826,
        "producer_profit": 10.448793805828508,
        "profit_A": 5.21,
        "profit_B": 5.24
      },
      "9-Tier": {
        "social_welfare": -20.143839361959763,
        "consumer_surplus": -30.853577399436332,
        "producer_profit": 10.70973803747657,
        "profit_A": 5.45,
        "profit_B": 5.26
      }
    },
    "8-Tier": {
      "Flat": {
        "social_welfare": -20.143839361959753,
        "consumer_surplus": -26.702622704621227,
        "producer_profit": 6.558783342661474,
        "profit_A": 6.48,
        "profit_B": 0.08
      },
      "2-Tier": {
        "social_welfare": -20.143839361959753,
        "consumer_surplus": -26.706160274896988,
        "producer_profit": 6.562320912937235,
        "profit_A": 5.16,
        "profit_B": 1.4
      },
      "3-Tier": {
        "social_welfare": -20.143839361959756,
        "consumer_surplus": -29.86210804440441,
        "producer_profit": 9.718268682444652,
        "profit_A": 6.27,
        "profit_B": 3.44
      },
      "4-Tier": {
        "social_welfare": -20.143839361959756,
        "consumer_surplus": -30.35405729638707,
        "producer_profit": 10.210217934427313,
        "profit_A": 5.17,
        "profit_B": 5.04
      },
      "5-Tier": {
        "social_welfare": -20.143839361959756,
        "consumer_surplus": -30.879475307469637,
        "producer_profit": 10.735635945509882,
        "profit_A": 5.89,
        "profit_B": 4.84
      },
      "6-Tier": {
        "social_welfare": -20.143839361959756,
        "consumer_surplus": -30.736377429130624,
        "producer_profit": 10.592538067170867,
        "profit_A": 5.43,
        "profit_B": 5.16
      },
      "7-Tier": {
        "social_welfare": -20.143839361959756,
        "consumer_surplus": -30.592633167788264,
        "producer_profit": 10.448793805828508,
        "profit_A": 5.24,
        "profit_B": 5.21
      },
      "8-Tier": {
        "social_welfare": -20.143839361959756,
        "consumer_surplus": -31.01297959799024,
        "producer_profit": 10.869140236030482,
        "profit_A": 5.43,
        "profit_B": 5.43
      },
      "9-Tier": {
        "social_welfare": -20.14383936195975,
        "consumer_surplus": -30.81359761265624,
        "producer_profit": 10.669758250696487,
        "profit_A": 5.43,
        "profit_B": 5.24
      }
    },
    "9-Tier": {
      "Flat": {
        "social_welfare": -20.143839361959756,
        "consumer_surplus": -26.549553021699886,
        "producer_profit": 6.405713659740131,
        "profit_A": 6.24,
        "profit_B": 0.16
      },
      "2-Tier": {
        "social_welfare": -20.143839361959753,
        "consumer_surplus": -26.825170620077177,
        "producer_profit": 6.6813312581174245,
        "profit_A": 5.1,
        "profit_B": 1.58
      },
      "3-Tier": {
        "social_welfare": -20.143839361959756,
        "consumer_surplus": -30.09031543510195,
        "producer_profit": 9.946476073142193,
        "profit_A": 6.21,
        "profit_B": 3.73
      },
      "4-Tier": {
        "social_welfare": -20.143839361959753,
        "consumer_surplus": -30.065780967781194,
        "producer_profit": 9.921941605821441,
        "profit_A": 4.95,
        "profit_B": 4.97
      },
      "5-Tier": {
        "social_welfare": -20.143839361959756,
        "consumer_surplus": -31.198612876931673,
        "producer_profit": 11.054773514971917,
        "profit_A": 5.96,
        "profit_B": 5.09
      },
      "6-Tier": {
        "social_welfare": -20.143839361959753,
        "consumer_surplus": -30.866985254165186,
        "producer_profit": 10.723145892205434,
        "profit_A": 5.41,
        "profit_B": 5.31
      },
      "7-Tier": {
        "social_welfare": -20.143839361959763,
        "consumer_surplus": -30.853577399436332,
        "producer_profit": 10.70973803747657,
        "profit_A": 5.26,
        "profit_B": 5.45
      },
      "8-Tier": {
        "social_welfare": -20.143839361959753,
        "consumer_surplus": -30.81359761265624,
        "producer_profit": 10.669758250696486,
        "profit_A": 5.24,
        "profit_B": 5.43
      },
      "9-Tier": {
        "social_welfare": -20.143839361959756,
        "consumer_surplus": -31.39673472085035,
        "producer_profit": 11.252895358890596,
        "profit_A": 5.63,
        "profit_B": 5.63
      }
    }
  }
}