{
  "parameters": {
    "P0": 10.150813481784969,
    "gamma": 0.001,
    "beta": 0.3,
    "alpha": 3.43,
    "s0": 0.35,
    "max_tiers": 1
  },
  "strategies": {
    "Flat": {
      "n_tiers": 1,
      "avg_price": 8.395663706937384,
      "min_price": 8.395663706937382,
      "max_price": 8.395663706937382
    }
  },
  "nash_equilibria": [
    {
      "strategy_A": "Flat",
      "strategy_B": "Flat",
      "profit_A": 1.13,
      "profit_B": 1.13,
      "total_profit": 2.26
    }
  ],
  "welfare": {
    "max_total_welfare": {
      "strategy": [
        "Flat",
        "Flat"
      ],
      "consumer_surplus": -11.176324622721946,
      "producer_surplus": 2.251581912199585,
      "total_welfare": -8.924742710522361,
      "efficiency": -0.46706004772964144
    },
    "max_consumer_surplus": {
      "strategy": [
        "Flat",
        "Flat"
      ],
      "consumer_surplus": -11.176324622721946,
      "producer_surplus": 2.251581912199585,
      "total_welfare": -8.924742710522361
    },
    "max_producer_surplus": {
      "strategy": [
        "Flat",
        "Flat"
      ],
      "consumer_surplus": -11.176324622721946,
      "producer_surplus": 2.251581912199585,
      "total_welfare": -8.924742710522361
    }
  }
}