,Flat,2-Tier,3-Tier,4-Tier,5-Tier,6-Tier,7-Tier,8-Tier,9-Tier,10-Tier
Flat,"(np.float64(1.28), np.float64(1.28))","(np.float64(-5.81), np.float64(-6.06))","(np.float64(-5.59), np.float64(-0.06))","(np.float64(-5.35), np.float64(0.98))","(np.float64(-5.27), np.float64(1.31))","(np.float64(-5.67), np.float64(1.43))","(np.float64(-5.43), np.float64(1.26))","(np.float64(-5.75), np.float64(1.33))","(np.float64(-5.72), np.float64(1.46))","(np.float64(-5.47), np.float64(1.32))"
2-Tier,"(np.float64(-6.06), np.float64(-5.81))","(np.float64(-2.44), np.float64(-2.44))","(np.float64(-6.5), np.float64(-0.54))","(np.float64(-6.89), np.float64(1.4))","(np.float64(-7.18), np.float64(1.14))","(np.float64(-7.32), np.float64(1.47))","(np.float64(-7.15), np.float64(1.39))","(np.float64(-7.38), np.float64(1.55))","(np.float64(-7.39), np.float64(1.36))","(np.float64(-7.19), np.float64(1.41))"
3-Tier,"(np.float64(-0.06), np.float64(-5.59))","(np.float64(-0.54), np.float64(-6.5))","(np.float64(0.25), np.float64(0.25))","(np.float64(-0.66), np.float64(1.14))","(np.float64(-0.73), np.float64(1.17))","(np.float64(-0.67), np.float64(1.16))","(np.float64(-0.85), np.float64(1.3))","(np.float64(-0.79), np.float64(1.19))","(np.float64(-0.84), np.float64(1.3))","(np.float64(-0.81), np.float64(1.26))"
4-Tier,"(np.float64(0.98), np.float64(-5.35))","(np.float64(1.4), np.float64(-6.89))","(np.float64(1.14), np.float64(-0.66))","(np.float64(1.81), np.float64(1.81))","(np.float64(1.29), np.float64(1.53))","(np.float64(1.05), np.float64(1.64))","(np.float64(1.42), np.float64(1.84))","(np.float64(1.05), np.float64(1.79))","(np.float64(0.98), np.float64(1.7))","(np.float64(1.3), np.float64(1.8))"
5-Tier,"(np.float64(1.31), np.float64(-5.27))","(np.float64(1.14), np.float64(-7.18))","(np.float64(1.17), np.float64(-0.73))","(np.float64(1.53), np.float64(1.29))","(np.float64(1.66), np.float64(1.66))","(np.float64(1.08), np.float64(1.51))","(np.float64(1.43), np.float64(1.63))","(np.float64(0.98), np.float64(1.51))","(np.float64(0.97), np.float64(1.7))","(np.float64(1.43), np.float64(1.69))"
6-Tier,"(np.float64(1.43), np.float64(-5.67))","(np.float64(1.47), np.float64(-7.32))","(np.float64(1.16), np.float64(-0.67))","(np.float64(1.64), np.float64(1.05))","(np.float64(1.51), np.float64(1.08))","(np.float64(1.54), np.float64(1.54))","(np.float64(1.36), np.float64(1.35))","(np.float64(1.32), np.float64(1.52))","(np.float64(1.26), np.float64(1.56))","(np.float64(1.33), np.float64(1.4))"
7-Tier,"(np.float64(1.26), np.float64(-5.43))","(np.float64(1.39), np.float64(-7.15))","(np.float64(1.3), np.float64(-0.85))","(np.float64(1.84), np.float64(1.42))","(np.float64(1.63), np.float64(1.43))","(np.float64(1.35), np.float64(1.36))","(np.float64(1.96), np.float64(1.96))","(np.float64(1.32), np.float64(1.52))","(np.float64(1.47), np.float64(1.76))","(np.float64(1.61), np.float64(1.67))"
8-Tier,"(np.float64(1.33), np.float64(-5.75))","(np.float64(1.55), np.float64(-7.38))","(np.float64(1.19), np.float64(-0.79))","(np.float64(1.79), np.float64(1.05))","(np.float64(1.51), np.float64(0.98))","(np.float64(1.52), np.float64(1.32))","(np.float64(1.52), np.float64(1.32))","(np.float64(1.54), np.float64(1.54))","(np.float64(1.37), np.float64(1.46))","(np.float64(1.49), np.float64(1.29))"
9-Tier,"(np.float64(1.46), np.float64(-5.72))","(np.float64(1.36), np.float64(-7.39))","(np.float64(1.3), np.float64(-0.84))","(np.float64(1.7), np.float64(0.98))","(np.float64(1.7), np.float64(0.97))","(np.float64(1.56), np.float64(1.26))","(np.float64(1.76), np.float64(1.47))","(np.float64(1.46), np.float64(1.37))","(np.float64(1.69), np.float64(1.69))","(np.float64(1.54), np.float64(1.23))"
10-Tier,"(np.float64(1.32), np.float64(-5.47))","(np.float64(1.41), np.float64(-7.19))","(np.float64(1.26), np.float64(-0.81))","(np.float64(1.8), np.float64(1.3))","(np.float64(1.69), np.float64(1.43))","(np.float64(1.4), np.float64(1.33))","(np.float64(1.67), np.float64(1.61))","(np.float64(1.29), np.float64(1.49))","(np.float64(1.23), np.float64(1.54))","(np.float64(1.73), np.float64(1.73))"
