,Flat,2-Tier,3-Tier,4-Tier,5-Tier
Flat,"(np.float64(2.63), np.float64(2.63))","(np.float64(-4.95), np.float64(-3.14))","(np.float64(-4.02), np.float64(1.14))","(np.float64(-3.83), np.float64(2.19))","(np.float64(-3.81), np.float64(2.52))"
2-Tier,"(np.float64(-3.14), np.float64(-4.95))","(np.float64(-0.58), np.float64(-0.58))","(np.float64(-4.59), np.float64(0.82))","(np.float64(-4.67), np.float64(2.43))","(np.float64(-4.94), np.float64(2.21))"
3-Tier,"(np.float64(1.14), np.float64(-4.02))","(np.float64(0.82), np.float64(-4.59))","(np.float64(1.71), np.float64(1.71))","(np.float64(0.79), np.float64(2.39))","(np.float64(0.79), np.float64(2.41))"
4-Tier,"(np.float64(2.19), np.float64(-3.83))","(np.float64(2.43), np.float64(-4.67))","(np.float64(2.39), np.float64(0.79))","(np.float64(3.07), np.float64(3.07))","(np.float64(2.6), np.float64(2.78))"
5-Tier,"(np.float64(2.52), np.float64(-3.81))","(np.float64(2.21), np.float64(-4.94))","(np.float64(2.41), np.float64(0.79))","(np.float64(2.78), np.float64(2.6))","(np.float64(2.98), np.float64(2.98))"
