{
  "parameters": {
    "P0": 10.932032230093702,
    "gamma": 0.001,
    "beta": 0.3,
    "alpha": 1.77,
    "s0": 0.35,
    "max_tiers": 5
  },
  "strategies": {
    "Flat": {
      "n_tiers": 1,
      "avg_price": 9.228010619246016,
      "min_price": 9.228010619246014,
      "max_price": 9.228010619246014
    },
    "2-Tier": {
      "n_tiers": 2,
      "avg_price": 9.491337161948618,
      "min_price": 3.7969307300437363,
      "max_price": 15.25670192945356
    },
    "3-Tier": {
      "n_tiers": 3,
      "avg_price": 10.054827033393883,
      "min_price": 2.691436488886069,
      "max_price": 15.28271691453689
    },
    "4-Tier": {
      "n_tiers": 4,
      "avg_price": 11.260394010105625,
      "min_price": 2.660043360552555,
      "max_price": 17.673294695915224
    },
    "5-Tier": {
      "n_tiers": 5,
      "avg_price": 10.61665435355423,
      "min_price": 2.65792313172654,
      "max_price": 18.210385794584763
    }
  },
  "nash_equilibria": [
    {
      "strategy_A": "Flat",
      "strategy_B": "Flat",
      "profit_A": 2.63,
      "profit_B": 2.63,
      "total_profit": 5.26
    },
    {
      "strategy_A": "4-Tier",
      "strategy_B": "4-Tier",
      "profit_A": 3.07,
      "profit_B": 3.07,
      "total_profit": 6.14
    },
    {
      "strategy_A": "5-Tier",
      "strategy_B": "5-Tier",
      "profit_A": 2.98,
      "profit_B": 2.98,
      "total_profit": 5.96
    }
  ],
  "welfare": {
    "max_total_welfare": {
      "strategy": [
        "4-Tier",
        "2-Tier"
      ],
      "consumer_surplus": -12.513070322842749,
      "producer_surplus": -2.246211915228473,
      "total_welfare": -14.759282238071222,
      "efficiency": -1.111910717304504
    },
    "max_consumer_surplus": {
      "strategy": [
        "Flat",
        "2-Tier"
      ],
      "consumer_surplus": -6.671397623732687,
      "producer_surplus": -8.08788461433854,
      "total_welfare": -14.759282238071226
    },
    "max_producer_surplus": {
      "strategy": [
        "4-Tier",
        "4-Tier"
      ],
      "consumer_surplus": -20.908142451472788,
      "producer_surplus": 6.148860213401565,
      "total_welfare": -14.759282238071222
    }
  }
}