,Flat,2-Tier,3-Tier,4-Tier,5-Tier,6-Tier
Flat,"(np.float64(3.24), np.float64(3.24))","(np.float64(-4.56), np.float64(-1.82))","(np.float64(-3.31), np.float64(1.49))","(np.float64(-3.28), np.float64(2.64))","(np.float64(-3.28), np.float64(2.95))","(np.float64(-3.59), np.float64(2.91))"
2-Tier,"(np.float64(-1.82), np.float64(-4.56))","(np.float64(0.18), np.float64(0.18))","(np.float64(-3.86), np.float64(1.28))","(np.float64(-3.94), np.float64(2.77))","(np.float64(-4.12), np.float64(2.57))","(np.float64(-4.31), np.float64(2.73))"
3-Tier,"(np.float64(1.49), np.float64(-3.31))","(np.float64(1.28), np.float64(-3.86))","(np.float64(2.3), np.float64(2.3))","(np.float64(1.04), np.float64(2.92))","(np.float64(1.26), np.float64(2.89))","(np.float64(1.12), np.float64(2.97))"
4-Tier,"(np.float64(2.64), np.float64(-3.28))","(np.float64(2.77), np.float64(-3.94))","(np.float64(2.92), np.float64(1.04))","(np.float64(3.34), np.float64(3.34))","(np.float64(2.97), np.float64(3.0))","(np.float64(2.51), np.float64(3.05))"
5-Tier,"(np.float64(2.95), np.float64(-3.28))","(np.float64(2.57), np.float64(-4.12))","(np.float64(2.89), np.float64(1.26))","(np.float64(3.0), np.float64(2.97))","(np.float64(3.4), np.float64(3.4))","(np.float64(2.54), np.float64(3.09))"
6-Tier,"(np.float64(2.91), np.float64(-3.59))","(np.float64(2.73), np.float64(-4.31))","(np.float64(2.97), np.float64(1.12))","(np.float64(3.05), np.float64(2.51))","(np.float64(3.09), np.float64(2.54))","(np.float64(2.98), np.float64(2.98))"
