,Flat,2-Tier,3-Tier,4-Tier,5-Tier,6-Tier,7-Tier,8-Tier,9-Tier,10-Tier
Flat,"(np.float64(1.13), np.float64(1.13))","(np.float64(-5.91), np.float64(-6.39))","(np.float64(-5.79), np.float64(-0.19))","(np.float64(-5.55), np.float64(0.84))","(np.float64(-5.46), np.float64(1.17))","(np.float64(-5.87), np.float64(1.29))","(np.float64(-5.62), np.float64(1.12))","(np.float64(-5.94), np.float64(1.19))","(np.float64(-5.92), np.float64(1.32))","(np.float64(-5.66), np.float64(1.18))"
2-Tier,"(np.float64(-6.39), np.float64(-5.91))","(np.float64(-2.65), np.float64(-2.65))","(np.float64(-6.72), np.float64(-0.71))","(np.float64(-7.15), np.float64(1.27))","(np.float64(-7.45), np.float64(1.02))","(np.float64(-7.58), np.float64(1.34))","(np.float64(-7.42), np.float64(1.27))","(np.float64(-7.64), np.float64(1.42))","(np.float64(-7.65), np.float64(1.23))","(np.float64(-7.46), np.float64(1.27))"
3-Tier,"(np.float64(-0.19), np.float64(-5.79))","(np.float64(-0.71), np.float64(-6.72))","(np.float64(0.09), np.float64(0.09))","(np.float64(-0.85), np.float64(1.0))","(np.float64(-0.92), np.float64(1.04))","(np.float64(-0.86), np.float64(1.02))","(np.float64(-1.05), np.float64(1.18))","(np.float64(-0.98), np.float64(1.05))","(np.float64(-1.04), np.float64(1.18))","(np.float64(-1.01), np.float64(1.13))"
4-Tier,"(np.float64(0.84), np.float64(-5.55))","(np.float64(1.27), np.float64(-7.15))","(np.float64(1.0), np.float64(-0.85))","(np.float64(1.65), np.float64(1.65))","(np.float64(1.12), np.float64(1.38))","(np.float64(0.9), np.float64(1.46))","(np.float64(1.25), np.float64(1.69))","(np.float64(0.9), np.float64(1.61))","(np.float64(0.82), np.float64(1.53))","(np.float64(1.13), np.float64(1.63))"
5-Tier,"(np.float64(1.17), np.float64(-5.46))","(np.float64(1.02), np.float64(-7.45))","(np.float64(1.04), np.float64(-0.92))","(np.float64(1.38), np.float64(1.12))","(np.float64(1.5), np.float64(1.5))","(np.float64(0.93), np.float64(1.33))","(np.float64(1.26), np.float64(1.48))","(np.float64(0.83), np.float64(1.33))","(np.float64(0.8), np.float64(1.54))","(np.float64(1.26), np.float64(1.54))"
6-Tier,"(np.float64(1.29), np.float64(-5.87))","(np.float64(1.34), np.float64(-7.58))","(np.float64(1.02), np.float64(-0.86))","(np.float64(1.46), np.float64(0.9))","(np.float64(1.33), np.float64(0.93))","(np.float64(1.38), np.float64(1.38))","(np.float64(1.17), np.float64(1.21))","(np.float64(1.16), np.float64(1.35))","(np.float64(1.09), np.float64(1.41))","(np.float64(1.15), np.float64(1.24))"
7-Tier,"(np.float64(1.12), np.float64(-5.62))","(np.float64(1.27), np.float64(-7.42))","(np.float64(1.18), np.float64(-1.05))","(np.float64(1.69), np.float64(1.25))","(np.float64(1.48), np.float64(1.26))","(np.float64(1.21), np.float64(1.17))","(np.float64(1.8), np.float64(1.8))","(np.float64(1.17), np.float64(1.33))","(np.float64(1.32), np.float64(1.59))","(np.float64(1.45), np.float64(1.49))"
8-Tier,"(np.float64(1.19), np.float64(-5.94))","(np.float64(1.42), np.float64(-7.64))","(np.float64(1.05), np.float64(-0.98))","(np.float64(1.61), np.float64(0.9))","(np.float64(1.33), np.float64(0.83))","(np.float64(1.35), np.float64(1.16))","(np.float64(1.33), np.float64(1.17))","(np.float64(1.38), np.float64(1.38))","(np.float64(1.19), np.float64(1.31))","(np.float64(1.3), np.float64(1.12))"
9-Tier,"(np.float64(1.32), np.float64(-5.92))","(np.float64(1.23), np.float64(-7.65))","(np.float64(1.18), np.float64(-1.04))","(np.float64(1.53), np.float64(0.82))","(np.float64(1.54), np.float64(0.8))","(np.float64(1.41), np.float64(1.09))","(np.float64(1.59), np.float64(1.32))","(np.float64(1.31), np.float64(1.19))","(np.float64(1.52), np.float64(1.52))","(np.float64(1.37), np.float64(1.06))"
10-Tier,"(np.float64(1.18), np.float64(-5.66))","(np.float64(1.27), np.float64(-7.46))","(np.float64(1.13), np.float64(-1.01))","(np.float64(1.63), np.float64(1.13))","(np.float64(1.54), np.float64(1.26))","(np.float64(1.24), np.float64(1.15))","(np.float64(1.49), np.float64(1.45))","(np.float64(1.12), np.float64(1.3))","(np.float64(1.06), np.float64(1.37))","(np.float64(1.55), np.float64(1.55))"
