{
  "parameters": {
    "P0": 10.932032230093702,
    "gamma": 0.001,
    "beta": 0.3,
    "alpha": 1.77,
    "s0": 0.35,
    "max_tiers": 3
  },
  "strategies": {
    "Flat": {
      "n_tiers": 1,
      "avg_price": 9.228010619246016,
      "min_price": 9.228010619246014,
      "max_price": 9.228010619246014
    },
    "2-Tier": {
      "n_tiers": 2,
      "avg_price": 9.491337161948618,
      "min_price": 3.7969307300437363,
      "max_price": 15.25670192945356
    },
    "3-Tier": {
      "n_tiers": 3,
      "avg_price": 10.054827033393883,
      "min_price": 2.691436488886069,
      "max_price": 15.28271691453689
    }
  },
  "nash_equilibria": [
    {
      "strategy_A": "Flat",
      "strategy_B": "Flat",
      "profit_A": 2.63,
      "profit_B": 2.63,
      "total_profit": 5.26
    },
    {
      "strategy_A": "3-Tier",
      "strategy_B": "3-Tier",
      "profit_A": 1.71,
      "profit_B": 1.71,
      "total_profit": 3.42
    }
  ],
  "welfare": {
    "max_total_welfare": {
      "strategy": [
        "2-Tier",
        "2-Tier"
      ],
      "consumer_surplus": -13.605774896448027,
      "producer_surplus": -1.153507341623197,
      "total_welfare": -14.759282238071224,
      "efficiency": -1.1119107173045042
    },
    "max_consumer_surplus": {
      "strategy": [
        "Flat",
        "2-Tier"
      ],
      "consumer_surplus": -6.671397623732687,
      "producer_surplus": -8.08788461433854,
      "total_welfare": -14.759282238071226
    },
    "max_producer_surplus": {
      "strategy": [
        "Flat",
        "Flat"
      ],
      "consumer_surplus": -20.0132888414218,
      "producer_surplus": 5.254006603350574,
      "total_welfare": -14.759282238071226
    }
  }
}