{
  "parameters": {
    "P0": 20.617262254306773,
    "gamma": 0.001,
    "beta": 0.3,
    "alpha": 1.77,
    "s0": 0.05,
    "max_tiers": 3
  },
  "strategies": {
    "Flat": {
      "n_tiers": 1,
      "avg_price": 18.9609930772649,
      "min_price": 18.960993077264895,
      "max_price": 18.960993077264895
    },
    "2-Tier": {
      "n_tiers": 2,
      "avg_price": 18.660661490300154,
      "min_price": 12.458067161403727,
      "max_price": 24.940546714260705
    },
    "3-Tier": {
      "n_tiers": 3,
      "avg_price": 19.599077417878632,
      "min_price": 12.344234939142407,
      "max_price": 24.940557517957103
    }
  },
  "nash_equilibria": [
    {
      "strategy_A": "Flat",
      "strategy_B": "Flat",
      "profit_A": 20.18,
      "profit_B": 20.18,
      "total_profit": 40.36
    },
    {
      "strategy_A": "2-Tier",
      "strategy_B": "2-Tier",
      "profit_A": 15.63,
      "profit_B": 15.63,
      "total_profit": 31.26
    },
    {
      "strategy_A": "3-Tier",
      "strategy_B": "3-Tier",
      "profit_A": 18.93,
      "profit_B": 18.93,
      "total_profit": 37.86
    }
  ],
  "welfare": {
    "max_total_welfare": {
      "strategy": [
        "Flat",
        "2-Tier"
      ],
      "consumer_surplus": -27.38608870476847,
      "producer_surplus": 24.386726206110044,
      "total_welfare": -2.9993624986584244,
      "efficiency": -0.11981288998884256
    },
    "max_consumer_surplus": {
      "strategy": [
        "Flat",
        "2-Tier"
      ],
      "consumer_surplus": -27.38608870476847,
      "producer_surplus": 24.386726206110044,
      "total_welfare": -2.9993624986584244
    },
    "max_producer_surplus": {
      "strategy": [
        "Flat",
        "Flat"
      ],
      "consumer_surplus": -43.36198357315842,
      "producer_surplus": 40.36262107449999,
      "total_welfare": -2.999362498658428
    }
  }
}