{
  "parameters": {
    "P0": 20.617262254306773,
    "gamma": 0.001,
    "beta": 0.3,
    "alpha": 1.77,
    "s0": 0.05,
    "max_tiers": 3
  },
  "welfare_matrix": {
    "Flat": {
      "Flat": {
        "social_welfare": -2.999362498658428,
        "consumer_surplus": -43.36198357315842,
        "producer_profit": 40.36262107449999,
        "profit_A": 20.18,
        "profit_B": 20.18
      },
      "2-Tier": {
        "social_welfare": -2.9993624986584244,
        "consumer_surplus": -27.38608870476847,
        "producer_profit": 24.386726206110044,
        "profit_A": 6.24,
        "profit_B": 18.14
      },
      "3-Tier": {
        "social_welfare": -2.999362498658435,
        "consumer_surplus": -35.106403681487485,
        "producer_profit": 32.10704118282905,
        "profit_A": 14.35,
        "profit_B": 17.76
      }
    },
    "2-Tier": {
      "Flat": {
        "social_welfare": -2.9993624986584244,
        "consumer_surplus": -27.38608870476847,
        "producer_profit": 24.386726206110044,
        "profit_A": 18.14,
        "profit_B": 6.24
      },
      "2-Tier": {
        "social_welfare": -2.9993624986584315,
        "consumer_surplus": -34.26465636638909,
        "producer_profit": 31.26529386773066,
        "profit_A": 15.63,
        "profit_B": 15.63
      },
      "3-Tier": {
        "social_welfare": -2.9993624986584244,
        "consumer_surplus": -32.71775179974502,
        "producer_profit": 29.718389301086592,
        "profit_A": 15.6,
        "profit_B": 14.12
      }
    },
    "3-Tier": {
      "Flat": {
        "social_welfare": -2.999362498658428,
        "consumer_surplus": -35.10640368148748,
        "producer_profit": 32.10704118282905,
        "profit_A": 17.76,
        "profit_B": 14.35
      },
      "2-Tier": {
        "social_welfare": -2.9993624986584244,
        "consumer_surplus": -32.71775179974502,
        "producer_profit": 29.718389301086592,
        "profit_A": 14.12,
        "profit_B": 15.6
      },
      "3-Tier": {
        "social_welfare": -2.999362498658428,
        "consumer_surplus": -40.867364114394576,
        "producer_profit": 37.86800161573615,
        "profit_A": 18.93,
        "profit_B": 18.93
      }
    }
  }
}