,Flat,2-Tier,3-Tier,4-Tier
Flat,"(np.float64(0.83), np.float64(0.83))","(np.float64(-6.1), np.float64(-6.98))","(np.float64(-6.18), np.float64(-0.42))","(np.float64(-5.92), np.float64(0.6))"
2-Tier,"(np.float64(-6.98), np.float64(-6.1))","(np.float64(-3.04), np.float64(-3.04))","(np.float64(-7.11), np.float64(-1.02))","(np.float64(-7.64), np.float64(1.04))"
3-Tier,"(np.float64(-0.42), np.float64(-6.18))","(np.float64(-1.02), np.float64(-7.11))","(np.float64(-0.22), np.float64(-0.22))","(np.float64(-1.2), np.float64(0.75))"
4-Tier,"(np.float64(0.6), np.float64(-5.92))","(np.float64(1.04), np.float64(-7.64))","(np.float64(0.75), np.float64(-1.2))","(np.float64(1.35), np.float64(1.35))"
