{
  "parameters": {
    "P0": 9.986947333117406,
    "gamma": 0.001,
    "beta": 0.3,
    "alpha": 4.27,
    "s0": 0.35,
    "max_tiers": 4
  },
  "strategies": {
    "Flat": {
      "n_tiers": 1,
      "avg_price": 8.233960531198687,
      "min_price": 8.233960531198685,
      "max_price": 8.233960531198685
    },
    "2-Tier": {
      "n_tiers": 2,
      "avg_price": 8.234507696601325,
      "min_price": 2.2337110542223195,
      "max_price": 14.310080621128353
    },
    "3-Tier": {
      "n_tiers": 3,
      "avg_price": 8.981119805434602,
      "min_price": 1.717048784003223,
      "max_price": 14.310242768535455
    },
    "4-Tier": {
      "n_tiers": 4,
      "avg_price": 10.257600334865845,
      "min_price": 1.71367613638855,
      "max_price": 16.314626908684286
    }
  },
  "nash_equilibria": [
    {
      "strategy_A": "Flat",
      "strategy_B": "Flat",
      "profit_A": 0.83,
      "profit_B": 0.83,
      "total_profit": 1.66
    },
    {
      "strategy_A": "4-Tier",
      "strategy_B": "4-Tier",
      "profit_A": 1.35,
      "profit_B": 1.35,
      "total_profit": 2.7
    }
  ],
  "welfare": {
    "max_total_welfare": {
      "strategy": [
        "Flat",
        "2-Tier"
      ],
      "consumer_surplus": 5.982788641740646,
      "producer_surplus": -13.072976545189107,
      "total_welfare": -7.090187903448461,
      "efficiency": -0.3385485909768922
    },
    "max_consumer_surplus": {
      "strategy": [
        "Flat",
        "2-Tier"
      ],
      "consumer_surplus": 5.982788641740646,
      "producer_surplus": -13.072976545189107,
      "total_welfare": -7.090187903448461
    },
    "max_producer_surplus": {
      "strategy": [
        "4-Tier",
        "4-Tier"
      ],
      "consumer_surplus": -9.783273930174596,
      "producer_surplus": 2.693086026726133,
      "total_welfare": -7.090187903448463
    }
  }
}