{
  "parameters": {
    "P0": 9.916808957115391,
    "gamma": 0.001,
    "beta": 0.3,
    "alpha": 4.77,
    "s0": 0.35,
    "max_tiers": 10
  },
  "welfare_matrix": {
    "Flat": {
      "Flat": {
        "social_welfare": -6.2025014364275215,
        "consumer_surplus": -7.621773797841411,
        "producer_profit": 1.4192723614138893,
        "profit_A": 0.71,
        "profit_B": 0.71
      },
      "2-Tier": {
        "social_welfare": -6.202501436427521,
        "consumer_surplus": 7.195746404897204,
        "producer_profit": -13.398247841324725,
        "profit_A": -6.18,
        "profit_B": -7.22
      },
      "3-Tier": {
        "social_welfare": -6.202501436427518,
        "consumer_surplus": 0.6663688236101668,
        "producer_profit": -6.868870260037685,
        "profit_A": -6.35,
        "profit_B": -0.51
      },
      "4-Tier": {
        "social_welfare": -6.20250143642752,
        "consumer_surplus": -0.6123580976751968,
        "producer_profit": -5.5901433387523225,
        "profit_A": -6.09,
        "profit_B": 0.5
      },
      "5-Tier": {
        "social_welfare": -6.202501436427521,
        "consumer_surplus": -1.0292371524623658,
        "producer_profit": -5.173264283965155,
        "profit_A": -5.98,
        "profit_B": 0.8
      },
      "6-Tier": {
        "social_welfare": -6.202501436427522,
        "consumer_surplus": -0.7408144681099438,
        "producer_profit": -5.461686968317578,
        "profit_A": -6.4,
        "profit_B": 0.94
      },
      "7-Tier": {
        "social_welfare": -6.2025014364275215,
        "consumer_surplus": -0.8307227946150567,
        "producer_profit": -5.3717786418124644,
        "profit_A": -6.13,
        "profit_B": 0.76
      },
      "8-Tier": {
        "social_welfare": -6.2025014364275215,
        "consumer_surplus": -0.5689649313398839,
        "producer_profit": -5.633536505087638,
        "profit_A": -6.46,
        "profit_B": 0.83
      },
      "9-Tier": {
        "social_welfare": -6.202501436427521,
        "consumer_surplus": -0.7389708037538714,
        "producer_profit": -5.463530632673649,
        "profit_A": -6.43,
        "profit_B": 0.96
      },
      "10-Tier": {
        "social_welfare": -6.20250143642752,
        "consumer_surplus": -0.8505982980239697,
        "producer_profit": -5.35190313840355,
        "profit_A": -6.17,
        "profit_B": 0.81
      }
    },
    "2-Tier": {
      "Flat": {
        "social_welfare": -6.202501436427521,
        "consumer_surplus": 7.195746404897204,
        "producer_profit": -13.398247841324725,
        "profit_A": -7.22,
        "profit_B": -6.18
      },
      "2-Tier": {
        "social_welfare": -6.20250143642752,
        "consumer_surplus": 0.20698278805417558,
        "producer_profit": -6.409484224481695,
        "profit_A": -3.2,
        "profit_B": -3.2
      },
      "3-Tier": {
        "social_welfare": -6.2025014364275215,
        "consumer_surplus": 2.2353869368091566,
        "producer_profit": -8.437888373236678,
        "profit_A": -7.28,
        "profit_B": -1.16
      },
      "4-Tier": {
        "social_welfare": -6.2025014364275215,
        "consumer_surplus": 0.6906511541153817,
        "producer_profit": -6.893152590542903,
        "profit_A": -7.84,
        "profit_B": 0.95
      },
      "5-Tier": {
        "social_welfare": -6.202501436427517,
        "consumer_surplus": 1.249954226067189,
        "producer_profit": -7.452455662494706,
        "profit_A": -8.14,
        "profit_B": 0.68
      },
      "6-Tier": {
        "social_welfare": -6.202501436427519,
        "consumer_surplus": 1.061485233345883,
        "producer_profit": -7.263986669773402,
        "profit_A": -8.25,
        "profit_B": 0.99
      },
      "7-Tier": {
        "social_welfare": -6.2025014364275215,
        "consumer_surplus": 0.9672784100107692,
        "producer_profit": -7.169779846438291,
        "profit_A": -8.13,
        "profit_B": 0.96
      },
      "8-Tier": {
        "social_welfare": -6.202501436427518,
        "consumer_surplus": 1.0444235495639869,
        "producer_profit": -7.246924985991505,
        "profit_A": -8.33,
        "profit_B": 1.08
      },
      "9-Tier": {
        "social_welfare": -6.202501436427519,
        "consumer_surplus": 1.2446630110352739,
        "producer_profit": -7.447164447462793,
        "profit_A": -8.33,
        "profit_B": 0.88
      },
      "10-Tier": {
        "social_welfare": -6.20250143642752,
        "consumer_surplus": 1.0191909152943384,
        "producer_profit": -7.221692351721858,
        "profit_A": -8.16,
        "profit_B": 0.94
      }
    },
    "3-Tier": {
      "Flat": {
        "social_welfare": -6.202501436427516,
        "consumer_surplus": 0.666368823610169,
        "producer_profit": -6.868870260037685,
        "profit_A": -0.51,
        "profit_B": -6.35
      },
      "2-Tier": {
        "social_welfare": -6.2025014364275215,
        "consumer_surplus": 2.2353869368091566,
        "producer_profit": -8.437888373236678,
        "profit_A": -1.16,
        "profit_B": -7.28
      },
      "3-Tier": {
        "social_welfare": -6.202501436427521,
        "consumer_surplus": -5.508395432940257,
        "producer_profit": -0.6941060034872635,
        "profit_A": -0.35,
        "profit_B": -0.35
      },
      "4-Tier": {
        "social_welfare": -6.202501436427521,
        "consumer_surplus": -5.497036424187339,
        "producer_profit": -0.7054650122401815,
        "profit_A": -1.35,
        "profit_B": 0.64
      },
      "5-Tier": {
        "social_welfare": -6.20250143642752,
        "consumer_surplus": -5.446344648079058,
        "producer_profit": -0.7561567883484619,
        "profit_A": -1.44,
        "profit_B": 0.68
      },
      "6-Tier": {
        "social_welfare": -6.2025014364275215,
        "consumer_surplus": -5.504079367582364,
        "producer_profit": -0.6984220688451575,
        "profit_A": -1.35,
        "profit_B": 0.66
      },
      "7-Tier": {
        "social_welfare": -6.20250143642752,
        "consumer_surplus": -5.466178335916094,
        "producer_profit": -0.7363231005114252,
        "profit_A": -1.6,
        "profit_B": 0.87
      },
      "8-Tier": {
        "social_welfare": -6.20250143642752,
        "consumer_surplus": -5.403906887299289,
        "producer_profit": -0.7985945491282302,
        "profit_A": -1.49,
        "profit_B": 0.69
      },
      "9-Tier": {
        "social_welfare": -6.20250143642752,
        "consumer_surplus": -5.4717712530946425,
        "producer_profit": -0.7307301833328769,
        "profit_A": -1.59,
        "profit_B": 0.86
      },
      "10-Tier": {
        "social_welfare": -6.202501436427518,
        "consumer_surplus": -5.449078224166117,
        "producer_profit": -0.7534232122614007,
        "profit_A": -1.55,
        "profit_B": 0.8
      }
    },
    "4-Tier": {
      "Flat": {
        "social_welfare": -6.202501436427519,
        "consumer_surplus": -0.6123580976751966,
        "producer_profit": -5.5901433387523225,
        "profit_A": 0.5,
        "profit_B": -6.09
      },
      "2-Tier": {
        "social_welfare": -6.202501436427519,
        "consumer_surplus": 0.6906511541153817,
        "producer_profit": -6.8931525905429005,
        "profit_A": 0.95,
        "profit_B": -7.84
      },
      "3-Tier": {
        "social_welfare": -6.202501436427519,
        "consumer_surplus": -5.497036424187337,
        "producer_profit": -0.7054650122401813,
        "profit_A": 0.64,
        "profit_B": -1.35
      },
      "4-Tier": {
        "social_welfare": -6.20250143642752,
        "consumer_surplus": -8.637291392707645,
        "producer_profit": 2.434789956280125,
        "profit_A": 1.22,
        "profit_B": 1.22
      },
      "5-Tier": {
        "social_welfare": -6.20250143642752,
        "consumer_surplus": -7.830205586804147,
        "producer_profit": 1.6277041503766267,
        "profit_A": 0.66,
        "profit_B": 0.97
      },
      "6-Tier": {
        "social_welfare": -6.2025014364275215,
        "consumer_surplus": -7.705871126033082,
        "producer_profit": 1.5033696896055606,
        "profit_A": 0.52,
        "profit_B": 0.99
      },
      "7-Tier": {
        "social_welfare": -6.2025014364275215,
        "consumer_surplus": -8.279463395662614,
        "producer_profit": 2.0769619592350916,
        "profit_A": 0.78,
        "profit_B": 1.3
      },
      "8-Tier": {
        "social_welfare": -6.2025014364275215,
        "consumer_surplus": -7.844608173217131,
        "producer_profit": 1.6421067367896094,
        "profit_A": 0.51,
        "profit_B": 1.13
      },
      "9-Tier": {
        "social_welfare": -6.20250143642752,
        "consumer_surplus": -7.68456785771022,
        "producer_profit": 1.4820664212827004,
        "profit_A": 0.39,
        "profit_B": 1.09
      },
      "10-Tier": {
        "social_welfare": -6.202501436427523,
        "consumer_surplus": -8.068380005350242,
        "producer_profit": 1.865878568922719,
        "profit_A": 0.66,
        "profit_B": 1.21
      }
    },
    "5-Tier": {
      "Flat": {
        "social_welfare": -6.202501436427521,
        "consumer_surplus": -1.0292371524623658,
        "producer_profit": -5.173264283965155,
        "profit_A": 0.8,
        "profit_B": -5.98
      },
      "2-Tier": {
        "social_welfare": -6.202501436427518,
        "consumer_surplus": 1.2499542260671876,
        "producer_profit": -7.452455662494706,
        "profit_A": 0.68,
        "profit_B": -8.14
      },
      "3-Tier": {
        "social_welfare": -6.202501436427521,
        "consumer_surplus": -5.446344648079059,
        "producer_profit": -0.756156788348462,
        "profit_A": 0.68,
        "profit_B": -1.44
      },
      "4-Tier": {
        "social_welfare": -6.20250143642752,
        "consumer_surplus": -7.830205586804146,
        "producer_profit": 1.6277041503766265,
        "profit_A": 0.97,
        "profit_B": 0.66
      },
      "5-Tier": {
        "social_welfare": -6.202501436427518,
        "consumer_surplus": -8.338823671767331,
        "producer_profit": 2.1363222353398132,
        "profit_A": 1.07,
        "profit_B": 1.07
      },
      "6-Tier": {
        "social_welfare": -6.202501436427521,
        "consumer_surplus": -7.595264322179382,
        "producer_profit": 1.3927628857518615,
        "profit_A": 0.54,
        "profit_B": 0.85
      },
      "7-Tier": {
        "social_welfare": -6.202501436427521,
        "consumer_surplus": -8.07175241643522,
        "producer_profit": 1.8692509800077,
        "profit_A": 0.79,
        "profit_B": 1.08
      },
      "8-Tier": {
        "social_welfare": -6.202501436427521,
        "consumer_surplus": -7.486162896354187,
        "producer_profit": 1.283661459926666,
        "profit_A": 0.45,
        "profit_B": 0.84
      },
      "9-Tier": {
        "social_welfare": -6.202501436427518,
        "consumer_surplus": -7.666597727280886,
        "producer_profit": 1.4640962908533672,
        "profit_A": 0.37,
        "profit_B": 1.1
      },
      "10-Tier": {
        "social_welfare": -6.2025014364275215,
        "consumer_surplus": -8.141399440765733,
        "producer_profit": 1.9388980043382111,
        "profit_A": 0.81,
        "profit_B": 1.13
      }
    },
    "6-Tier": {
      "Flat": {
        "social_welfare": -6.202501436427521,
        "consumer_surplus": -0.7408144681099424,
        "producer_profit": -5.461686968317578,
        "profit_A": 0.94,
        "profit_B": -6.4
      },
      "2-Tier": {
        "social_welfare": -6.202501436427519,
        "consumer_surplus": 1.0614852333458848,
        "producer_profit": -7.263986669773404,
        "profit_A": 0.99,
        "profit_B": -8.25
      },
      "3-Tier": {
        "social_welfare": -6.2025014364275215,
        "consumer_surplus": -5.504079367582364,
        "producer_profit": -0.6984220688451575,
        "profit_A": 0.66,
        "profit_B": -1.35
      },
      "4-Tier": {
        "social_welfare": -6.2025014364275215,
        "consumer_surplus": -7.705871126033082,
        "producer_profit": 1.5033696896055606,
        "profit_A": 0.99,
        "profit_B": 0.52
      },
      "5-Tier": {
        "social_welfare": -6.202501436427521,
        "consumer_surplus": -7.595264322179382,
        "producer_profit": 1.3927628857518615,
        "profit_A": 0.85,
        "profit_B": 0.54
      },
      "6-Tier": {
        "social_welfare": -6.20250143642752,
        "consumer_surplus": -8.098674435854342,
        "producer_profit": 1.8961729994268222,
        "profit_A": 0.95,
        "profit_B": 0.95
      },
      "7-Tier": {
        "social_welfare": -6.202501436427522,
        "consumer_surplus": -7.725438385615056,
        "producer_profit": 1.5229369491875335,
        "profit_A": 0.66,
        "profit_B": 0.86
      },
      "8-Tier": {
        "social_welfare": -6.2025014364275215,
        "consumer_surplus": -7.849679220030478,
        "producer_profit": 1.6471777836029569,
        "profit_A": 0.73,
        "profit_B": 0.92
      },
      "9-Tier": {
        "social_welfare": -6.2025014364275215,
        "consumer_surplus": -7.837872808708637,
        "producer_profit": 1.6353713722811158,
        "profit_A": 0.62,
        "profit_B": 1.01
      },
      "10-Tier": {
        "social_welfare": -6.202501436427518,
        "consumer_surplus": -7.709296133322397,
        "producer_profit": 1.5067946968948784,
        "profit_A": 0.67,
        "profit_B": 0.84
      }
    },
    "7-Tier": {
      "Flat": {
        "social_welfare": -6.2025014364275215,
        "consumer_surplus": -0.830722794615057,
        "producer_profit": -5.3717786418124644,
        "profit_A": 0.76,
        "profit_B": -6.13
      },
      "2-Tier": {
        "social_welfare": -6.20250143642752,
        "consumer_surplus": 0.9672784100107692,
        "producer_profit": -7.1697798464382885,
        "profit_A": 0.96,
        "profit_B": -8.13
      },
      "3-Tier": {
        "social_welfare": -6.20250143642752,
        "consumer_surplus": -5.466178335916094,
        "producer_profit": -0.7363231005114255,
        "profit_A": 0.87,
        "profit_B": -1.6
      },
      "4-Tier": {
        "social_welfare": -6.2025014364275215,
        "consumer_surplus": -8.279463395662614,
        "producer_profit": 2.076961959235092,
        "profit_A": 1.3,
        "profit_B": 0.78
      },
      "5-Tier": {
        "social_welfare": -6.202501436427519,
        "consumer_surplus": -8.071752416435219,
        "producer_profit": 1.8692509800077,
        "profit_A": 1.08,
        "profit_B": 0.79
      },
      "6-Tier": {
        "social_welfare": -6.202501436427521,
        "consumer_surplus": -7.725438385615054,
        "producer_profit": 1.5229369491875333,
        "profit_A": 0.86,
        "profit_B": 0.66
      },
      "7-Tier": {
        "social_welfare": -6.20250143642752,
        "consumer_surplus": -8.963690117048616,
        "producer_profit": 2.7611886806210957,
        "profit_A": 1.38,
        "profit_B": 1.38
      },
      "8-Tier": {
        "social_welfare": -6.20250143642752,
        "consumer_surplus": -7.84695065443967,
        "producer_profit": 1.64444921801215,
        "profit_A": 0.82,
        "profit_B": 0.83
      },
      "9-Tier": {
        "social_welfare": -6.202501436427521,
        "consumer_surplus": -8.259389713569842,
        "producer_profit": 2.0568882771423214,
        "profit_A": 0.93,
        "profit_B": 1.12
      },
      "10-Tier": {
        "social_welfare": -6.20250143642752,
        "consumer_surplus": -8.266033670746692,
        "producer_profit": 2.063532234319173,
        "profit_A": 1.03,
        "profit_B": 1.03
      }
    },
    "8-Tier": {
      "Flat": {
        "social_welfare": -6.20250143642752,
        "consumer_surplus": -0.5689649313398816,
        "producer_profit": -5.633536505087638,
        "profit_A": 0.83,
        "profit_B": -6.46
      },
      "2-Tier": {
        "social_welfare": -6.20250143642752,
        "consumer_surplus": 1.0444235495639869,
        "producer_profit": -7.246924985991507,
        "profit_A": 1.08,
        "profit_B": -8.33
      },
      "3-Tier": {
        "social_welfare": -6.2025014364275215,
        "consumer_surplus": -5.403906887299291,
        "producer_profit": -0.79859454912823,
        "profit_A": 0.69,
        "profit_B": -1.49
      },
      "4-Tier": {
        "social_welfare": -6.2025014364275215,
        "consumer_surplus": -7.844608173217131,
        "producer_profit": 1.6421067367896098,
        "profit_A": 1.13,
        "profit_B": 0.51
      },
      "5-Tier": {
        "social_welfare": -6.202501436427521,
        "consumer_surplus": -7.486162896354187,
        "producer_profit": 1.283661459926666,
        "profit_A": 0.84,
        "profit_B": 0.45
      },
      "6-Tier": {
        "social_welfare": -6.202501436427522,
        "consumer_surplus": -7.849679220030479,
        "producer_profit": 1.6471777836029569,
        "profit_A": 0.92,
        "profit_B": 0.73
      },
      "7-Tier": {
        "social_welfare": -6.2025014364275215,
        "consumer_surplus": -7.846950654439672,
        "producer_profit": 1.64444921801215,
        "profit_A": 0.83,
        "profit_B": 0.82
      },
      "8-Tier": {
        "social_welfare": -6.202501436427519,
        "consumer_surplus": -8.091796153845019,
        "producer_profit": 1.8892947174174999,
        "profit_A": 0.94,
        "profit_B": 0.94
      },
      "9-Tier": {
        "social_welfare": -6.20250143642752,
        "consumer_surplus": -7.83384896849845,
        "producer_profit": 1.6313475320709299,
        "profit_A": 0.72,
        "profit_B": 0.91
      },
      "10-Tier": {
        "social_welfare": -6.202501436427521,
        "consumer_surplus": -7.733765249828627,
        "producer_profit": 1.5312638134011065,
        "profit_A": 0.82,
        "profit_B": 0.72
      }
    },
    "9-Tier": {
      "Flat": {
        "social_welfare": -6.202501436427518,
        "consumer_surplus": -0.7389708037538696,
        "producer_profit": -5.463530632673648,
        "profit_A": 0.96,
        "profit_B": -6.43
      },
      "2-Tier": {
        "social_welfare": -6.202501436427518,
        "consumer_surplus": 1.2446630110352745,
        "producer_profit": -7.447164447462793,
        "profit_A": 0.88,
        "profit_B": -8.33
      },
      "3-Tier": {
        "social_welfare": -6.2025014364275215,
        "consumer_surplus": -5.471771253094644,
        "producer_profit": -0.7307301833328772,
        "profit_A": 0.86,
        "profit_B": -1.59
      },
      "4-Tier": {
        "social_welfare": -6.20250143642752,
        "consumer_surplus": -7.6845678577102206,
        "producer_profit": 1.4820664212827004,
        "profit_A": 1.09,
        "profit_B": 0.39
      },
      "5-Tier": {
        "social_welfare": -6.202501436427518,
        "consumer_surplus": -7.666597727280886,
        "producer_profit": 1.4640962908533672,
        "profit_A": 1.1,
        "profit_B": 0.37
      },
      "6-Tier": {
        "social_welfare": -6.202501436427523,
        "consumer_surplus": -7.837872808708639,
        "producer_profit": 1.6353713722811158,
        "profit_A": 1.01,
        "profit_B": 0.62
      },
      "7-Tier": {
        "social_welfare": -6.202501436427523,
        "consumer_surplus": -8.259389713569844,
        "producer_profit": 2.056888277142321,
        "profit_A": 1.12,
        "profit_B": 0.93
      },
      "8-Tier": {
        "social_welfare": -6.20250143642752,
        "consumer_surplus": -7.83384896849845,
        "producer_profit": 1.6313475320709299,
        "profit_A": 0.91,
        "profit_B": 0.72
      },
      "9-Tier": {
        "social_welfare": -6.202501436427519,
        "consumer_surplus": -8.39938769089152,
        "producer_profit": 2.196886254464002,
        "profit_A": 1.1,
        "profit_B": 1.1
      },
      "10-Tier": {
        "social_welfare": -6.20250143642752,
        "consumer_surplus": -7.745320242063247,
        "producer_profit": 1.5428188056357273,
        "profit_A": 0.92,
        "profit_B": 0.62
      }
    },
    "10-Tier": {
      "Flat": {
        "social_welfare": -6.202501436427521,
        "consumer_surplus": -0.8505982980239706,
        "producer_profit": -5.35190313840355,
        "profit_A": 0.81,
        "profit_B": -6.17
      },
      "2-Tier": {
        "social_welfare": -6.202501436427519,
        "consumer_surplus": 1.0191909152943373,
        "producer_profit": -7.221692351721856,
        "profit_A": 0.94,
        "profit_B": -8.16
      },
      "3-Tier": {
        "social_welfare": -6.202501436427518,
        "consumer_surplus": -5.449078224166117,
        "producer_profit": -0.7534232122614007,
        "profit_A": 0.8,
        "profit_B": -1.55
      },
      "4-Tier": {
        "social_welfare": -6.2025014364275215,
        "consumer_surplus": -8.06838000535024,
        "producer_profit": 1.8658785689227195,
        "profit_A": 1.21,
        "profit_B": 0.66
      },
      "5-Tier": {
        "social_welfare": -6.2025014364275215,
        "consumer_surplus": -8.141399440765733,
        "producer_profit": 1.9388980043382111,
        "profit_A": 1.13,
        "profit_B": 0.81
      },
      "6-Tier": {
        "social_welfare": -6.202501436427518,
        "consumer_surplus": -7.709296133322397,
        "producer_profit": 1.5067946968948784,
        "profit_A": 0.84,
        "profit_B": 0.67
      },
      "7-Tier": {
        "social_welfare": -6.20250143642752,
        "consumer_surplus": -8.266033670746692,
        "producer_profit": 2.0635322343191724,
        "profit_A": 1.03,
        "profit_B": 1.03
      },
      "8-Tier": {
        "social_welfare": -6.202501436427521,
        "consumer_surplus": -7.733765249828627,
        "producer_profit": 1.5312638134011065,
        "profit_A": 0.72,
        "profit_B": 0.82
      },
      "9-Tier": {
        "social_welfare": -6.20250143642752,
        "consumer_surplus": -7.745320242063247,
        "producer_profit": 1.5428188056357273,
        "profit_A": 0.62,
        "profit_B": 0.92
      },
      "10-Tier": {
        "social_welfare": -6.20250143642752,
        "consumer_surplus": -8.430853957232657,
        "producer_profit": 2.228352520805137,
        "profit_A": 1.11,
        "profit_B": 1.11
      }
    }
  }
}