,Flat,2-Tier,3-Tier,4-Tier
Flat,"(np.float64(1.13), np.float64(1.13))","(np.float64(-5.91), np.float64(-6.39))","(np.float64(-5.79), np.float64(-0.19))","(np.float64(-5.55), np.float64(0.84))"
2-Tier,"(np.float64(-6.39), np.float64(-5.91))","(np.float64(-2.65), np.float64(-2.65))","(np.float64(-6.72), np.float64(-0.71))","(np.float64(-7.15), np.float64(1.27))"
3-Tier,"(np.float64(-0.19), np.float64(-5.79))","(np.float64(-0.71), np.float64(-6.72))","(np.float64(0.09), np.float64(0.09))","(np.float64(-0.85), np.float64(1.0))"
4-Tier,"(np.float64(0.84), np.float64(-5.55))","(np.float64(1.27), np.float64(-7.15))","(np.float64(1.0), np.float64(-0.85))","(np.float64(1.65), np.float64(1.65))"
