{
  "parameters": {
    "P0": 10.150813481784969,
    "gamma": 0.001,
    "beta": 0.3,
    "alpha": 3.43,
    "s0": 0.35,
    "max_tiers": 4
  },
  "welfare_matrix": {
    "Flat": {
      "Flat": {
        "social_welfare": -8.924742710522361,
        "consumer_surplus": -11.176324622721946,
        "producer_profit": 2.251581912199585,
        "profit_A": 1.13,
        "profit_B": 1.13
      },
      "2-Tier": {
        "social_welfare": -8.924742710522365,
        "consumer_surplus": 3.375227665274748,
        "producer_profit": -12.299970375797113,
        "profit_A": -5.91,
        "profit_B": -6.39
      },
      "3-Tier": {
        "social_welfare": -8.924742710522363,
        "consumer_surplus": -2.9441600370317125,
        "producer_profit": -5.98058267349065,
        "profit_A": -5.79,
        "profit_B": -0.19
      },
      "4-Tier": {
        "social_welfare": -8.924742710522363,
        "consumer_surplus": -4.218110184155212,
        "producer_profit": -4.706632526367152,
        "profit_A": -5.55,
        "profit_B": 0.84
      }
    },
    "2-Tier": {
      "Flat": {
        "social_welfare": -8.924742710522363,
        "consumer_surplus": 3.3752276652747506,
        "producer_profit": -12.299970375797113,
        "profit_A": -6.39,
        "profit_B": -5.91
      },
      "2-Tier": {
        "social_welfare": -8.92474271052236,
        "consumer_surplus": -3.6171111493770125,
        "producer_profit": -5.307631561145348,
        "profit_A": -2.65,
        "profit_B": -2.65
      },
      "3-Tier": {
        "social_welfare": -8.92474271052236,
        "consumer_surplus": -1.4941203115426598,
        "producer_profit": -7.4306223989797004,
        "profit_A": -6.72,
        "profit_B": -0.71
      },
      "4-Tier": {
        "social_welfare": -8.924742710522361,
        "consumer_surplus": -3.0474147795499644,
        "producer_profit": -5.877327930972397,
        "profit_A": -7.15,
        "profit_B": 1.27
      }
    },
    "3-Tier": {
      "Flat": {
        "social_welfare": -8.924742710522363,
        "consumer_surplus": -2.9441600370317125,
        "producer_profit": -5.98058267349065,
        "profit_A": -0.19,
        "profit_B": -5.79
      },
      "2-Tier": {
        "social_welfare": -8.924742710522366,
        "consumer_surplus": -1.4941203115426662,
        "producer_profit": -7.4306223989797,
        "profit_A": -0.71,
        "profit_B": -6.72
      },
      "3-Tier": {
        "social_welfare": -8.924742710522361,
        "consumer_surplus": -9.09955471620654,
        "producer_profit": 0.17481200568417926,
        "profit_A": 0.09,
        "profit_B": 0.09
      },
      "4-Tier": {
        "social_welfare": -8.92474271052236,
        "consumer_surplus": -9.0811042887012,
        "producer_profit": 0.15636157817884022,
        "profit_A": -0.85,
        "profit_B": 1.0
      }
    },
    "4-Tier": {
      "Flat": {
        "social_welfare": -8.924742710522361,
        "consumer_surplus": -4.2181101841552096,
        "producer_profit": -4.706632526367152,
        "profit_A": 0.84,
        "profit_B": -5.55
      },
      "2-Tier": {
        "social_welfare": -8.924742710522361,
        "consumer_surplus": -3.0474147795499644,
        "producer_profit": -5.877327930972397,
        "profit_A": 1.27,
        "profit_B": -7.15
      },
      "3-Tier": {
        "social_welfare": -8.924742710522358,
        "consumer_surplus": -9.081104288701198,
        "producer_profit": 0.15636157817884,
        "profit_A": 1.0,
        "profit_B": -0.85
      },
      "4-Tier": {
        "social_welfare": -8.924742710522363,
        "consumer_surplus": -12.222875066961441,
        "producer_profit": 3.2981323564390785,
        "profit_A": 1.65,
        "profit_B": 1.65
      }
    }
  }
}