{
  "parameters": {
    "P0": 10.576480467090285,
    "gamma": 0.001,
    "beta": 0.3,
    "alpha": 2.27,
    "s0": 0.35,
    "max_tiers": 5
  },
  "welfare_matrix": {
    "Flat": {
      "Flat": {
        "social_welfare": -12.552865345229165,
        "consumer_surplus": -16.332002017690094,
        "producer_profit": 3.7791366724609294,
        "profit_A": 1.89,
        "profit_B": 1.89
      },
      "2-Tier": {
        "social_welfare": -12.552865345229169,
        "consumer_surplus": -2.3526781778429386,
        "producer_profit": -10.200187167386229,
        "profit_A": -5.42,
        "profit_B": -4.78
      },
      "3-Tier": {
        "social_welfare": -12.552865345229167,
        "consumer_surplus": -8.191493938069906,
        "producer_profit": -4.361371407159261,
        "profit_A": -4.86,
        "profit_B": 0.49
      },
      "4-Tier": {
        "social_welfare": -12.552865345229167,
        "consumer_surplus": -9.44913745406331,
        "producer_profit": -3.1037278911658563,
        "profit_A": -4.64,
        "profit_B": 1.53
      },
      "5-Tier": {
        "social_welfare": -12.552865345229167,
        "consumer_surplus": -9.848646223354748,
        "producer_profit": -2.7042191218744183,
        "profit_A": -4.57,
        "profit_B": 1.86
      }
    },
    "2-Tier": {
      "Flat": {
        "social_welfare": -12.552865345229169,
        "consumer_surplus": -2.3526781778429386,
        "producer_profit": -10.200187167386229,
        "profit_A": -4.78,
        "profit_B": -5.42
      },
      "2-Tier": {
        "social_welfare": -12.552865345229169,
        "consumer_surplus": -9.34668510771189,
        "producer_profit": -3.2061802375172777,
        "profit_A": -1.6,
        "profit_B": -1.6
      },
      "3-Tier": {
        "social_welfare": -12.552865345229167,
        "consumer_surplus": -7.005150909425903,
        "producer_profit": -5.547714435803264,
        "profit_A": -5.63,
        "profit_B": 0.09
      },
      "4-Tier": {
        "social_welfare": -12.552865345229169,
        "consumer_surplus": -8.573555430591112,
        "producer_profit": -3.9793099146380566,
        "profit_A": -5.85,
        "profit_B": 1.88
      },
      "5-Tier": {
        "social_welfare": -12.552865345229169,
        "consumer_surplus": -8.036670854958766,
        "producer_profit": -4.516194490270402,
        "profit_A": -6.15,
        "profit_B": 1.63
      }
    },
    "3-Tier": {
      "Flat": {
        "social_welfare": -12.552865345229165,
        "consumer_surplus": -8.191493938069906,
        "producer_profit": -4.36137140715926,
        "profit_A": 0.49,
        "profit_B": -4.86
      },
      "2-Tier": {
        "social_welfare": -12.552865345229169,
        "consumer_surplus": -7.005150909425903,
        "producer_profit": -5.5477144358032655,
        "profit_A": 0.09,
        "profit_B": -5.63
      },
      "3-Tier": {
        "social_welfare": -12.552865345229167,
        "consumer_surplus": -14.333164774315359,
        "producer_profit": 1.7802994290861922,
        "profit_A": 0.89,
        "profit_B": 0.89
      },
      "4-Tier": {
        "social_welfare": -12.552865345229165,
        "consumer_surplus": -14.290010886213564,
        "producer_profit": 1.737145540984398,
        "profit_A": 0.06,
        "profit_B": 1.68
      },
      "5-Tier": {
        "social_welfare": -12.552865345229165,
        "consumer_surplus": -14.25112514835412,
        "producer_profit": 1.6982598031249556,
        "profit_A": -0.01,
        "profit_B": 1.71
      }
    },
    "4-Tier": {
      "Flat": {
        "social_welfare": -12.552865345229167,
        "consumer_surplus": -9.44913745406331,
        "producer_profit": -3.1037278911658563,
        "profit_A": 1.53,
        "profit_B": -4.64
      },
      "2-Tier": {
        "social_welfare": -12.552865345229165,
        "consumer_surplus": -8.573555430591108,
        "producer_profit": -3.9793099146380575,
        "profit_A": 1.88,
        "profit_B": -5.85
      },
      "3-Tier": {
        "social_welfare": -12.552865345229167,
        "consumer_surplus": -14.290010886213565,
        "producer_profit": 1.7371455409843983,
        "profit_A": 1.68,
        "profit_B": 0.06
      },
      "4-Tier": {
        "social_welfare": -12.552865345229169,
        "consumer_surplus": -17.445159680042895,
        "producer_profit": 4.8922943348137276,
        "profit_A": 2.45,
        "profit_B": 2.45
      },
      "5-Tier": {
        "social_welfare": -12.552865345229169,
        "consumer_surplus": -16.63583806809971,
        "producer_profit": 4.082972722870541,
        "profit_A": 1.93,
        "profit_B": 2.15
      }
    },
    "5-Tier": {
      "Flat": {
        "social_welfare": -12.552865345229167,
        "consumer_surplus": -9.848646223354748,
        "producer_profit": -2.7042191218744183,
        "profit_A": 1.86,
        "profit_B": -4.57
      },
      "2-Tier": {
        "social_welfare": -12.552865345229169,
        "consumer_surplus": -8.036670854958766,
        "producer_profit": -4.5161944902704025,
        "profit_A": 1.63,
        "profit_B": -6.15
      },
      "3-Tier": {
        "social_welfare": -12.552865345229165,
        "consumer_surplus": -14.25112514835412,
        "producer_profit": 1.6982598031249556,
        "profit_A": 1.71,
        "profit_B": -0.01
      },
      "4-Tier": {
        "social_welfare": -12.552865345229169,
        "consumer_surplus": -16.63583806809971,
        "producer_profit": 4.08297272287054,
        "profit_A": 2.15,
        "profit_B": 1.93
      },
      "5-Tier": {
        "social_welfare": -12.552865345229165,
        "consumer_surplus": -17.10539826933627,
        "producer_profit": 4.552532924107104,
        "profit_A": 2.28,
        "profit_B": 2.28
      }
    }
  }
}