{
  "parameters": {
    "P0": 10.932032230093702,
    "gamma": 0.001,
    "beta": 0.3,
    "alpha": 1.77,
    "s0": 0.35,
    "max_tiers": 10
  },
  "strategies": {
    "Flat": {
      "n_tiers": 1,
      "avg_price": 9.228010619246016,
      "min_price": 9.228010619246014,
      "max_price": 9.228010619246014
    },
    "2-Tier": {
      "n_tiers": 2,
      "avg_price": 9.491337161948618,
      "min_price": 3.7969307300437363,
      "max_price": 15.25670192945356
    },
    "3-Tier": {
      "n_tiers": 3,
      "avg_price": 10.054827033393883,
      "min_price": 2.691436488886069,
      "max_price": 15.28271691453689
    },
    "4-Tier": {
      "n_tiers": 4,
      "avg_price": 11.260394010105625,
      "min_price": 2.660043360552555,
      "max_price": 17.673294695915224
    },
    "5-Tier": {
      "n_tiers": 5,
      "avg_price": 10.61665435355423,
      "min_price": 2.65792313172654,
      "max_price": 18.210385794584763
    },
    "6-Tier": {
      "n_tiers": 6,
      "avg_price": 10.782639445478562,
      "min_price": 2.6574269484907527,
      "max_price": 18.511104961908053
    },
    "7-Tier": {
      "n_tiers": 7,
      "avg_price": 11.10077946659328,
      "min_price": 2.657272858647273,
      "max_price": 18.98817893199696
    },
    "8-Tier": {
      "n_tiers": 8,
      "avg_price": 10.918060570846727,
      "min_price": 2.657123238351069,
      "max_price": 19.53461315728044
    },
    "9-Tier": {
      "n_tiers": 9,
      "avg_price": 10.875531005624127,
      "min_price": 2.6562015814859787,
      "max_price": 19.73177478131499
    },
    "10-Tier": {
      "n_tiers": 10,
      "avg_price": 11.032612073618859,
      "min_price": 2.654878098478032,
      "max_price": 19.84437483879086
    }
  },
  "nash_equilibria": [
    {
      "strategy_A": "Flat",
      "strategy_B": "Flat",
      "profit_A": 2.63,
      "profit_B": 2.63,
      "total_profit": 5.26
    },
    {
      "strategy_A": "5-Tier",
      "strategy_B": "5-Tier",
      "profit_A": 2.98,
      "profit_B": 2.98,
      "total_profit": 5.96
    },
    {
      "strategy_A": "6-Tier",
      "strategy_B": "6-Tier",
      "profit_A": 2.7,
      "profit_B": 2.7,
      "total_profit": 5.4
    },
    {
      "strategy_A": "7-Tier",
      "strategy_B": "7-Tier",
      "profit_A": 3.2,
      "profit_B": 3.2,
      "total_profit": 6.4
    },
    {
      "strategy_A": "8-Tier",
      "strategy_B": "8-Tier",
      "profit_A": 2.75,
      "profit_B": 2.75,
      "total_profit": 5.5
    },
    {
      "strategy_A": "9-Tier",
      "strategy_B": "9-Tier",
      "profit_A": 2.96,
      "profit_B": 2.96,
      "total_profit": 5.92
    },
    {
      "strategy_A": "10-Tier",
      "strategy_B": "10-Tier",
      "profit_A": 3.06,
      "profit_B": 3.06,
      "total_profit": 6.12
    }
  ],
  "welfare": {
    "max_total_welfare": {
      "strategy": [
        "2-Tier",
        "6-Tier"
      ],
      "consumer_surplus": -12.043164206876577,
      "producer_surplus": -2.7161180311946427,
      "total_welfare": -14.75928223807122,
      "efficiency": -1.1119107173045037
    },
    "max_consumer_surplus": {
      "strategy": [
        "Flat",
        "2-Tier"
      ],
      "consumer_surplus": -6.671397623732687,
      "producer_surplus": -8.08788461433854,
      "total_welfare": -14.759282238071226
    },
    "max_producer_surplus": {
      "strategy": [
        "7-Tier",
        "7-Tier"
      ],
      "consumer_surplus": -21.16528501441271,
      "producer_surplus": 6.406002776341488,
      "total_welfare": -14.759282238071222
    }
  }
}