,Flat,2-Tier,3-Tier,4-Tier
Flat,"(np.float64(0.79), np.float64(0.79))","(np.float64(-6.12), np.float64(-7.06))","(np.float64(-6.24), np.float64(-0.45))","(np.float64(-5.98), np.float64(0.56))"
2-Tier,"(np.float64(-7.06), np.float64(-6.12))","(np.float64(-3.1), np.float64(-3.1))","(np.float64(-7.17), np.float64(-1.07))","(np.float64(-7.71), np.float64(1.01))"
3-Tier,"(np.float64(-0.45), np.float64(-6.24))","(np.float64(-1.07), np.float64(-7.17))","(np.float64(-0.26), np.float64(-0.26))","(np.float64(-1.25), np.float64(0.71))"
4-Tier,"(np.float64(0.56), np.float64(-5.98))","(np.float64(1.01), np.float64(-7.71))","(np.float64(0.71), np.float64(-1.25))","(np.float64(1.3), np.float64(1.3))"
