{
  "parameters": {
    "P0": 9.962780466948225,
    "gamma": 0.001,
    "beta": 0.3,
    "alpha": 4.43,
    "s0": 0.35,
    "max_tiers": 4
  },
  "strategies": {
    "Flat": {
      "n_tiers": 1,
      "avg_price": 8.210162346067166,
      "min_price": 8.210162346067168,
      "max_price": 8.210162346067168
    },
    "2-Tier": {
      "n_tiers": 2,
      "avg_price": 8.205084921379965,
      "min_price": 2.199083742061636,
      "max_price": 14.285927236889178
    },
    "3-Tier": {
      "n_tiers": 3,
      "avg_price": 8.956271450837843,
      "min_price": 1.6926723954174567,
      "max_price": 14.286075755564198
    },
    "4-Tier": {
      "n_tiers": 4,
      "avg_price": 10.232155428589925,
      "min_price": 1.6895076539731093,
      "max_price": 16.283195915179146
    }
  },
  "nash_equilibria": [
    {
      "strategy_A": "Flat",
      "strategy_B": "Flat",
      "profit_A": 0.79,
      "profit_B": 0.79,
      "total_profit": 1.58
    },
    {
      "strategy_A": "4-Tier",
      "strategy_B": "4-Tier",
      "profit_A": 1.3,
      "profit_B": 1.3,
      "total_profit": 2.6
    }
  ],
  "welfare": {
    "max_total_welfare": {
      "strategy": [
        "Flat",
        "2-Tier"
      ],
      "consumer_surplus": 6.393446281765636,
      "producer_surplus": -13.185425604315217,
      "total_welfare": -6.791979322549581,
      "efficiency": -0.31975641019215334
    },
    "max_consumer_surplus": {
      "strategy": [
        "Flat",
        "2-Tier"
      ],
      "consumer_surplus": 6.393446281765636,
      "producer_surplus": -13.185425604315217,
      "total_welfare": -6.791979322549581
    },
    "max_producer_surplus": {
      "strategy": [
        "4-Tier",
        "4-Tier"
      ],
      "consumer_surplus": -9.396034323432875,
      "producer_surplus": 2.6040550008832914,
      "total_welfare": -6.791979322549584
    }
  }
}