{
  "parameters": {
    "P0": 9.962780466948225,
    "gamma": 0.001,
    "beta": 0.3,
    "alpha": 4.43,
    "s0": 0.35,
    "max_tiers": 4
  },
  "welfare_matrix": {
    "Flat": {
      "Flat": {
        "social_welfare": -6.791979322549585,
        "consumer_surplus": -8.374424534795478,
        "producer_profit": 1.5824452122458936,
        "profit_A": 0.79,
        "profit_B": 0.79
      },
      "2-Tier": {
        "social_welfare": -6.791979322549581,
        "consumer_surplus": 6.393446281765636,
        "producer_profit": -13.185425604315217,
        "profit_A": -6.12,
        "profit_B": -7.06
      },
      "3-Tier": {
        "social_welfare": -6.791979322549582,
        "consumer_surplus": -0.09718078968713151,
        "producer_profit": -6.694798532862451,
        "profit_A": -6.24,
        "profit_B": -0.45
      },
      "4-Tier": {
        "social_welfare": -6.791979322549583,
        "consumer_surplus": -1.375138858320184,
        "producer_profit": -5.4168404642293995,
        "profit_A": -5.98,
        "profit_B": 0.56
      }
    },
    "2-Tier": {
      "Flat": {
        "social_welfare": -6.791979322549583,
        "consumer_surplus": 6.393446281765634,
        "producer_profit": -13.185425604315217,
        "profit_A": -7.06,
        "profit_B": -6.12
      },
      "2-Tier": {
        "social_welfare": -6.791979322549585,
        "consumer_surplus": -0.5961375729991485,
        "producer_profit": -6.1958417495504365,
        "profit_A": -3.1,
        "profit_B": -3.1
      },
      "3-Tier": {
        "social_welfare": -6.791979322549587,
        "consumer_surplus": 1.4493791455671283,
        "producer_profit": -8.241358468116715,
        "profit_A": -7.17,
        "profit_B": -1.07
      },
      "4-Tier": {
        "social_welfare": -6.791979322549587,
        "consumer_surplus": -0.09695187443712333,
        "producer_profit": -6.695027448112463,
        "profit_A": -7.71,
        "profit_B": 1.01
      }
    },
    "3-Tier": {
      "Flat": {
        "social_welfare": -6.791979322549587,
        "consumer_surplus": -0.09718078968713513,
        "producer_profit": -6.6947985328624515,
        "profit_A": -0.45,
        "profit_B": -6.24
      },
      "2-Tier": {
        "social_welfare": -6.791979322549584,
        "consumer_surplus": 1.4493791455671292,
        "producer_profit": -8.241358468116713,
        "profit_A": -1.07,
        "profit_B": -7.17
      },
      "3-Tier": {
        "social_welfare": -6.791979322549582,
        "consumer_surplus": -6.268086445183144,
        "producer_profit": -0.5238928773664382,
        "profit_A": -0.26,
        "profit_B": -0.26
      },
      "4-Tier": {
        "social_welfare": -6.791979322549584,
        "consumer_surplus": -6.255543626401877,
        "producer_profit": -0.5364356961477065,
        "profit_A": -1.25,
        "profit_B": 0.71
      }
    },
    "4-Tier": {
      "Flat": {
        "social_welfare": -6.791979322549583,
        "consumer_surplus": -1.375138858320184,
        "producer_profit": -5.4168404642293995,
        "profit_A": 0.56,
        "profit_B": -5.98
      },
      "2-Tier": {
        "social_welfare": -6.791979322549585,
        "consumer_surplus": -0.09695187443712333,
        "producer_profit": -6.695027448112461,
        "profit_A": 1.01,
        "profit_B": -7.71
      },
      "3-Tier": {
        "social_welfare": -6.791979322549585,
        "consumer_surplus": -6.255543626401878,
        "producer_profit": -0.5364356961477069,
        "profit_A": 0.71,
        "profit_B": -1.25
      },
      "4-Tier": {
        "social_welfare": -6.791979322549584,
        "consumer_surplus": -9.396034323432875,
        "producer_profit": 2.6040550008832914,
        "profit_A": 1.3,
        "profit_B": 1.3
      }
    }
  }
}