{
  "parameters": {
    "P0": 11.103541511772475,
    "gamma": 0.001,
    "beta": 0.3,
    "alpha": 1.6,
    "s0": 0.35,
    "max_tiers": 2
  },
  "strategy_details": {
    "Flat": {
      "n_tiers": 1,
      "overall_metrics": {
        "unit_cost": 9.317827226058188,
        "total_cost": 28.03308381977619,
        "unit_price": 9.565454651136962,
        "total_price": 34.504311606083775
      },
      "tiers": {
        "tier_0": {
          "tier_name": "Universal",
          "unit_cost": 9.317827226058188,
          "total_cost": 28.03308381977619,
          "unit_price": 9.565454651136964,
          "total_price": 34.504311606083775,
          "distances": {
            "min_distance": 0.0,
            "max_distance": 19308.860309272983,
            "avg_distance": 9017.827226058189
          },
          "volume": {
            "total_volume_tb": 3.6071794665800376,
            "num_flows": 13566
          }
        }
      }
    },
    "2-Tier": {
      "n_tiers": 2,
      "overall_metrics": {
        "unit_cost": 9.317827226058188,
        "total_cost": 28.03308381977619,
        "unit_price": 9.850469428903374,
        "total_price": 28.40023719665205
      },
      "tiers": {
        "tier_1": {
          "tier_name": "Long-Haul",
          "unit_cost": 13.761522941920761,
          "total_cost": 15.569590604290672,
          "unit_price": 15.439358907064383,
          "total_price": 17.76149928194105,
          "distances": {
            "min_distance": 9659.111401340511,
            "max_distance": 19308.860309272983,
            "avg_distance": 13461.522941920757
          },
          "volume": {
            "total_volume_tb": 1.1504039376799609,
            "num_flows": 6741
          }
        },
        "tier_0": {
          "tier_name": "Local",
          "unit_cost": 4.928823149775465,
          "total_cost": 12.463493215485515,
          "unit_price": 4.330366282781267,
          "total_price": 10.638737914711005,
          "distances": {
            "min_distance": 0.0,
            "max_distance": 9650.276520950458,
            "avg_distance": 4628.823149775465
          },
          "volume": {
            "total_volume_tb": 2.456775528900077,
            "num_flows": 6825
          }
        }
      }
    }
  }
}