{
  "parameters": {
    "P0": 10.49360617961492,
    "gamma": 0.001,
    "beta": 0.3,
    "alpha": 2.43,
    "s0": 0.35,
    "max_tiers": 3
  },
  "welfare_matrix": {
    "Flat": {
      "Flat": {
        "social_welfare": -11.946945954502642,
        "consumer_surplus": -15.426249600165823,
        "producer_profit": 3.4793036456631805,
        "profit_A": 1.74,
        "profit_B": 1.74
      },
      "2-Tier": {
        "social_welfare": -11.946945954502645,
        "consumer_surplus": -1.3258510976332083,
        "producer_profit": -10.621094856869437,
        "profit_A": -5.52,
        "profit_B": -5.1
      },
      "3-Tier": {
        "social_welfare": -11.946945954502645,
        "consumer_surplus": -7.269502552975233,
        "producer_profit": -4.677443401527413,
        "profit_A": -5.03,
        "profit_B": 0.35
      }
    },
    "2-Tier": {
      "Flat": {
        "social_welfare": -11.946945954502642,
        "consumer_surplus": -1.3258510976332045,
        "producer_profit": -10.621094856869437,
        "profit_A": -5.1,
        "profit_B": -5.52
      },
      "2-Tier": {
        "social_welfare": -11.946945954502645,
        "consumer_surplus": -8.320374484388001,
        "producer_profit": -3.6265714701146434,
        "profit_A": -1.81,
        "profit_B": -1.81
      },
      "3-Tier": {
        "social_welfare": -11.946945954502638,
        "consumer_surplus": -6.026050844285536,
        "producer_profit": -5.920895110217103,
        "profit_A": -5.85,
        "profit_B": -0.07
      }
    },
    "3-Tier": {
      "Flat": {
        "social_welfare": -11.946945954502645,
        "consumer_surplus": -7.269502552975234,
        "producer_profit": -4.6774434015274124,
        "profit_A": 0.35,
        "profit_B": -5.03
      },
      "2-Tier": {
        "social_welfare": -11.946945954502642,
        "consumer_surplus": -6.026050844285538,
        "producer_profit": -5.920895110217103,
        "profit_A": -0.07,
        "profit_B": -5.85
      },
      "3-Tier": {
        "social_welfare": -11.946945954502645,
        "consumer_surplus": -13.409526508587707,
        "producer_profit": 1.4625805540850623,
        "profit_A": 0.73,
        "profit_B": 0.73
      }
    }
  }
}