,Flat,2-Tier,3-Tier,4-Tier
Flat,"(np.float64(1.74), np.float64(1.74))","(np.float64(-5.52), np.float64(-5.1))","(np.float64(-5.03), np.float64(0.35))","(np.float64(-4.81), np.float64(1.39))"
2-Tier,"(np.float64(-5.1), np.float64(-5.52))","(np.float64(-1.81), np.float64(-1.81))","(np.float64(-5.85), np.float64(-0.07))","(np.float64(-6.11), np.float64(1.76))"
3-Tier,"(np.float64(0.35), np.float64(-5.03))","(np.float64(-0.07), np.float64(-5.85))","(np.float64(0.73), np.float64(0.73))","(np.float64(-0.12), np.float64(1.54))"
4-Tier,"(np.float64(1.39), np.float64(-4.81))","(np.float64(1.76), np.float64(-6.11))","(np.float64(1.54), np.float64(-0.12))","(np.float64(2.29), np.float64(2.29))"
