{
  "parameters": {
    "P0": 10.49360617961492,
    "gamma": 0.001,
    "beta": 0.3,
    "alpha": 2.43,
    "s0": 0.35,
    "max_tiers": 4
  },
  "strategies": {
    "Flat": {
      "n_tiers": 1,
      "avg_price": 8.736018752988803,
      "min_price": 8.736018752988805,
      "max_price": 8.736018752988805
    },
    "2-Tier": {
      "n_tiers": 2,
      "avg_price": 8.86976261804519,
      "min_price": 2.996620349008303,
      "max_price": 14.816090460528017
    },
    "3-Tier": {
      "n_tiers": 3,
      "avg_price": 9.507189922405766,
      "min_price": 2.2318811605700226,
      "max_price": 14.817014371186657
    },
    "4-Tier": {
      "n_tiers": 4,
      "avg_price": 10.82142803995674,
      "min_price": 2.220493506396215,
      "max_price": 17.17358511306039
    }
  },
  "nash_equilibria": [
    {
      "strategy_A": "Flat",
      "strategy_B": "Flat",
      "profit_A": 1.74,
      "profit_B": 1.74,
      "total_profit": 3.48
    },
    {
      "strategy_A": "4-Tier",
      "strategy_B": "4-Tier",
      "profit_A": 2.29,
      "profit_B": 2.29,
      "total_profit": 4.58
    }
  ],
  "welfare": {
    "max_total_welfare": {
      "strategy": [
        "2-Tier",
        "3-Tier"
      ],
      "consumer_surplus": -6.026050844285536,
      "producer_surplus": -5.920895110217103,
      "total_welfare": -11.946945954502638,
      "efficiency": -0.7426857866420183
    },
    "max_consumer_surplus": {
      "strategy": [
        "2-Tier",
        "Flat"
      ],
      "consumer_surplus": -1.3258510976332045,
      "producer_surplus": -10.621094856869437,
      "total_welfare": -11.946945954502642
    },
    "max_producer_surplus": {
      "strategy": [
        "4-Tier",
        "4-Tier"
      ],
      "consumer_surplus": -16.53396927920281,
      "producer_surplus": 4.587023324700165,
      "total_welfare": -11.946945954502645
    }
  }
}