{
  "parameters": {
    "P0": 10.150813481784969,
    "gamma": 0.001,
    "beta": 0.3,
    "alpha": 3.43,
    "s0": 0.35,
    "max_tiers": 3
  },
  "strategies": {
    "Flat": {
      "n_tiers": 1,
      "avg_price": 8.395663706937384,
      "min_price": 8.395663706937382,
      "max_price": 8.395663706937382
    },
    "2-Tier": {
      "n_tiers": 2,
      "avg_price": 8.436073749110687,
      "min_price": 2.4726348649209124,
      "max_price": 14.473823398212483
    },
    "3-Tier": {
      "n_tiers": 3,
      "avg_price": 9.150089430311727,
      "min_price": 1.8826798850273918,
      "max_price": 14.474111094282186
    }
  },
  "nash_equilibria": [
    {
      "strategy_A": "Flat",
      "strategy_B": "Flat",
      "profit_A": 1.13,
      "profit_B": 1.13,
      "total_profit": 2.26
    },
    {
      "strategy_A": "3-Tier",
      "strategy_B": "3-Tier",
      "profit_A": 0.09,
      "profit_B": 0.09,
      "total_profit": 0.18
    }
  ],
  "welfare": {
    "max_total_welfare": {
      "strategy": [
        "2-Tier",
        "2-Tier"
      ],
      "consumer_surplus": -3.6171111493770125,
      "producer_surplus": -5.307631561145348,
      "total_welfare": -8.92474271052236,
      "efficiency": -0.4670600477296413
    },
    "max_consumer_surplus": {
      "strategy": [
        "2-Tier",
        "Flat"
      ],
      "consumer_surplus": 3.3752276652747506,
      "producer_surplus": -12.299970375797113,
      "total_welfare": -8.924742710522363
    },
    "max_producer_surplus": {
      "strategy": [
        "Flat",
        "Flat"
      ],
      "consumer_surplus": -11.176324622721946,
      "producer_surplus": 2.251581912199585,
      "total_welfare": -8.924742710522361
    }
  }
}