,Flat,2-Tier,3-Tier,4-Tier,5-Tier,6-Tier,7-Tier,8-Tier
Flat,"(np.float64(0.79), np.float64(0.79))","(np.float64(-6.12), np.float64(-7.06))","(np.float64(-6.24), np.float64(-0.45))","(np.float64(-5.98), np.float64(0.56))","(np.float64(-5.87), np.float64(0.87))","(np.float64(-6.3), np.float64(1.01))","(np.float64(-6.03), np.float64(0.83))","(np.float64(-6.36), np.float64(0.9))"
2-Tier,"(np.float64(-7.06), np.float64(-6.12))","(np.float64(-3.1), np.float64(-3.1))","(np.float64(-7.17), np.float64(-1.07))","(np.float64(-7.71), np.float64(1.01))","(np.float64(-8.0), np.float64(0.75))","(np.float64(-8.12), np.float64(1.06))","(np.float64(-7.99), np.float64(1.02))","(np.float64(-8.19), np.float64(1.15))"
3-Tier,"(np.float64(-0.45), np.float64(-6.24))","(np.float64(-1.07), np.float64(-7.17))","(np.float64(-0.26), np.float64(-0.26))","(np.float64(-1.25), np.float64(0.71))","(np.float64(-1.34), np.float64(0.75))","(np.float64(-1.26), np.float64(0.73))","(np.float64(-1.49), np.float64(0.93))","(np.float64(-1.39), np.float64(0.76))"
4-Tier,"(np.float64(0.56), np.float64(-5.98))","(np.float64(1.01), np.float64(-7.71))","(np.float64(0.71), np.float64(-1.25))","(np.float64(1.3), np.float64(1.3))","(np.float64(0.75), np.float64(1.05))","(np.float64(0.59), np.float64(1.08))","(np.float64(0.87), np.float64(1.37))","(np.float64(0.59), np.float64(1.23))"
5-Tier,"(np.float64(0.87), np.float64(-5.87))","(np.float64(0.75), np.float64(-8.0))","(np.float64(0.75), np.float64(-1.34))","(np.float64(1.05), np.float64(0.75))","(np.float64(1.15), np.float64(1.15))","(np.float64(0.62), np.float64(0.94))","(np.float64(0.88), np.float64(1.16))","(np.float64(0.52), np.float64(0.93))"
6-Tier,"(np.float64(1.01), np.float64(-6.3))","(np.float64(1.06), np.float64(-8.12))","(np.float64(0.73), np.float64(-1.26))","(np.float64(1.08), np.float64(0.59))","(np.float64(0.94), np.float64(0.62))","(np.float64(1.03), np.float64(1.03))","(np.float64(0.76), np.float64(0.93))","(np.float64(0.81), np.float64(1.0))"
7-Tier,"(np.float64(0.83), np.float64(-6.03))","(np.float64(1.02), np.float64(-7.99))","(np.float64(0.93), np.float64(-1.49))","(np.float64(1.37), np.float64(0.87))","(np.float64(1.16), np.float64(0.88))","(np.float64(0.93), np.float64(0.76))","(np.float64(1.46), np.float64(1.46))","(np.float64(0.89), np.float64(0.93))"
8-Tier,"(np.float64(0.9), np.float64(-6.36))","(np.float64(1.15), np.float64(-8.19))","(np.float64(0.76), np.float64(-1.39))","(np.float64(1.23), np.float64(0.59))","(np.float64(0.93), np.float64(0.52))","(np.float64(1.0), np.float64(0.81))","(np.float64(0.93), np.float64(0.89))","(np.float64(1.03), np.float64(1.03))"
