{
  "parameters": {
    "P0": 9.962780466948225,
    "gamma": 0.001,
    "beta": 0.3,
    "alpha": 4.43,
    "s0": 0.35,
    "max_tiers": 8
  },
  "welfare_matrix": {
    "Flat": {
      "Flat": {
        "social_welfare": -6.791979322549585,
        "consumer_surplus": -8.374424534795478,
        "producer_profit": 1.5824452122458936,
        "profit_A": 0.79,
        "profit_B": 0.79
      },
      "2-Tier": {
        "social_welfare": -6.791979322549581,
        "consumer_surplus": 6.393446281765636,
        "producer_profit": -13.185425604315217,
        "profit_A": -6.12,
        "profit_B": -7.06
      },
      "3-Tier": {
        "social_welfare": -6.791979322549582,
        "consumer_surplus": -0.09718078968713151,
        "producer_profit": -6.694798532862451,
        "profit_A": -6.24,
        "profit_B": -0.45
      },
      "4-Tier": {
        "social_welfare": -6.791979322549583,
        "consumer_surplus": -1.375138858320184,
        "producer_profit": -5.4168404642293995,
        "profit_A": -5.98,
        "profit_B": 0.56
      },
      "5-Tier": {
        "social_welfare": -6.791979322549584,
        "consumer_surplus": -1.7912423622267226,
        "producer_profit": -5.000736960322861,
        "profit_A": -5.87,
        "profit_B": 0.87
      },
      "6-Tier": {
        "social_welfare": -6.791979322549583,
        "consumer_surplus": -1.5028158895907284,
        "producer_profit": -5.289163432958855,
        "profit_A": -6.3,
        "profit_B": 1.01
      },
      "7-Tier": {
        "social_welfare": -6.791979322549585,
        "consumer_surplus": -1.591645059598666,
        "producer_profit": -5.200334262950919,
        "profit_A": -6.03,
        "profit_B": 0.83
      },
      "8-Tier": {
        "social_welfare": -6.791979322549583,
        "consumer_surplus": -1.3308161092279265,
        "producer_profit": -5.461163213321656,
        "profit_A": -6.36,
        "profit_B": 0.9
      }
    },
    "2-Tier": {
      "Flat": {
        "social_welfare": -6.791979322549583,
        "consumer_surplus": 6.393446281765634,
        "producer_profit": -13.185425604315217,
        "profit_A": -7.06,
        "profit_B": -6.12
      },
      "2-Tier": {
        "social_welfare": -6.791979322549585,
        "consumer_surplus": -0.5961375729991485,
        "producer_profit": -6.1958417495504365,
        "profit_A": -3.1,
        "profit_B": -3.1
      },
      "3-Tier": {
        "social_welfare": -6.791979322549587,
        "consumer_surplus": 1.4493791455671283,
        "producer_profit": -8.241358468116715,
        "profit_A": -7.17,
        "profit_B": -1.07
      },
      "4-Tier": {
        "social_welfare": -6.791979322549587,
        "consumer_surplus": -0.09695187443712333,
        "producer_profit": -6.695027448112463,
        "profit_A": -7.71,
        "profit_B": 1.01
      },
      "5-Tier": {
        "social_welfare": -6.791979322549586,
        "consumer_surplus": 0.46106830219042877,
        "producer_profit": -7.253047624740015,
        "profit_A": -8.0,
        "profit_B": 0.75
      },
      "6-Tier": {
        "social_welfare": -6.791979322549583,
        "consumer_surplus": 0.2728084587825503,
        "producer_profit": -7.064787781332133,
        "profit_A": -8.12,
        "profit_B": 1.06
      },
      "7-Tier": {
        "social_welfare": -6.791979322549584,
        "consumer_surplus": 0.17877829776173443,
        "producer_profit": -6.970757620311319,
        "profit_A": -7.99,
        "profit_B": 1.02
      },
      "8-Tier": {
        "social_welfare": -6.791979322549585,
        "consumer_surplus": 0.25573376727751895,
        "producer_profit": -7.047713089827104,
        "profit_A": -8.19,
        "profit_B": 1.15
      }
    },
    "3-Tier": {
      "Flat": {
        "social_welfare": -6.791979322549587,
        "consumer_surplus": -0.09718078968713513,
        "producer_profit": -6.6947985328624515,
        "profit_A": -0.45,
        "profit_B": -6.24
      },
      "2-Tier": {
        "social_welfare": -6.791979322549584,
        "consumer_surplus": 1.4493791455671292,
        "producer_profit": -8.241358468116713,
        "profit_A": -1.07,
        "profit_B": -7.17
      },
      "3-Tier": {
        "social_welfare": -6.791979322549582,
        "consumer_surplus": -6.268086445183144,
        "producer_profit": -0.5238928773664382,
        "profit_A": -0.26,
        "profit_B": -0.26
      },
      "4-Tier": {
        "social_welfare": -6.791979322549584,
        "consumer_surplus": -6.255543626401877,
        "producer_profit": -0.5364356961477065,
        "profit_A": -1.25,
        "profit_B": 0.71
      },
      "5-Tier": {
        "social_welfare": -6.791979322549583,
        "consumer_surplus": -6.206725688831088,
        "producer_profit": -0.5852536337184949,
        "profit_A": -1.34,
        "profit_B": 0.75
      },
      "6-Tier": {
        "social_welfare": -6.791979322549583,
        "consumer_surplus": -6.263190284267041,
        "producer_profit": -0.5287890382825419,
        "profit_A": -1.26,
        "profit_B": 0.73
      },
      "7-Tier": {
        "social_welfare": -6.791979322549584,
        "consumer_surplus": -6.224615342772495,
        "producer_profit": -0.5673639797770893,
        "profit_A": -1.49,
        "profit_B": 0.93
      },
      "8-Tier": {
        "social_welfare": -6.791979322549583,
        "consumer_surplus": -6.162920874112447,
        "producer_profit": -0.6290584484371358,
        "profit_A": -1.39,
        "profit_B": 0.76
      }
    },
    "4-Tier": {
      "Flat": {
        "social_welfare": -6.791979322549583,
        "consumer_surplus": -1.375138858320184,
        "producer_profit": -5.4168404642293995,
        "profit_A": 0.56,
        "profit_B": -5.98
      },
      "2-Tier": {
        "social_welfare": -6.791979322549585,
        "consumer_surplus": -0.09695187443712333,
        "producer_profit": -6.695027448112461,
        "profit_A": 1.01,
        "profit_B": -7.71
      },
      "3-Tier": {
        "social_welfare": -6.791979322549585,
        "consumer_surplus": -6.255543626401878,
        "producer_profit": -0.5364356961477069,
        "profit_A": 0.71,
        "profit_B": -1.25
      },
      "4-Tier": {
        "social_welfare": -6.791979322549584,
        "consumer_surplus": -9.396034323432875,
        "producer_profit": 2.6040550008832914,
        "profit_A": 1.3,
        "profit_B": 1.3
      },
      "5-Tier": {
        "social_welfare": -6.791979322549584,
        "consumer_surplus": -8.590967825417982,
        "producer_profit": 1.798988502868398,
        "profit_A": 0.75,
        "profit_B": 1.05
      },
      "6-Tier": {
        "social_welfare": -6.791979322549585,
        "consumer_surplus": -8.463728283848724,
        "producer_profit": 1.6717489612991387,
        "profit_A": 0.59,
        "profit_B": 1.08
      },
      "7-Tier": {
        "social_welfare": -6.7919793225495875,
        "consumer_surplus": -9.037146834977504,
        "producer_profit": 2.2451675124279165,
        "profit_A": 0.87,
        "profit_B": 1.37
      },
      "8-Tier": {
        "social_welfare": -6.791979322549583,
        "consumer_surplus": -8.60391215475477,
        "producer_profit": 1.8119328322051875,
        "profit_A": 0.59,
        "profit_B": 1.23
      }
    },
    "5-Tier": {
      "Flat": {
        "social_welfare": -6.791979322549586,
        "consumer_surplus": -1.7912423622267226,
        "producer_profit": -5.000736960322863,
        "profit_A": 0.87,
        "profit_B": -5.87
      },
      "2-Tier": {
        "social_welfare": -6.791979322549586,
        "consumer_surplus": 0.4610683021904295,
        "producer_profit": -7.253047624740015,
        "profit_A": 0.75,
        "profit_B": -8.0
      },
      "3-Tier": {
        "social_welfare": -6.791979322549585,
        "consumer_surplus": -6.20672568883109,
        "producer_profit": -0.5852536337184946,
        "profit_A": 0.75,
        "profit_B": -1.34
      },
      "4-Tier": {
        "social_welfare": -6.791979322549585,
        "consumer_surplus": -8.590967825417984,
        "producer_profit": 1.7989885028683985,
        "profit_A": 1.05,
        "profit_B": 0.75
      },
      "5-Tier": {
        "social_welfare": -6.791979322549585,
        "consumer_surplus": -9.09619984586369,
        "producer_profit": 2.3042205233141053,
        "profit_A": 1.15,
        "profit_B": 1.15
      },
      "6-Tier": {
        "social_welfare": -6.791979322549582,
        "consumer_surplus": -8.355332627948371,
        "producer_profit": 1.5633533053987891,
        "profit_A": 0.62,
        "profit_B": 0.94
      },
      "7-Tier": {
        "social_welfare": -6.791979322549585,
        "consumer_surplus": -8.831938945496125,
        "producer_profit": 2.03995962294654,
        "profit_A": 0.88,
        "profit_B": 1.16
      },
      "8-Tier": {
        "social_welfare": -6.791979322549583,
        "consumer_surplus": -8.247353890359186,
        "producer_profit": 1.4553745678096024,
        "profit_A": 0.52,
        "profit_B": 0.93
      }
    },
    "6-Tier": {
      "Flat": {
        "social_welfare": -6.791979322549586,
        "consumer_surplus": -1.5028158895907293,
        "producer_profit": -5.289163432958857,
        "profit_A": 1.01,
        "profit_B": -6.3
      },
      "2-Tier": {
        "social_welfare": -6.791979322549585,
        "consumer_surplus": 0.27280845878254845,
        "producer_profit": -7.064787781332133,
        "profit_A": 1.06,
        "profit_B": -8.12
      },
      "3-Tier": {
        "social_welfare": -6.791979322549582,
        "consumer_surplus": -6.263190284267041,
        "producer_profit": -0.5287890382825412,
        "profit_A": 0.73,
        "profit_B": -1.26
      },
      "4-Tier": {
        "social_welfare": -6.791979322549583,
        "consumer_surplus": -8.463728283848722,
        "producer_profit": 1.671748961299139,
        "profit_A": 1.08,
        "profit_B": 0.59
      },
      "5-Tier": {
        "social_welfare": -6.79197932254958,
        "consumer_surplus": -8.35533262794837,
        "producer_profit": 1.5633533053987891,
        "profit_A": 0.94,
        "profit_B": 0.62
      },
      "6-Tier": {
        "social_welfare": -6.791979322549588,
        "consumer_surplus": -8.856159923961302,
        "producer_profit": 2.064180601411714,
        "profit_A": 1.03,
        "profit_B": 1.03
      },
      "7-Tier": {
        "social_welfare": -6.791979322549583,
        "consumer_surplus": -8.482610634156392,
        "producer_profit": 1.690631311606809,
        "profit_A": 0.76,
        "profit_B": 0.93
      },
      "8-Tier": {
        "social_welfare": -6.791979322549586,
        "consumer_surplus": -8.607786852675993,
        "producer_profit": 1.815807530126407,
        "profit_A": 0.81,
        "profit_B": 1.0
      }
    },
    "7-Tier": {
      "Flat": {
        "social_welfare": -6.791979322549585,
        "consumer_surplus": -1.5916450595986664,
        "producer_profit": -5.200334262950919,
        "profit_A": 0.83,
        "profit_B": -6.03
      },
      "2-Tier": {
        "social_welfare": -6.791979322549583,
        "consumer_surplus": 0.17877829776173443,
        "producer_profit": -6.970757620311318,
        "profit_A": 1.02,
        "profit_B": -7.99
      },
      "3-Tier": {
        "social_welfare": -6.791979322549587,
        "consumer_surplus": -6.224615342772497,
        "producer_profit": -0.5673639797770896,
        "profit_A": 0.93,
        "profit_B": -1.49
      },
      "4-Tier": {
        "social_welfare": -6.791979322549587,
        "consumer_surplus": -9.037146834977504,
        "producer_profit": 2.245167512427917,
        "profit_A": 1.37,
        "profit_B": 0.87
      },
      "5-Tier": {
        "social_welfare": -6.791979322549581,
        "consumer_surplus": -8.831938945496121,
        "producer_profit": 2.03995962294654,
        "profit_A": 1.16,
        "profit_B": 0.88
      },
      "6-Tier": {
        "social_welfare": -6.791979322549585,
        "consumer_surplus": -8.482610634156394,
        "producer_profit": 1.690631311606809,
        "profit_A": 0.93,
        "profit_B": 0.76
      },
      "7-Tier": {
        "social_welfare": -6.791979322549585,
        "consumer_surplus": -9.718599085749156,
        "producer_profit": 2.926619763199571,
        "profit_A": 1.46,
        "profit_B": 1.46
      },
      "8-Tier": {
        "social_welfare": -6.791979322549583,
        "consumer_surplus": -8.605607573724289,
        "producer_profit": 1.8136282511747055,
        "profit_A": 0.89,
        "profit_B": 0.93
      }
    },
    "8-Tier": {
      "Flat": {
        "social_welfare": -6.791979322549587,
        "consumer_surplus": -1.3308161092279276,
        "producer_profit": -5.461163213321659,
        "profit_A": 0.9,
        "profit_B": -6.36
      },
      "2-Tier": {
        "social_welfare": -6.791979322549585,
        "consumer_surplus": 0.25573376727751895,
        "producer_profit": -7.047713089827104,
        "profit_A": 1.15,
        "profit_B": -8.19
      },
      "3-Tier": {
        "social_welfare": -6.791979322549585,
        "consumer_surplus": -6.162920874112449,
        "producer_profit": -0.6290584484371358,
        "profit_A": 0.76,
        "profit_B": -1.39
      },
      "4-Tier": {
        "social_welfare": -6.791979322549582,
        "consumer_surplus": -8.60391215475477,
        "producer_profit": 1.8119328322051877,
        "profit_A": 1.23,
        "profit_B": 0.59
      },
      "5-Tier": {
        "social_welfare": -6.791979322549583,
        "consumer_surplus": -8.247353890359186,
        "producer_profit": 1.4553745678096026,
        "profit_A": 0.93,
        "profit_B": 0.52
      },
      "6-Tier": {
        "social_welfare": -6.791979322549584,
        "consumer_surplus": -8.607786852675991,
        "producer_profit": 1.815807530126407,
        "profit_A": 1.0,
        "profit_B": 0.81
      },
      "7-Tier": {
        "social_welfare": -6.791979322549585,
        "consumer_surplus": -8.60560757372429,
        "producer_profit": 1.8136282511747057,
        "profit_A": 0.93,
        "profit_B": 0.89
      },
      "8-Tier": {
        "social_welfare": -6.791979322549581,
        "consumer_surplus": -8.851273949534807,
        "producer_profit": 2.059294626985226,
        "profit_A": 1.03,
        "profit_B": 1.03
      }
    }
  }
}