{
  "parameters": {
    "P0": 10.044835586654335,
    "gamma": 0.001,
    "beta": 0.3,
    "alpha": 3.93,
    "s0": 0.35,
    "max_tiers": 7
  },
  "welfare_matrix": {
    "Flat": {
      "Flat": {
        "social_welfare": -7.773983699338098,
        "consumer_surplus": -9.648086936157979,
        "producer_profit": 1.8741032368198811,
        "profit_A": 0.94,
        "profit_B": 0.94
      },
      "2-Tier": {
        "social_welfare": -7.7739836993381,
        "consumer_surplus": 5.028024729348573,
        "producer_profit": -12.802008428686673,
        "profit_A": -6.03,
        "profit_B": -6.77
      },
      "3-Tier": {
        "social_welfare": -7.773983699338098,
        "consumer_surplus": -1.3905997728758037,
        "producer_profit": -6.383383926462295,
        "profit_A": -6.04,
        "profit_B": -0.34
      },
      "4-Tier": {
        "social_welfare": -7.7739836993381,
        "consumer_surplus": -2.6669906755110344,
        "producer_profit": -5.106993023827066,
        "profit_A": -5.79,
        "profit_B": 0.68
      },
      "5-Tier": {
        "social_welfare": -7.7739836993381,
        "consumer_surplus": -3.081305964377887,
        "producer_profit": -4.692677734960213,
        "profit_A": -5.69,
        "profit_B": 1.0
      },
      "6-Tier": {
        "social_welfare": -7.7739836993381,
        "consumer_surplus": -2.793554661170471,
        "producer_profit": -4.980429038167628,
        "profit_A": -6.11,
        "profit_B": 1.13
      },
      "7-Tier": {
        "social_welfare": -7.7739836993381,
        "consumer_surplus": -2.879833920389402,
        "producer_profit": -4.894149778948698,
        "profit_A": -5.85,
        "profit_B": 0.95
      }
    },
    "2-Tier": {
      "Flat": {
        "social_welfare": -7.7739836993381,
        "consumer_surplus": 5.028024729348573,
        "producer_profit": -12.802008428686673,
        "profit_A": -6.77,
        "profit_B": -6.03
      },
      "2-Tier": {
        "social_welfare": -7.773983699338098,
        "consumer_surplus": -1.9628820810747971,
        "producer_profit": -5.811101618263301,
        "profit_A": -2.91,
        "profit_B": -2.91
      },
      "3-Tier": {
        "social_welfare": -7.773983699338104,
        "consumer_surplus": 0.11496329883051976,
        "producer_profit": -7.888946998168624,
        "profit_A": -6.98,
        "profit_B": -0.91
      },
      "4-Tier": {
        "social_welfare": -7.7739836993381015,
        "consumer_surplus": -1.43432658386254,
        "producer_profit": -6.339657115475561,
        "profit_A": -7.47,
        "profit_B": 1.13
      },
      "5-Tier": {
        "social_welfare": -7.7739836993381015,
        "consumer_surplus": -0.8786858434945312,
        "producer_profit": -6.8952978558435705,
        "profit_A": -7.76,
        "profit_B": 0.87
      },
      "6-Tier": {
        "social_welfare": -7.7739836993381015,
        "consumer_surplus": -1.066740886828922,
        "producer_profit": -6.707242812509179,
        "profit_A": -7.89,
        "profit_B": 1.18
      },
      "7-Tier": {
        "social_welfare": -7.7739836993381,
        "consumer_surplus": -1.1603033861317802,
        "producer_profit": -6.613680313206319,
        "profit_A": -7.74,
        "profit_B": 1.13
      }
    },
    "3-Tier": {
      "Flat": {
        "social_welfare": -7.773983699338098,
        "consumer_surplus": -1.3905997728758042,
        "producer_profit": -6.383383926462294,
        "profit_A": -0.34,
        "profit_B": -6.04
      },
      "2-Tier": {
        "social_welfare": -7.7739836993381015,
        "consumer_surplus": 0.11496329883052203,
        "producer_profit": -7.888946998168624,
        "profit_A": -0.91,
        "profit_B": -6.98
      },
      "3-Tier": {
        "social_welfare": -7.7739836993381,
        "consumer_surplus": -7.554480767615241,
        "producer_profit": -0.21950293172285956,
        "profit_A": -0.11,
        "profit_B": -0.11
      },
      "4-Tier": {
        "social_welfare": -7.773983699338101,
        "consumer_surplus": -7.53958085438118,
        "producer_profit": -0.23440284495692099,
        "profit_A": -1.07,
        "profit_B": 0.84
      },
      "5-Tier": {
        "social_welfare": -7.773983699338101,
        "consumer_surplus": -7.4935100107327095,
        "producer_profit": -0.2804736886053909,
        "profit_A": -1.15,
        "profit_B": 0.87
      },
      "6-Tier": {
        "social_welfare": -7.773983699338099,
        "consumer_surplus": -7.548386484879429,
        "producer_profit": -0.22559721445866987,
        "profit_A": -1.08,
        "profit_B": 0.86
      },
      "7-Tier": {
        "social_welfare": -7.773983699338098,
        "consumer_surplus": -7.509045166839265,
        "producer_profit": -0.2649385324988336,
        "profit_A": -1.3,
        "profit_B": 1.04
      }
    },
    "4-Tier": {
      "Flat": {
        "social_welfare": -7.7739836993381,
        "consumer_surplus": -2.6669906755110344,
        "producer_profit": -5.106993023827066,
        "profit_A": 0.68,
        "profit_B": -5.79
      },
      "2-Tier": {
        "social_welfare": -7.7739836993381015,
        "consumer_surplus": -1.4343265838625396,
        "producer_profit": -6.339657115475562,
        "profit_A": 1.13,
        "profit_B": -7.47
      },
      "3-Tier": {
        "social_welfare": -7.773983699338099,
        "consumer_surplus": -7.539580854381177,
        "producer_profit": -0.2344028449569212,
        "profit_A": 0.84,
        "profit_B": -1.07
      },
      "4-Tier": {
        "social_welfare": -7.773983699338101,
        "consumer_surplus": -10.680486736804404,
        "producer_profit": 2.9065030374663037,
        "profit_A": 1.45,
        "profit_B": 1.45
      },
      "5-Tier": {
        "social_welfare": -7.7739836993381015,
        "consumer_surplus": -9.878264388909265,
        "producer_profit": 2.1042806895711643,
        "profit_A": 0.92,
        "profit_B": 1.19
      },
      "6-Tier": {
        "social_welfare": -7.7739836993381015,
        "consumer_surplus": -9.746734334461447,
        "producer_profit": 1.972750635123346,
        "profit_A": 0.73,
        "profit_B": 1.25
      },
      "7-Tier": {
        "social_welfare": -7.7739836993381,
        "consumer_surplus": -10.319823627565588,
        "producer_profit": 2.545839928227488,
        "profit_A": 1.04,
        "profit_B": 1.51
      }
    },
    "5-Tier": {
      "Flat": {
        "social_welfare": -7.7739836993381,
        "consumer_surplus": -3.081305964377887,
        "producer_profit": -4.692677734960213,
        "profit_A": 1.0,
        "profit_B": -5.69
      },
      "2-Tier": {
        "social_welfare": -7.7739836993381015,
        "consumer_surplus": -0.8786858434945312,
        "producer_profit": -6.8952978558435705,
        "profit_A": 0.87,
        "profit_B": -7.76
      },
      "3-Tier": {
        "social_welfare": -7.773983699338101,
        "consumer_surplus": -7.4935100107327095,
        "producer_profit": -0.28047368860539146,
        "profit_A": 0.87,
        "profit_B": -1.15
      },
      "4-Tier": {
        "social_welfare": -7.7739836993381015,
        "consumer_surplus": -9.878264388909265,
        "producer_profit": 2.1042806895711643,
        "profit_A": 1.19,
        "profit_B": 0.92
      },
      "5-Tier": {
        "social_welfare": -7.7739836993381,
        "consumer_surplus": -10.377872674157397,
        "producer_profit": 2.603888974819297,
        "profit_A": 1.3,
        "profit_B": 1.3
      },
      "6-Tier": {
        "social_welfare": -7.773983699338099,
        "consumer_surplus": -9.641668245784778,
        "producer_profit": 1.8676845464466794,
        "profit_A": 0.76,
        "profit_B": 1.11
      },
      "7-Tier": {
        "social_welfare": -7.773983699338099,
        "consumer_surplus": -10.118671462871657,
        "producer_profit": 2.3446877635335577,
        "profit_A": 1.04,
        "profit_B": 1.3
      }
    },
    "6-Tier": {
      "Flat": {
        "social_welfare": -7.7739836993381,
        "consumer_surplus": -2.793554661170471,
        "producer_profit": -4.980429038167628,
        "profit_A": 1.13,
        "profit_B": -6.11
      },
      "2-Tier": {
        "social_welfare": -7.7739836993381015,
        "consumer_surplus": -1.066740886828922,
        "producer_profit": -6.707242812509179,
        "profit_A": 1.18,
        "profit_B": -7.89
      },
      "3-Tier": {
        "social_welfare": -7.773983699338101,
        "consumer_surplus": -7.548386484879431,
        "producer_profit": -0.22559721445866976,
        "profit_A": 0.86,
        "profit_B": -1.08
      },
      "4-Tier": {
        "social_welfare": -7.7739836993381,
        "consumer_surplus": -9.746734334461445,
        "producer_profit": 1.972750635123346,
        "profit_A": 1.25,
        "profit_B": 0.73
      },
      "5-Tier": {
        "social_welfare": -7.773983699338099,
        "consumer_surplus": -9.641668245784778,
        "producer_profit": 1.8676845464466796,
        "profit_A": 1.11,
        "profit_B": 0.76
      },
      "6-Tier": {
        "social_welfare": -7.7739836993381,
        "consumer_surplus": -10.138055818869095,
        "producer_profit": 2.364072119530995,
        "profit_A": 1.18,
        "profit_B": 1.18
      },
      "7-Tier": {
        "social_welfare": -7.7739836993381,
        "consumer_surplus": -9.764664319506744,
        "producer_profit": 1.990680620168645,
        "profit_A": 0.94,
        "profit_B": 1.05
      }
    },
    "7-Tier": {
      "Flat": {
        "social_welfare": -7.7739836993381,
        "consumer_surplus": -2.879833920389402,
        "producer_profit": -4.894149778948697,
        "profit_A": 0.95,
        "profit_B": -5.85
      },
      "2-Tier": {
        "social_welfare": -7.7739836993381,
        "consumer_surplus": -1.1603033861317793,
        "producer_profit": -6.613680313206321,
        "profit_A": 1.13,
        "profit_B": -7.74
      },
      "3-Tier": {
        "social_welfare": -7.773983699338098,
        "consumer_surplus": -7.509045166839265,
        "producer_profit": -0.2649385324988336,
        "profit_A": 1.04,
        "profit_B": -1.3
      },
      "4-Tier": {
        "social_welfare": -7.7739836993381,
        "consumer_surplus": -10.319823627565588,
        "producer_profit": 2.5458399282274886,
        "profit_A": 1.51,
        "profit_B": 1.04
      },
      "5-Tier": {
        "social_welfare": -7.773983699338099,
        "consumer_surplus": -10.118671462871657,
        "producer_profit": 2.3446877635335577,
        "profit_A": 1.3,
        "profit_B": 1.04
      },
      "6-Tier": {
        "social_welfare": -7.773983699338098,
        "consumer_surplus": -9.764664319506743,
        "producer_profit": 1.990680620168645,
        "profit_A": 1.05,
        "profit_B": 0.94
      },
      "7-Tier": {
        "social_welfare": -7.773983699338098,
        "consumer_surplus": -10.995662345751715,
        "producer_profit": 3.221678646413617,
        "profit_A": 1.61,
        "profit_B": 1.61
      }
    }
  }
}