{
  "parameters": {
    "P0": 15.962345498483437,
    "gamma": 0.001,
    "beta": 0.3,
    "alpha": 0.43,
    "s0": 0.35,
    "max_tiers": 5
  },
  "welfare_matrix": {
    "Flat": {
      "Flat": {
        "social_welfare": -25.20415280191445,
        "consumer_surplus": -54.747793892429094,
        "producer_profit": 29.543641090514644,
        "profit_A": 14.77,
        "profit_B": 14.77
      },
      "2-Tier": {
        "social_welfare": -25.20415280191445,
        "consumer_surplus": -46.042855824236796,
        "producer_profit": 20.838703022322346,
        "profit_A": 5.95,
        "profit_B": 14.89
      },
      "3-Tier": {
        "social_welfare": -25.20415280191444,
        "consumer_surplus": -45.296857953106816,
        "producer_profit": 20.092705151192376,
        "profit_A": 7.18,
        "profit_B": 12.91
      },
      "4-Tier": {
        "social_welfare": -25.204152801914447,
        "consumer_surplus": -45.6576287662975,
        "producer_profit": 20.453475964383053,
        "profit_A": 6.68,
        "profit_B": 13.77
      },
      "5-Tier": {
        "social_welfare": -25.20415280191444,
        "consumer_surplus": -46.1761115513763,
        "producer_profit": 20.971958749461862,
        "profit_A": 7.35,
        "profit_B": 13.62
      }
    },
    "2-Tier": {
      "Flat": {
        "social_welfare": -25.204152801914447,
        "consumer_surplus": -46.042855824236796,
        "producer_profit": 20.83870302232235,
        "profit_A": 14.89,
        "profit_B": 5.95
      },
      "2-Tier": {
        "social_welfare": -25.20415280191445,
        "consumer_surplus": -49.07816759637442,
        "producer_profit": 23.87401479445997,
        "profit_A": 11.94,
        "profit_B": 11.94
      },
      "3-Tier": {
        "social_welfare": -25.204152801914443,
        "consumer_surplus": -45.303872286630316,
        "producer_profit": 20.099719484715873,
        "profit_A": 9.17,
        "profit_B": 10.93
      },
      "4-Tier": {
        "social_welfare": -25.20415280191445,
        "consumer_surplus": -45.910149888065355,
        "producer_profit": 20.705997086150905,
        "profit_A": 8.88,
        "profit_B": 11.83
      },
      "5-Tier": {
        "social_welfare": -25.20415280191444,
        "consumer_surplus": -46.28195232703507,
        "producer_profit": 21.077799525120632,
        "profit_A": 9.61,
        "profit_B": 11.47
      }
    },
    "3-Tier": {
      "Flat": {
        "social_welfare": -25.204152801914443,
        "consumer_surplus": -45.296857953106816,
        "producer_profit": 20.092705151192373,
        "profit_A": 12.91,
        "profit_B": 7.18
      },
      "2-Tier": {
        "social_welfare": -25.204152801914447,
        "consumer_surplus": -45.303872286630316,
        "producer_profit": 20.09971948471587,
        "profit_A": 10.93,
        "profit_B": 9.17
      },
      "3-Tier": {
        "social_welfare": -25.20415280191444,
        "consumer_surplus": -49.538881081289674,
        "producer_profit": 24.334728279375234,
        "profit_A": 12.17,
        "profit_B": 12.17
      },
      "4-Tier": {
        "social_welfare": -25.204152801914447,
        "consumer_surplus": -47.555901114428785,
        "producer_profit": 22.35174831251434,
        "profit_A": 10.06,
        "profit_B": 12.29
      },
      "5-Tier": {
        "social_welfare": -25.20415280191445,
        "consumer_surplus": -48.59251474410935,
        "producer_profit": 23.3883619421949,
        "profit_A": 11.2,
        "profit_B": 12.18
      }
    },
    "4-Tier": {
      "Flat": {
        "social_welfare": -25.20415280191445,
        "consumer_surplus": -45.6576287662975,
        "producer_profit": 20.45347596438305,
        "profit_A": 13.77,
        "profit_B": 6.68
      },
      "2-Tier": {
        "social_welfare": -25.20415280191445,
        "consumer_surplus": -45.910149888065355,
        "producer_profit": 20.705997086150905,
        "profit_A": 11.83,
        "profit_B": 8.88
      },
      "3-Tier": {
        "social_welfare": -25.204152801914447,
        "consumer_surplus": -47.555901114428785,
        "producer_profit": 22.35174831251434,
        "profit_A": 12.29,
        "profit_B": 10.06
      },
      "4-Tier": {
        "social_welfare": -25.204152801914443,
        "consumer_surplus": -48.4916626081329,
        "producer_profit": 23.287509806218456,
        "profit_A": 11.64,
        "profit_B": 11.64
      },
      "5-Tier": {
        "social_welfare": -25.20415280191444,
        "consumer_surplus": -48.658865907787145,
        "producer_profit": 23.454713105872706,
        "profit_A": 12.35,
        "profit_B": 11.1
      }
    },
    "5-Tier": {
      "Flat": {
        "social_welfare": -25.204152801914447,
        "consumer_surplus": -46.17611155137631,
        "producer_profit": 20.971958749461862,
        "profit_A": 13.62,
        "profit_B": 7.35
      },
      "2-Tier": {
        "social_welfare": -25.20415280191444,
        "consumer_surplus": -46.28195232703507,
        "producer_profit": 21.077799525120632,
        "profit_A": 11.47,
        "profit_B": 9.61
      },
      "3-Tier": {
        "social_welfare": -25.204152801914447,
        "consumer_surplus": -48.59251474410935,
        "producer_profit": 23.388361942194905,
        "profit_A": 12.18,
        "profit_B": 11.2
      },
      "4-Tier": {
        "social_welfare": -25.20415280191444,
        "consumer_surplus": -48.658865907787145,
        "producer_profit": 23.454713105872706,
        "profit_A": 11.1,
        "profit_B": 12.35
      },
      "5-Tier": {
        "social_welfare": -25.20415280191444,
        "consumer_surplus": -50.15690414031563,
        "producer_profit": 24.952751338401193,
        "profit_A": 12.48,
        "profit_B": 12.48
      }
    }
  }
}