{
  "parameters": {
    "P0": 15.962345498483437,
    "gamma": 0.001,
    "beta": 0.3,
    "alpha": 0.43,
    "s0": 0.35,
    "max_tiers": 9
  },
  "welfare_matrix": {
    "Flat": {
      "Flat": {
        "social_welfare": -25.20415280191445,
        "consumer_surplus": -54.747793892429094,
        "producer_profit": 29.543641090514644,
        "profit_A": 14.77,
        "profit_B": 14.77
      },
      "2-Tier": {
        "social_welfare": -25.20415280191445,
        "consumer_surplus": -46.042855824236796,
        "producer_profit": 20.838703022322346,
        "profit_A": 5.95,
        "profit_B": 14.89
      },
      "3-Tier": {
        "social_welfare": -25.20415280191444,
        "consumer_surplus": -45.296857953106816,
        "producer_profit": 20.092705151192376,
        "profit_A": 7.18,
        "profit_B": 12.91
      },
      "4-Tier": {
        "social_welfare": -25.204152801914447,
        "consumer_surplus": -45.6576287662975,
        "producer_profit": 20.453475964383053,
        "profit_A": 6.68,
        "profit_B": 13.77
      },
      "5-Tier": {
        "social_welfare": -25.20415280191444,
        "consumer_surplus": -46.1761115513763,
        "producer_profit": 20.971958749461862,
        "profit_A": 7.35,
        "profit_B": 13.62
      },
      "6-Tier": {
        "social_welfare": -25.204152801914447,
        "consumer_surplus": -45.33764503627337,
        "producer_profit": 20.133492234358926,
        "profit_A": 6.48,
        "profit_B": 13.66
      },
      "7-Tier": {
        "social_welfare": -25.204152801914436,
        "consumer_surplus": -45.88567169607013,
        "producer_profit": 20.681518894155698,
        "profit_A": 6.91,
        "profit_B": 13.77
      },
      "8-Tier": {
        "social_welfare": -25.204152801914454,
        "consumer_surplus": -45.66840712756308,
        "producer_profit": 20.464254325648625,
        "profit_A": 6.69,
        "profit_B": 13.78
      },
      "9-Tier": {
        "social_welfare": -25.204152801914443,
        "consumer_surplus": -45.56645894919806,
        "producer_profit": 20.362306147283615,
        "profit_A": 6.78,
        "profit_B": 13.58
      }
    },
    "2-Tier": {
      "Flat": {
        "social_welfare": -25.204152801914447,
        "consumer_surplus": -46.042855824236796,
        "producer_profit": 20.83870302232235,
        "profit_A": 14.89,
        "profit_B": 5.95
      },
      "2-Tier": {
        "social_welfare": -25.20415280191445,
        "consumer_surplus": -49.07816759637442,
        "producer_profit": 23.87401479445997,
        "profit_A": 11.94,
        "profit_B": 11.94
      },
      "3-Tier": {
        "social_welfare": -25.204152801914443,
        "consumer_surplus": -45.303872286630316,
        "producer_profit": 20.099719484715873,
        "profit_A": 9.17,
        "profit_B": 10.93
      },
      "4-Tier": {
        "social_welfare": -25.20415280191445,
        "consumer_surplus": -45.910149888065355,
        "producer_profit": 20.705997086150905,
        "profit_A": 8.88,
        "profit_B": 11.83
      },
      "5-Tier": {
        "social_welfare": -25.20415280191444,
        "consumer_surplus": -46.28195232703507,
        "producer_profit": 21.077799525120632,
        "profit_A": 9.61,
        "profit_B": 11.47
      },
      "6-Tier": {
        "social_welfare": -25.204152801914432,
        "consumer_surplus": -46.28454681874923,
        "producer_profit": 21.080394016834795,
        "profit_A": 9.31,
        "profit_B": 11.77
      },
      "7-Tier": {
        "social_welfare": -25.204152801914443,
        "consumer_surplus": -45.948897794212385,
        "producer_profit": 20.744744992297942,
        "profit_A": 9.0,
        "profit_B": 11.74
      },
      "8-Tier": {
        "social_welfare": -25.204152801914447,
        "consumer_surplus": -46.05312505776901,
        "producer_profit": 20.848972255854562,
        "profit_A": 9.09,
        "profit_B": 11.76
      },
      "9-Tier": {
        "social_welfare": -25.20415280191444,
        "consumer_surplus": -46.08954453089003,
        "producer_profit": 20.88539172897559,
        "profit_A": 9.21,
        "profit_B": 11.68
      }
    },
    "3-Tier": {
      "Flat": {
        "social_welfare": -25.204152801914443,
        "consumer_surplus": -45.296857953106816,
        "producer_profit": 20.092705151192373,
        "profit_A": 12.91,
        "profit_B": 7.18
      },
      "2-Tier": {
        "social_welfare": -25.204152801914447,
        "consumer_surplus": -45.303872286630316,
        "producer_profit": 20.09971948471587,
        "profit_A": 10.93,
        "profit_B": 9.17
      },
      "3-Tier": {
        "social_welfare": -25.20415280191444,
        "consumer_surplus": -49.538881081289674,
        "producer_profit": 24.334728279375234,
        "profit_A": 12.17,
        "profit_B": 12.17
      },
      "4-Tier": {
        "social_welfare": -25.204152801914447,
        "consumer_surplus": -47.555901114428785,
        "producer_profit": 22.35174831251434,
        "profit_A": 10.06,
        "profit_B": 12.29
      },
      "5-Tier": {
        "social_welfare": -25.20415280191445,
        "consumer_surplus": -48.59251474410935,
        "producer_profit": 23.3883619421949,
        "profit_A": 11.2,
        "profit_B": 12.18
      },
      "6-Tier": {
        "social_welfare": -25.20415280191444,
        "consumer_surplus": -48.53855651845006,
        "producer_profit": 23.33440371653562,
        "profit_A": 10.86,
        "profit_B": 12.48
      },
      "7-Tier": {
        "social_welfare": -25.204152801914447,
        "consumer_surplus": -47.942752715235926,
        "producer_profit": 22.73859991332148,
        "profit_A": 10.4,
        "profit_B": 12.34
      },
      "8-Tier": {
        "social_welfare": -25.204152801914436,
        "consumer_surplus": -48.31308638228956,
        "producer_profit": 23.108933580375126,
        "profit_A": 10.6,
        "profit_B": 12.51
      },
      "9-Tier": {
        "social_welfare": -25.20415280191444,
        "consumer_surplus": -48.57291012203332,
        "producer_profit": 23.36875732011888,
        "profit_A": 10.94,
        "profit_B": 12.43
      }
    },
    "4-Tier": {
      "Flat": {
        "social_welfare": -25.20415280191445,
        "consumer_surplus": -45.6576287662975,
        "producer_profit": 20.45347596438305,
        "profit_A": 13.77,
        "profit_B": 6.68
      },
      "2-Tier": {
        "social_welfare": -25.20415280191445,
        "consumer_surplus": -45.910149888065355,
        "producer_profit": 20.705997086150905,
        "profit_A": 11.83,
        "profit_B": 8.88
      },
      "3-Tier": {
        "social_welfare": -25.204152801914447,
        "consumer_surplus": -47.555901114428785,
        "producer_profit": 22.35174831251434,
        "profit_A": 12.29,
        "profit_B": 10.06
      },
      "4-Tier": {
        "social_welfare": -25.204152801914443,
        "consumer_surplus": -48.4916626081329,
        "producer_profit": 23.287509806218456,
        "profit_A": 11.64,
        "profit_B": 11.64
      },
      "5-Tier": {
        "social_welfare": -25.20415280191444,
        "consumer_surplus": -48.658865907787145,
        "producer_profit": 23.454713105872706,
        "profit_A": 12.35,
        "profit_B": 11.1
      },
      "6-Tier": {
        "social_welfare": -25.20415280191444,
        "consumer_surplus": -48.22117357528524,
        "producer_profit": 23.017020773370803,
        "profit_A": 11.64,
        "profit_B": 11.38
      },
      "7-Tier": {
        "social_welfare": -25.20415280191444,
        "consumer_surplus": -48.492340594367924,
        "producer_profit": 23.288187792453485,
        "profit_A": 11.77,
        "profit_B": 11.51
      },
      "8-Tier": {
        "social_welfare": -25.20415280191444,
        "consumer_surplus": -48.49281523760846,
        "producer_profit": 23.28866243569402,
        "profit_A": 11.72,
        "profit_B": 11.57
      },
      "9-Tier": {
        "social_welfare": -25.204152801914447,
        "consumer_surplus": -48.37654442095222,
        "producer_profit": 23.172391619037775,
        "profit_A": 11.79,
        "profit_B": 11.38
      }
    },
    "5-Tier": {
      "Flat": {
        "social_welfare": -25.204152801914447,
        "consumer_surplus": -46.17611155137631,
        "producer_profit": 20.971958749461862,
        "profit_A": 13.62,
        "profit_B": 7.35
      },
      "2-Tier": {
        "social_welfare": -25.20415280191444,
        "consumer_surplus": -46.28195232703507,
        "producer_profit": 21.077799525120632,
        "profit_A": 11.47,
        "profit_B": 9.61
      },
      "3-Tier": {
        "social_welfare": -25.204152801914447,
        "consumer_surplus": -48.59251474410935,
        "producer_profit": 23.388361942194905,
        "profit_A": 12.18,
        "profit_B": 11.2
      },
      "4-Tier": {
        "social_welfare": -25.20415280191444,
        "consumer_surplus": -48.658865907787145,
        "producer_profit": 23.454713105872706,
        "profit_A": 11.1,
        "profit_B": 12.35
      },
      "5-Tier": {
        "social_welfare": -25.20415280191444,
        "consumer_surplus": -50.15690414031563,
        "producer_profit": 24.952751338401193,
        "profit_A": 12.48,
        "profit_B": 12.48
      },
      "6-Tier": {
        "social_welfare": -25.20415280191444,
        "consumer_surplus": -49.11485930172603,
        "producer_profit": 23.91070649981159,
        "profit_A": 11.45,
        "profit_B": 12.46
      },
      "7-Tier": {
        "social_welfare": -25.204152801914436,
        "consumer_surplus": -49.2688845586203,
        "producer_profit": 24.064731756705864,
        "profit_A": 11.49,
        "profit_B": 12.58
      },
      "8-Tier": {
        "social_welfare": -25.204152801914443,
        "consumer_surplus": -49.15351074091219,
        "producer_profit": 23.949357938997746,
        "profit_A": 11.39,
        "profit_B": 12.56
      },
      "9-Tier": {
        "social_welfare": -25.20415280191444,
        "consumer_surplus": -49.429623885547436,
        "producer_profit": 24.225471083632996,
        "profit_A": 11.67,
        "profit_B": 12.56
      }
    },
    "6-Tier": {
      "Flat": {
        "social_welfare": -25.204152801914447,
        "consumer_surplus": -45.33764503627337,
        "producer_profit": 20.133492234358926,
        "profit_A": 13.66,
        "profit_B": 6.48
      },
      "2-Tier": {
        "social_welfare": -25.204152801914436,
        "consumer_surplus": -46.28454681874923,
        "producer_profit": 21.08039401683479,
        "profit_A": 11.77,
        "profit_B": 9.31
      },
      "3-Tier": {
        "social_welfare": -25.20415280191444,
        "consumer_surplus": -48.53855651845006,
        "producer_profit": 23.33440371653562,
        "profit_A": 12.48,
        "profit_B": 10.86
      },
      "4-Tier": {
        "social_welfare": -25.20415280191444,
        "consumer_surplus": -48.22117357528524,
        "producer_profit": 23.017020773370803,
        "profit_A": 11.38,
        "profit_B": 11.64
      },
      "5-Tier": {
        "social_welfare": -25.20415280191444,
        "consumer_surplus": -49.11485930172603,
        "producer_profit": 23.91070649981159,
        "profit_A": 12.46,
        "profit_B": 11.45
      },
      "6-Tier": {
        "social_welfare": -25.20415280191444,
        "consumer_surplus": -49.01743411931219,
        "producer_profit": 23.813281317397752,
        "profit_A": 11.91,
        "profit_B": 11.91
      },
      "7-Tier": {
        "social_welfare": -25.204152801914432,
        "consumer_surplus": -48.579571230436,
        "producer_profit": 23.37541842852157,
        "profit_A": 11.66,
        "profit_B": 11.72
      },
      "8-Tier": {
        "social_welfare": -25.20415280191444,
        "consumer_surplus": -48.833446539368175,
        "producer_profit": 23.629293737453736,
        "profit_A": 11.74,
        "profit_B": 11.89
      },
      "9-Tier": {
        "social_welfare": -25.204152801914432,
        "consumer_surplus": -48.989567270170745,
        "producer_profit": 23.785414468256313,
        "profit_A": 11.96,
        "profit_B": 11.82
      }
    },
    "7-Tier": {
      "Flat": {
        "social_welfare": -25.204152801914436,
        "consumer_surplus": -45.88567169607013,
        "producer_profit": 20.681518894155698,
        "profit_A": 13.77,
        "profit_B": 6.91
      },
      "2-Tier": {
        "social_welfare": -25.204152801914443,
        "consumer_surplus": -45.948897794212385,
        "producer_profit": 20.744744992297942,
        "profit_A": 11.74,
        "profit_B": 9.0
      },
      "3-Tier": {
        "social_welfare": -25.204152801914443,
        "consumer_surplus": -47.942752715235926,
        "producer_profit": 22.738599913321483,
        "profit_A": 12.34,
        "profit_B": 10.4
      },
      "4-Tier": {
        "social_welfare": -25.20415280191444,
        "consumer_surplus": -48.492340594367924,
        "producer_profit": 23.288187792453485,
        "profit_A": 11.51,
        "profit_B": 11.77
      },
      "5-Tier": {
        "social_welfare": -25.20415280191444,
        "consumer_surplus": -49.2688845586203,
        "producer_profit": 24.06473175670586,
        "profit_A": 12.58,
        "profit_B": 11.49
      },
      "6-Tier": {
        "social_welfare": -25.204152801914432,
        "consumer_surplus": -48.579571230436,
        "producer_profit": 23.37541842852157,
        "profit_A": 11.72,
        "profit_B": 11.66
      },
      "7-Tier": {
        "social_welfare": -25.204152801914432,
        "consumer_surplus": -49.06590818283086,
        "producer_profit": 23.861755380916428,
        "profit_A": 11.93,
        "profit_B": 11.93
      },
      "8-Tier": {
        "social_welfare": -25.204152801914443,
        "consumer_surplus": -48.76300576010108,
        "producer_profit": 23.558852958186637,
        "profit_A": 11.73,
        "profit_B": 11.83
      },
      "9-Tier": {
        "social_welfare": -25.204152801914436,
        "consumer_surplus": -48.98620030683357,
        "producer_profit": 23.78204750491913,
        "profit_A": 12.0,
        "profit_B": 11.78
      }
    },
    "8-Tier": {
      "Flat": {
        "social_welfare": -25.204152801914454,
        "consumer_surplus": -45.66840712756308,
        "producer_profit": 20.464254325648625,
        "profit_A": 13.78,
        "profit_B": 6.69
      },
      "2-Tier": {
        "social_welfare": -25.204152801914447,
        "consumer_surplus": -46.05312505776901,
        "producer_profit": 20.848972255854562,
        "profit_A": 11.76,
        "profit_B": 9.09
      },
      "3-Tier": {
        "social_welfare": -25.204152801914436,
        "consumer_surplus": -48.31308638228956,
        "producer_profit": 23.108933580375126,
        "profit_A": 12.51,
        "profit_B": 10.6
      },
      "4-Tier": {
        "social_welfare": -25.204152801914454,
        "consumer_surplus": -48.492815237608475,
        "producer_profit": 23.28866243569402,
        "profit_A": 11.57,
        "profit_B": 11.72
      },
      "5-Tier": {
        "social_welfare": -25.204152801914443,
        "consumer_surplus": -49.15351074091219,
        "producer_profit": 23.949357938997746,
        "profit_A": 12.56,
        "profit_B": 11.39
      },
      "6-Tier": {
        "social_welfare": -25.204152801914432,
        "consumer_surplus": -48.833446539368175,
        "producer_profit": 23.629293737453743,
        "profit_A": 11.89,
        "profit_B": 11.74
      },
      "7-Tier": {
        "social_welfare": -25.20415280191444,
        "consumer_surplus": -48.76300576010108,
        "producer_profit": 23.55885295818664,
        "profit_A": 11.83,
        "profit_B": 11.73
      },
      "8-Tier": {
        "social_welfare": -25.204152801914436,
        "consumer_surplus": -48.95807945355049,
        "producer_profit": 23.753926651636053,
        "profit_A": 11.88,
        "profit_B": 11.88
      },
      "9-Tier": {
        "social_welfare": -25.204152801914447,
        "consumer_surplus": -48.94911790601465,
        "producer_profit": 23.744965104100203,
        "profit_A": 12.02,
        "profit_B": 11.72
      }
    },
    "9-Tier": {
      "Flat": {
        "social_welfare": -25.204152801914443,
        "consumer_surplus": -45.56645894919806,
        "producer_profit": 20.362306147283615,
        "profit_A": 13.58,
        "profit_B": 6.78
      },
      "2-Tier": {
        "social_welfare": -25.20415280191444,
        "consumer_surplus": -46.08954453089003,
        "producer_profit": 20.88539172897559,
        "profit_A": 11.68,
        "profit_B": 9.21
      },
      "3-Tier": {
        "social_welfare": -25.204152801914436,
        "consumer_surplus": -48.57291012203332,
        "producer_profit": 23.368757320118885,
        "profit_A": 12.43,
        "profit_B": 10.94
      },
      "4-Tier": {
        "social_welfare": -25.204152801914447,
        "consumer_surplus": -48.37654442095222,
        "producer_profit": 23.172391619037775,
        "profit_A": 11.38,
        "profit_B": 11.79
      },
      "5-Tier": {
        "social_welfare": -25.20415280191444,
        "consumer_surplus": -49.429623885547436,
        "producer_profit": 24.225471083632996,
        "profit_A": 12.56,
        "profit_B": 11.67
      },
      "6-Tier": {
        "social_welfare": -25.204152801914436,
        "consumer_surplus": -48.989567270170745,
        "producer_profit": 23.78541446825631,
        "profit_A": 11.82,
        "profit_B": 11.96
      },
      "7-Tier": {
        "social_welfare": -25.20415280191444,
        "consumer_surplus": -48.98620030683357,
        "producer_profit": 23.782047504919127,
        "profit_A": 11.78,
        "profit_B": 12.0
      },
      "8-Tier": {
        "social_welfare": -25.204152801914447,
        "consumer_surplus": -48.94911790601465,
        "producer_profit": 23.744965104100203,
        "profit_A": 11.72,
        "profit_B": 12.02
      },
      "9-Tier": {
        "social_welfare": -25.204152801914443,
        "consumer_surplus": -49.34547758103906,
        "producer_profit": 24.14132477912462,
        "profit_A": 12.07,
        "profit_B": 12.07
      }
    }
  }
}