{
  "parameters": {
    "P0": 10.150813481784969,
    "gamma": 0.001,
    "beta": 0.3,
    "alpha": 3.43,
    "s0": 0.35,
    "max_tiers": 5
  },
  "strategies": {
    "Flat": {
      "n_tiers": 1,
      "avg_price": 8.395663706937384,
      "min_price": 8.395663706937382,
      "max_price": 8.395663706937382
    },
    "2-Tier": {
      "n_tiers": 2,
      "avg_price": 8.436073749110687,
      "min_price": 2.4726348649209124,
      "max_price": 14.473823398212483
    },
    "3-Tier": {
      "n_tiers": 3,
      "avg_price": 9.150089430311727,
      "min_price": 1.8826798850273918,
      "max_price": 14.474111094282186
    },
    "4-Tier": {
      "n_tiers": 4,
      "avg_price": 10.431687027535565,
      "min_price": 1.8775606850953137,
      "max_price": 16.538061913388344
    },
    "5-Tier": {
      "n_tiers": 5,
      "avg_price": 9.760694813885875,
      "min_price": 1.8775422232004488,
      "max_price": 17.21594280554203
    }
  },
  "nash_equilibria": [
    {
      "strategy_A": "4-Tier",
      "strategy_B": "4-Tier",
      "profit_A": 1.65,
      "profit_B": 1.65,
      "total_profit": 3.3
    },
    {
      "strategy_A": "5-Tier",
      "strategy_B": "5-Tier",
      "profit_A": 1.5,
      "profit_B": 1.5,
      "total_profit": 3.0
    }
  ],
  "welfare": {
    "max_total_welfare": {
      "strategy": [
        "4-Tier",
        "3-Tier"
      ],
      "consumer_surplus": -9.081104288701198,
      "producer_surplus": 0.15636157817884,
      "total_welfare": -8.924742710522358,
      "efficiency": -0.46706004772964127
    },
    "max_consumer_surplus": {
      "strategy": [
        "2-Tier",
        "Flat"
      ],
      "consumer_surplus": 3.3752276652747506,
      "producer_surplus": -12.299970375797113,
      "total_welfare": -8.924742710522363
    },
    "max_producer_surplus": {
      "strategy": [
        "4-Tier",
        "4-Tier"
      ],
      "consumer_surplus": -12.222875066961441,
      "producer_surplus": 3.2981323564390785,
      "total_welfare": -8.924742710522363
    }
  }
}