,Flat,2-Tier,3-Tier,4-Tier,5-Tier,6-Tier,7-Tier
Flat,"(np.float64(14.77), np.float64(14.77))","(np.float64(5.95), np.float64(14.89))","(np.float64(7.18), np.float64(12.91))","(np.float64(6.68), np.float64(13.77))","(np.float64(7.35), np.float64(13.62))","(np.float64(6.48), np.float64(13.66))","(np.float64(6.91), np.float64(13.77))"
2-Tier,"(np.float64(14.89), np.float64(5.95))","(np.float64(11.94), np.float64(11.94))","(np.float64(9.17), np.float64(10.93))","(np.float64(8.88), np.float64(11.83))","(np.float64(9.61), np.float64(11.47))","(np.float64(9.31), np.float64(11.77))","(np.float64(9.0), np.float64(11.74))"
3-Tier,"(np.float64(12.91), np.float64(7.18))","(np.float64(10.93), np.float64(9.17))","(np.float64(12.17), np.float64(12.17))","(np.float64(10.06), np.float64(12.29))","(np.float64(11.2), np.float64(12.18))","(np.float64(10.86), np.float64(12.48))","(np.float64(10.4), np.float64(12.34))"
4-Tier,"(np.float64(13.77), np.float64(6.68))","(np.float64(11.83), np.float64(8.88))","(np.float64(12.29), np.float64(10.06))","(np.float64(11.64), np.float64(11.64))","(np.float64(12.35), np.float64(11.1))","(np.float64(11.64), np.float64(11.38))","(np.float64(11.77), np.float64(11.51))"
5-Tier,"(np.float64(13.62), np.float64(7.35))","(np.float64(11.47), np.float64(9.61))","(np.float64(12.18), np.float64(11.2))","(np.float64(11.1), np.float64(12.35))","(np.float64(12.48), np.float64(12.48))","(np.float64(11.45), np.float64(12.46))","(np.float64(11.49), np.float64(12.58))"
6-Tier,"(np.float64(13.66), np.float64(6.48))","(np.float64(11.77), np.float64(9.31))","(np.float64(12.48), np.float64(10.86))","(np.float64(11.38), np.float64(11.64))","(np.float64(12.46), np.float64(11.45))","(np.float64(11.91), np.float64(11.91))","(np.float64(11.66), np.float64(11.72))"
7-Tier,"(np.float64(13.77), np.float64(6.91))","(np.float64(11.74), np.float64(9.0))","(np.float64(12.34), np.float64(10.4))","(np.float64(11.51), np.float64(11.77))","(np.float64(12.58), np.float64(11.49))","(np.float64(11.72), np.float64(11.66))","(np.float64(11.93), np.float64(11.93))"
